domain,key,en,ko,aliases
tree_dn,10011,Damage vs Blinded,피해 상대 실명,
tree_dn,10029,Repulsion,밀쳐내기,
tree_dn,10041,Ailment Threshold and Companion Resistance,상태 이상 한계값 및 동료 저항,
tree_dn,10047,Stun Buildup,기절 누적,
tree_dn,10053,Combat Alchemy,전투 연금술,
tree_dn,10055,Minion Life and Chaos Resistance,소환수 생명력 및 카오스 저항,
tree_dn,10058,Chaos Mastery,카오스 숙련,
tree_dn,10072,Block Chance,막기 확률,
tree_dn,10079,Energy Shield Recharge,에너지 보호막 재충전,
tree_dn,10100,Attribute,능력치,
tree_dn,10131,Attribute,능력치,
tree_dn,10156,Attribute,능력치,
tree_dn,10159,Mana Regeneration,마나 재생,
tree_dn,10162,Power Charge Mastery,권능 충전 숙련,
tree_dn,1019,Armour and Evasion,방어도 및 회피,
tree_dn,10192,Elemental Damage,원소 피해,
tree_dn,1020,Quiver Effect,화살통 효과,
tree_dn,10208,Stun and Ailment Threshold from Energy Shield,기절 및 상태 이상 한계값에서 에너지 보호막,
tree_dn,10242,Life Recoup,생명력 회생,
tree_dn,10245,Attack Mastery,공격 숙련,
tree_dn,10247,Attribute,능력치,
tree_dn,10251,Stun Buildup,기절 누적,
tree_dn,10260,Channelling Damage,집중 유지 피해,
tree_dn,10265,Javelin,투창,
tree_dn,10267,Attack Cold Damage and Freeze Buildup,공격 냉기 피해 및 동결 누적,
tree_dn,10271,Attack Damage while Surrounded,공격 피해 동안 포위,
tree_dn,10273,All Attributes,모든 능력치,
tree_dn,10277,Accuracy,정확도,
tree_dn,10286,Armour Break and Armour,방어도 파괴 및 방어도,
tree_dn,10295,Overzealous,과열된,
tree_dn,10305,Attack Damage with Ally,공격 피해 보유 동료,
tree_dn,10314,Mana Regeneration,마나 재생,
tree_dn,10315,Easy Going,Easy Going,
tree_dn,10320,Minion Life,소환수 생명력,
tree_dn,10362,Armour,방어도,
tree_dn,10364,Skill Speed,Skill 속도,
tree_dn,10371,Whoever Pays Best,Whoever Pays Best,
tree_dn,10372,Stun Threshold,기절 한계값,
tree_dn,10382,Attribute,능력치,
tree_dn,10398,Sudden Escalation,Sudden Escalation,
tree_dn,10423,Exposed to the Inferno,Exposed에 the Inferno,
tree_dn,10429,Trap Mastery,덫 숙련,
tree_dn,10452,Armour and Energy Shield,방어도 및 에너지 보호막,
tree_dn,10472,Mana Flask Recovery,마나 플라스크 Recovery,
tree_dn,10474,Attack Area,공격 범위,
tree_dn,10484,Maximum Rage,최대 격노,
tree_dn,10495,Mana Mastery,마나 숙련,
tree_dn,10499,Necromantic Ward,Necromantic Ward,
tree_dn,10500,Dazing Blocks,Dazing Blocks,
tree_dn,10508,Shield Attack Speed,방패 공격 속도,
tree_dn,10534,Totem Cast and Attack Speed,토템 시전 및 공격 속도,
tree_dn,10552,Stun Threshold from Energy Shield,기절 한계값에서 에너지 보호막,
tree_dn,10561,Navira's Fracturing,Navira's Fracturing,
tree_dn,10571,Stun Threshold,기절 한계값,
tree_dn,10576,Bleeding Damage,출혈 피해,
tree_dn,10602,Reaving,Reaving,
tree_dn,10612,Embodiment of Frost,Embodiment의 서리,
tree_dn,10635,Armour and Energy Shield,방어도 및 에너지 보호막,
tree_dn,10636,Block Chance,막기 확률,
tree_dn,10648,Projectile Damage,투사체 피해,
tree_dn,10671,Attack Damage,공격 피해,
tree_dn,10677,Stun Threshold if not Stunned recently,기절 한계값 if not Stunned recently,
tree_dn,10681,Defensive Stance,Defensive Stance,
tree_dn,10694,Seething Body,Seething Body,
tree_dn,10713,Armour,방어도,
tree_dn,10727,Emboldening Casts,Emboldening Casts,
tree_dn,10729,Energy Shield Mastery,에너지 보호막 숙련,
tree_dn,1073,Ignite Magnitude and Poison Magnitude,점화 Magnitude 및 독 Magnitude,
tree_dn,10731,Quicksand Hourglass,Quicksand Hourglass,
tree_dn,10738,Mana Mastery,마나 숙련,
tree_dn,10742,Minion Attack and Cast Speed,소환수 공격 및 시전 속도,
tree_dn,10772,Bloodthirsty,Bloodthirsty,
tree_dn,10774,Unyielding,Unyielding,
tree_dn,10783,Sword Damage,Sword 피해,
tree_dn,10830,Armour,방어도,
tree_dn,10835,Banner Duration,깃발 지속시간,
tree_dn,10841,Caster Mastery,시전자 숙련,
tree_dn,1087,Shockwaves,Shockwaves,
tree_dn,10873,Bestial Rage,Bestial 격노,
tree_dn,10881,Focus Energy Shield,집중구 에너지 보호막,
tree_dn,10909,Attribute,능력치,
tree_dn,1091,Chill Effect on You,냉각 효과 시 You,
tree_dn,10927,Pin Duration,Pin 지속시간,
tree_dn,10944,Evasion and Energy Shield,회피 및 에너지 보호막,
tree_dn,10987,Now and Again,Now 및 Again,
tree_dn,10998,Strong Chin,Strong Chin,
tree_dn,110,Internal Layer,Internal Layer,
tree_dn,11014,Totem Mastery,토템 숙련,
tree_dn,11015,Hazard Damage,Hazard 피해,
tree_dn,11027,Endurance Charge Duration and Armour,인내 충전 지속시간 및 방어도,
tree_dn,11030,Energy Shield Delay,에너지 보호막 Delay,
tree_dn,11032,Evasion and Energy Shield Mastery,회피 및 에너지 보호막 숙련,
tree_dn,11037,Volatile Catalyst,Volatile Catalyst,
tree_dn,1104,Lust for Power,욕망 동안 권능,
tree_dn,11048,Minion Damage and Duration,소환수 피해 및 지속시간,
tree_dn,11066,Cooldown Recovery Rate,Cooldown Recovery Rate,
tree_dn,11087,Channelling Damage,집중 유지 피해,
tree_dn,11094,Charm Effect,참 효과,
tree_dn,11153,Attack Speed and Accuracy,공격 속도 및 정확도,
tree_dn,11160,Relinquish Your Life,Relinquish Your 생명력,
tree_dn,11178,Whirling Onslaught,Whirling Onslaught,
tree_dn,11230,Ritual Cadence,Ritual Cadence,
tree_dn,11248,Attribute,능력치,
tree_dn,11252,Attack Area,공격 범위,
tree_dn,11257,Evasion while Surrounded,회피 동안 포위,
tree_dn,11275,Fire Penetration,화염 Penetration,
tree_dn,11284,Infusion Duration,Infusion 지속시간,
tree_dn,11292,Totem Placement Speed,토템 Placement 속도,
tree_dn,1130,Flail Damage,도리깨 피해,
tree_dn,11306,Axe Rage on Hit,Axe 격노 시 명중,
tree_dn,11311,Armour and Evasion,방어도 및 회피,
tree_dn,11315,Lightning Damage,번개 피해,
tree_dn,11329,Life Regeneration,생명력 재생,
tree_dn,11330,Debuff Expiry Rate,Debuff Expiry Rate,
tree_dn,11335,Passive Point,Passive Point,
tree_dn,11337,Chill Magnitude,냉각 Magnitude,
tree_dn,11366,Volcanic Skin,Volcanic Skin,
tree_dn,11376,Necrotic Touch,Necrotic Touch,
tree_dn,11392,Molten Being,Molten Being,
tree_dn,1140,Attribute,능력치,
tree_dn,11428,Exhaust All Power,Exhaust 모든 권능,
tree_dn,1143,Spell Critical Damage,주문 치명타 피해,
tree_dn,11433,Fire Damage,화염 피해,
tree_dn,1144,Accuracy,정확도,
tree_dn,11463,Presence Area,Presence 범위,
tree_dn,11464,Movement Speed,이동 속도,
tree_dn,11472,Evasion if Consumed Frenzy Charge,회피 if Consumed 격분 충전,
tree_dn,11504,Attack Speed and Dexterity,공격 속도 및 Dexterity,
tree_dn,11505,Fire Mastery,화염 숙련,
tree_dn,11509,Critical Chance,치명타 확률,
tree_dn,1151,Freeze Buildup,동결 누적,
tree_dn,11525,Flammability and Ignite Magnitude,Flammability 및 점화 Magnitude,
tree_dn,11526,Sniper,Sniper,
tree_dn,11572,Arcane Surge Effect and Life Regeneration,Arcane Surge 효과 및 생명력 재생,
tree_dn,11578,Spreading Shocks,Spreading Shocks,
tree_dn,11580,Life Regeneration Rate,생명력 재생 Rate,
tree_dn,11598,Quarterstaff Speed,육척봉 속도,
tree_dn,116,Insightfulness,Insightfulness,
tree_dn,11604,Attribute,능력치,
tree_dn,11641,Crystalline Potential,Crystalline Potential,
tree_dn,11656,Rage when Hit,격노 when 명중,
tree_dn,11666,Reduced Movement Penalty,감소 이동 Penalty,
tree_dn,11667,Immobilisation Buildup,Immobilisation 누적,
tree_dn,11672,Attribute,능력치,
tree_dn,11679,Attribute,능력치,
tree_dn,1169,Urgent Call,Urgent 부름,
tree_dn,1170,Area Damage,범위 피해,
tree_dn,11722,Seal Generation Frequency,Seal Generation Frequency,
tree_dn,11736,Lightning Damage,번개 피해,
tree_dn,11741,Attribute,능력치,
tree_dn,11752,Banner Duration,깃발 지속시간,
tree_dn,11764,Debuff Expiry,Debuff Expiry,
tree_dn,11771,Skill Speed,Skill 속도,
tree_dn,11774,The Spring Hare,The Spring Hare,
tree_dn,11776,Physical Damage,물리 피해,
tree_dn,11786,Armour,방어도,
tree_dn,11788,Spell Area Damage,주문 범위 피해,
tree_dn,11813,Evasion,회피,
tree_dn,11825,Attribute,능력치,
tree_dn,11826,Heavy Ammunition,Heavy Ammunition,
tree_dn,11836,Critical vs Blinded,치명타 상대 실명,
tree_dn,11838,Dreamcatcher,Dreamcatcher,
tree_dn,11855,Accuracy,정확도,
tree_dn,11861,Strength and Spell Damage,Strength 및 주문 피해,
tree_dn,11871,Blind Chance,Blind 확률,
tree_dn,11873,Lightning Damage and Mana Regeneration,번개 피해 및 마나 재생,
tree_dn,11882,Ailment Chance,상태 이상 확률,
tree_dn,11886,Mauling Stuns,Mauling Stuns,
tree_dn,11916,Life Regeneration,생명력 재생,
tree_dn,11938,Mana Regeneration,마나 재생,
tree_dn,11980,Block,막기,
tree_dn,11984,Physical Damage,물리 피해,
tree_dn,1200,Attribute,능력치,
tree_dn,12000,Mysterious Lineage,Mysterious Lineage,
tree_dn,12005,Shapeshifting Mastery,Shapeshifting 숙련,
tree_dn,12033,Endless Munitions,Endless Munitions,
tree_dn,1205,Poison Mastery,독 숙련,
tree_dn,12054,Totem Damage,토템 피해,
tree_dn,12066,Aura Magnitude,오라 Magnitude,
tree_dn,1207,Attribute,능력치,
tree_dn,12078,Projectile Damage,투사체 피해,
tree_dn,12116,Parry Area,Parry 범위,
tree_dn,12120,Slow Effect on You,Slow 효과 시 You,
tree_dn,12125,Life Mastery,생명력 숙련,
tree_dn,1214,Block and Shield Defences,막기 및 방패 Defences,
tree_dn,1215,Evasion and Energy Shield Mastery,회피 및 에너지 보호막 숙련,
tree_dn,12166,Cast Speed with Cold Skills,시전 속도 보유 냉기 Skills,
tree_dn,12169,Physical Mastery,물리 숙련,
tree_dn,12174,Ailment Magnitude,상태 이상 Magnitude,
tree_dn,1218,Minion Life,소환수 생명력,
tree_dn,12183,Passive Points,Passive Points,
tree_dn,12189,Plant Skill Damage,Plant Skill 피해,
tree_dn,1220,Minion Offence Mastery,소환수 Offence 숙련,
tree_dn,12208,Life Flasks,생명력 Flasks,
tree_dn,12232,Channelling Damage and Defences,집중 유지 피해 및 Defences,
tree_dn,12239,Physical Mastery,물리 숙련,
tree_dn,12245,Arsonist,Arsonist,
tree_dn,12249,Evasion and Energy Shield,회피 및 에너지 보호막,
tree_dn,12253,Attribute,능력치,
tree_dn,12255,Life Flasks,생명력 Flasks,
tree_dn,12276,Mace Aftershock Chance,Mace 여진 확률,
tree_dn,12311,Crossbow Reload Speed,쇠뇌 Reload 속도,
tree_dn,12322,Flask and Charm Charges Gained,플라스크 및 참 충전 획득,
tree_dn,12324,Infusion Chance,Infusion 확률,
tree_dn,12329,Hazard Damage,Hazard 피해,
tree_dn,12337,Flash Storm,Flash 폭풍,
tree_dn,12367,Chaos Damage,카오스 피해,
tree_dn,12382,Life Mastery,생명력 숙련,
tree_dn,12412,Temporal Mastery,Temporal 숙련,
tree_dn,12418,Empowered Attack Damage,Empowered 공격 피해,
tree_dn,12419,Chaos Damage and Duration,카오스 피해 및 지속시간,
tree_dn,12430,Melee Damage,근접 피해,
tree_dn,12451,Cooldown Recovery Rate,Cooldown Recovery Rate,
tree_dn,12462,Aura Effect,오라 효과,
tree_dn,12465,Armour Break,방어도 파괴,
tree_dn,12471,Attack Elemental Damage,공격 원소 피해,
tree_dn,12488,Remnant Range,Remnant Range,
tree_dn,12498,Quiver Effect,화살통 효과,
tree_dn,12526,Ailment Threshold,상태 이상 한계값,
tree_dn,12565,Thorns and Block,Thorns 및 막기,
tree_dn,12601,Gain Maximum Endurance Charges on Gaining Endurance Charge,획득 최대 인내 충전 시 Gaining 인내 충전,
tree_dn,12610,Energy,에너지,
tree_dn,12611,Harness the Elements,Harness the Elements,
tree_dn,12661,Asceticism,Asceticism,
tree_dn,12683,Power of the Storm,권능의 the 폭풍,
tree_dn,12750,Vale Shelter,Vale Shelter,
tree_dn,12751,One Handed Critical Chance,One Handed 치명타 확률,
tree_dn,12761,Evasion and Energy Shield,회피 및 에너지 보호막,
tree_dn,12777,Armour and Energy Shield,방어도 및 에너지 보호막,
tree_dn,12778,Spell Critical Chance,주문 치명타 확률,
tree_dn,12786,Aura Mastery,오라 숙련,
tree_dn,12795,Path of the Sorceress,Path의 the Sorceress,
tree_dn,12800,Evasion while Sprinting,회피 동안 Sprinting,
tree_dn,12817,Shield Defences,방패 Defences,
tree_dn,12821,Banner Glory Gained,깃발 Glory 획득,
tree_dn,12822,Adaptable Assault,Adaptable Assault,
tree_dn,12851,Physical Damage,물리 피해,
tree_dn,1286,Thorns,Thorns,
tree_dn,12876,Faith is a Choice,Faith is a Choice,
tree_dn,12882,Tempest Caller,Tempest Caller,
tree_dn,12890,Attribute,능력치,
tree_dn,12906,Sitting Duck,Sitting Duck,
tree_dn,12918,Energy Shield Recharge,에너지 보호막 재충전,
tree_dn,12925,Shock Chance,감전 확률,
tree_dn,12940,Cower Before the First Ones,Cower Before the First Ones,
tree_dn,12964,Lone Warrior,Lone 전사,
tree_dn,12992,Lightning Penetration,번개 Penetration,
tree_dn,12998,Warm the Heart,Warm the Heart,
tree_dn,13030,Faster Ailments,Faster 상태 이상,
tree_dn,13065,Triggered Spell Damage,Triggered 주문 피해,
tree_dn,13075,Strength,Strength,
tree_dn,13081,Projectile Damage,투사체 피해,
tree_dn,13108,Ally Attack and Cast Speed,동료 공격 및 시전 속도,
tree_dn,13157,Life Flasks,생명력 Flasks,
tree_dn,13171,Totem Physical Damage Reduction,토템 물리 피해 Reduction,
tree_dn,13174,Pyromantic Pact,Pyromantic Pact,
tree_dn,13228,Gain Maximum Power Charges on Gaining Power Charge,획득 최대 권능 충전 시 Gaining 권능 충전,
tree_dn,13233,Radial Force,Radial Force,
tree_dn,13241,Attribute,능력치,
tree_dn,13279,Attribute,능력치,
tree_dn,13289,Barya of Kelari,Barya의 Kelari,
tree_dn,13293,Armour,방어도,
tree_dn,13294,Duration,지속시간,
tree_dn,13307,Stun and Ailment Threshold from Energy Shield,기절 및 상태 이상 한계값에서 에너지 보호막,
tree_dn,13333,Cold Damage,냉기 피해,
tree_dn,13341,Frenzy Charge Duration,격분 충전 지속시간,
tree_dn,13352,Glory Generation and Attack Damage,Glory Generation 및 공격 피해,
tree_dn,13356,One Handed Damage,One Handed 피해,
tree_dn,13359,Cold Damage and Energy Shield Recharge Rate,냉기 피해 및 에너지 보호막 재충전 Rate,
tree_dn,13367,Accuracy,정확도,
tree_dn,13379,Stun Threshold during Parry,기절 한계값 during Parry,
tree_dn,13387,Elemental Mastery,원소 숙련,
tree_dn,13397,Attribute,능력치,
tree_dn,13407,Heartbreaking,Heartbreaking,
tree_dn,13411,Attribute,능력치,
tree_dn,13419,Critical Damage,치명타 피해,
tree_dn,13425,Bleeding Duration,출혈 지속시간,
tree_dn,13457,Shadow Dancing,Shadow Dancing,
tree_dn,13468,Give Up Your Essence,Give Up Your Essence,
tree_dn,1347,Skill Speed,Skill 속도,
tree_dn,13474,One Handed Damage,One Handed 피해,
tree_dn,13482,Punctured Lung,Punctured Lung,
tree_dn,13500,Mana Recoup,마나 회생,
tree_dn,13505,Resilient Soul,Resilient Soul,
tree_dn,13515,Stormwalker,Stormwalker,
tree_dn,1352,Unbending,Unbending,
tree_dn,13524,Everlasting Glory,Everlasting Glory,
tree_dn,13537,Energy Shield,에너지 보호막,
tree_dn,13542,Loose Flesh,Loose Flesh,
tree_dn,13562,Life Regeneration on Low Life,생명력 재생 시 Low 생명력,
tree_dn,13576,Lightning Skill Speed,번개 Skill 속도,
tree_dn,13610,Faster Ignites and Flammability Magnitude,Faster Ignites 및 Flammability Magnitude,
tree_dn,13619,Life Flask Charges,생명력 플라스크 충전,
tree_dn,13624,Mark Duration,징표 지속시간,
tree_dn,13634,Offering Duration,공물 지속시간,
tree_dn,13673,Chill Duration,냉각 지속시간,
tree_dn,13691,Totem Mastery,토템 숙련,
tree_dn,13701,Freeze and Chill Resistance,동결 및 냉각 저항,
tree_dn,13708,Curved Weapon,Curved 무기,
tree_dn,13711,Evasion and Energy Shield,회피 및 에너지 보호막,
tree_dn,13715,Stun Buildup,기절 누적,
tree_dn,13724,Deadly Force,Deadly Force,
tree_dn,13738,Lightning Quick,번개 Quick,
tree_dn,13748,Elemental Damage,원소 피해,
tree_dn,13769,Mana Regeneration,마나 재생,
tree_dn,13772,Flowing Metal,Flowing Metal,
tree_dn,13777,Power Charge Duration and Energy Shield,권능 충전 지속시간 및 에너지 보호막,
tree_dn,13783,Ailment Chance,상태 이상 확률,
tree_dn,13799,Attack Damage and Slow Effect,공격 피해 및 Slow 효과,
tree_dn,13823,Controlling Magic,Controlling Magic,
tree_dn,13828,Evasion,회피,
tree_dn,13839,Totem Damage,토템 피해,
tree_dn,13845,Rage on Hit,격노 시 명중,
tree_dn,13855,Armour and Energy Shield,방어도 및 에너지 보호막,
tree_dn,13856,Ailment Effect,상태 이상 효과,
tree_dn,13862,Mana Mastery,마나 숙련,
tree_dn,13882,Infusion Mastery,Infusion 숙련,
tree_dn,13893,Fire Penetration and Stun Buildup,화염 Penetration 및 기절 누적,
tree_dn,13895,Precise Point,Precise Point,
tree_dn,13909,Remnant Pickup Range,Remnant Pickup Range,
tree_dn,13937,Mace Damage,Mace 피해,
tree_dn,13942,Armour,방어도,
tree_dn,13950,Reduced Movement Penalty,감소 이동 Penalty,
tree_dn,13980,Split the Earth,Split the Earth,
tree_dn,13987,Melee Attack Speed,근접 공격 속도,
tree_dn,14001,Charm Charges Used,참 충전 Used,
tree_dn,14026,Shapeshifted Damage against Immobilised,Shapeshifted 피해 against Immobilised,
tree_dn,14033,Spell and Minion Damage,주문 및 소환수 피해,
tree_dn,14045,Projectile Damage,투사체 피해,
tree_dn,14048,Mana Regeneration while not on Low Mana,마나 재생 동안 not 시 Low 마나,
tree_dn,14082,Physical Damage,물리 피해,
tree_dn,14091,Armour Break and Physical Damage,방어도 파괴 및 물리 피해,
tree_dn,14096,Cast Speed,시전 속도,
tree_dn,14110,Totem Damage,토템 피해,
tree_dn,14113,Caster Mastery,시전자 숙련,
tree_dn,14127,Reduced Duration,감소 지속시간,
tree_dn,14131,Ruzhan's Fury,Ruzhan's Fury,
tree_dn,1416,Attack Mastery,공격 숙련,
tree_dn,14176,Later Rage Loss Start,Later 격노 Loss Start,
tree_dn,1420,Dizzying Sweep,Dizzying Sweep,
tree_dn,14205,Rage on Ignite,격노 시 점화,
tree_dn,14211,Shredding Contraptions,Shredding Contraptions,
tree_dn,14226,Dance with Death,Dance 보유 Death,
tree_dn,14231,Triggered Spell Damage,Triggered 주문 피해,
tree_dn,14254,Attack Speed,공격 속도,
tree_dn,14262,Attribute,능력치,
tree_dn,14267,Attribute,능력치,
tree_dn,14272,Spell Suppression Mastery,주문 Suppression 숙련,
tree_dn,14294,Sacrificial Blood,Sacrificial 피,
tree_dn,14324,Arcane Blossom,Arcane Blossom,
tree_dn,14328,Energy Shield and Armour applies to Elemental Damage Hits,에너지 보호막 및 방어도 applies에 원소 피해 명중,
tree_dn,1433,Attribute,능력치,
tree_dn,14340,Attribute,능력치,
tree_dn,14342,Armour and Energy Shield,방어도 및 에너지 보호막,
tree_dn,14343,Deterioration,Deterioration,
tree_dn,14355,Spell Area Damage,주문 범위 피해,
tree_dn,14363,Lightning Penetration,번개 Penetration,
tree_dn,14383,Suffusion,Suffusion,
tree_dn,144,Elemental Damage and Freeze Buildup,원소 피해 및 동결 누적,
tree_dn,14418,Evasion,회피,
tree_dn,1442,Attributes,능력치,
tree_dn,14428,Intelligence,지능,
tree_dn,14429,Advanced Thaumaturgy,Advanced Thaumaturgy,
tree_dn,14432,Lunar Boon,Lunar 은혜,
tree_dn,14439,Armour and Energy Shield,방어도 및 에너지 보호막,
tree_dn,14446,Attribute,능력치,
tree_dn,14459,Thorn Critical Damage,Thorn 치명타 피해,
tree_dn,1447,Minion Damage,소환수 피해,
tree_dn,14505,Minion Offence Mastery,소환수 Offence 숙련,
tree_dn,14508,Poison Effect,독 효과,
tree_dn,14509,Rage on Melee Hit,격노 시 근접 명중,
tree_dn,14511,Melee and Stun,근접 및 기절,
tree_dn,14515,Jagged Ground Effect,Jagged Ground 효과,
tree_dn,14539,Deflection and Evasion,Deflection 및 회피,
tree_dn,14540,Unwavering Stance,Unwavering Stance,
tree_dn,14548,Minion Life,소환수 생명력,
tree_dn,14572,Cooldown Recovery Rate,Cooldown Recovery Rate,
tree_dn,14575,Minion Lightning Resistance,소환수 번개 저항,
tree_dn,1459,Mana Regeneration,마나 재생,
tree_dn,14601,Elemental Mastery,원소 숙련,
tree_dn,14602,Specialised Shots,Specialised Shots,
tree_dn,14654,Attribute,능력치,
tree_dn,14655,Armour and Applies to Fire Damage,방어도 및 Applies에 화염 피해,
tree_dn,14658,Attribute,능력치,
tree_dn,14666,Energy Shield Recharge,에너지 보호막 재충전,
tree_dn,1468,Mana Regeneration,마나 재생,
tree_dn,14693,Mace Damage,Mace 피해,
tree_dn,14712,Minion Life,소환수 생명력,
tree_dn,14724,Shock Duration,감전 지속시간,
tree_dn,14725,Skill Speed,Skill 속도,
tree_dn,14739,Energy Shield Delay,에너지 보호막 Delay,
tree_dn,14761,Warlord Leader,Warlord Leader,
tree_dn,14769,Dexterity,Dexterity,
tree_dn,1477,Projectile Mastery,투사체 숙련,
tree_dn,14777,Bravado,Bravado,
tree_dn,14832,Mace Mastery,Mace 숙련,
tree_dn,14882,Poison Damage,독 피해,
tree_dn,14890,Chill Magnitude and Duration,냉각 Magnitude 및 지속시간,
tree_dn,14923,Attack Mastery,공격 숙련,
tree_dn,14926,Life Regeneration,생명력 재생,
tree_dn,14934,Spiral into Mania,Spiral into Mania,
tree_dn,14945,Growing Swarm,Growing Swarm,
tree_dn,14952,Skill Effect Duration,Skill 효과 지속시간,
tree_dn,14958,Critical Chance,치명타 확률,
tree_dn,14960,Fire Resistance,화염 저항,
tree_dn,14980,Elemental Mastery,원소 숙련,
tree_dn,1499,Life Regeneration,생명력 재생,
tree_dn,14996,Shapeshifting Stun Buildup,Shapeshifting 기절 누적,
tree_dn,14997,Two Handed Damage,Two Handed 피해,
tree_dn,1502,Draiocht Cleansing,Draiocht Cleansing,
tree_dn,15030,Consistent Intake,Consistent Intake,
tree_dn,15044,A Solid Plan,A Solid Plan,
tree_dn,1506,Remnant Attraction,Remnant Attraction,
tree_dn,15083,Power Conduction,권능 Conduction,
tree_dn,151,Accuracy,정확도,
tree_dn,15114,Boundless Growth,Boundless Growth,
tree_dn,1514,Attack Mastery,공격 숙련,
tree_dn,15141,Impale Chance,Impale 확률,
tree_dn,15180,Spell Hinder,주문 Hinder,
tree_dn,15182,Attribute,능력치,
tree_dn,15194,Minion Fire Resistance,소환수 화염 저항,
tree_dn,15207,Accuracy and Attack Damage,정확도 및 공격 피해,
tree_dn,15247,Empowered Attack Damage,Empowered 공격 피해,
tree_dn,15270,Attack Mastery,공격 숙련,
tree_dn,15275,Totem Cast and Attack Speed,토템 시전 및 공격 속도,
tree_dn,15301,Accuracy,정확도,
tree_dn,15304,Cast Speed,시전 속도,
tree_dn,15356,Lightning Penetration,번개 Penetration,
tree_dn,15358,Minion Life,소환수 생명력,
tree_dn,15374,Hale Heart,Hale Heart,
tree_dn,15408,Energy Shield,에너지 보호막,
tree_dn,15424,Stun Threshold,기절 한계값,
tree_dn,15427,Melee Damage,근접 피해,
tree_dn,1543,Cast Speed,시전 속도,
tree_dn,15443,Endured Suffering,Endured Suffering,
tree_dn,1546,Spiral into Depression,Spiral into Depression,
tree_dn,15494,Fire Damage when consuming an Endurance Charge,화염 피해 when consuming an 인내 충전,
tree_dn,15507,Attribute,능력치,
tree_dn,15522,Ignite Magnitude,점화 Magnitude,
tree_dn,15580,Damage and Minion Damage,피해 및 소환수 피해,
tree_dn,15590,Detonator Area,Detonator 범위,
tree_dn,15606,Thrill of the Fight,Thrill의 the Fight,
tree_dn,15617,Heavy Drinker,Heavy Drinker,
tree_dn,15618,Spell Critical Damage,주문 치명타 피해,
tree_dn,15625,Evasion,회피,
tree_dn,15628,Arcane Surge Effect,Arcane Surge 효과,
tree_dn,15644,Shedding Skin,Shedding Skin,
tree_dn,15672,Totem Elemental Resistance,토템 원소 저항,
tree_dn,15698,Freeze Buildup,동결 누적,
tree_dn,15775,Attribute,능력치,
tree_dn,15782,Attribute,능력치,
tree_dn,1579,Cooldown Recovery Rate,Cooldown Recovery Rate,
tree_dn,15809,Minion Critical Chance,소환수 치명타 확률,
tree_dn,15814,Evasion while Sprinting,회피 동안 Sprinting,
tree_dn,15829,Siphon,Siphon,
tree_dn,1583,Pathfinder,Pathfinder,
tree_dn,15838,Ailment Chance,상태 이상 확률,
tree_dn,15839,Ailment Duration,상태 이상 지속시간,
tree_dn,15842,Minion Mastery,소환수 숙련,
tree_dn,15855,Sword Damage,Sword 피해,
tree_dn,15876,Energy Shield as Freeze Threshold,에너지 보호막 as 동결 한계값,
tree_dn,15885,Attribute,능력치,
tree_dn,15892,Damage vs Armour Broken Enemies,피해 상대 방어도 Broken Enemies,
tree_dn,15899,Bleeding Damage,출혈 피해,
tree_dn,15913,Area of Effect and Damage,범위의 효과 및 피해,
tree_dn,15969,Damage against Ailments,피해 against 상태 이상,
tree_dn,15975,Evasion and Energy Shield,회피 및 에너지 보호막,
tree_dn,15984,Lightning Mastery,번개 숙련,
tree_dn,15986,Building Toxins,Building Toxins,
tree_dn,1599,Physical Damage and Critical Chance,물리 피해 및 치명타 확률,
tree_dn,15991,Embodiment of Lightning,Embodiment의 번개,
tree_dn,16,Life Flask Charges,생명력 플라스크 충전,
tree_dn,16013,Daze on Hit,Daze 시 명중,
tree_dn,16024,Invocation Critical Damage,Invocation 치명타 피해,
tree_dn,1603,Storm Driven,폭풍 Driven,
tree_dn,16051,Totem Attack Speed,토템 공격 속도,
tree_dn,16084,One Handed Damage,One Handed 피해,
tree_dn,16090,Life Costs,생명력 Costs,
tree_dn,16100,Evasion,회피,
tree_dn,16111,Attack Damage while Surrounded,공격 피해 동안 포위,
tree_dn,16114,Aura Mastery,오라 숙련,
tree_dn,16121,Energy,에너지,
tree_dn,16123,Critical Mastery,치명타 숙련,
tree_dn,16140,Daze on Hit,Daze 시 명중,
tree_dn,16142,Deep Freeze,Deep 동결,
tree_dn,16150,Inspiring Ally,Inspiring 동료,
tree_dn,16168,Attribute,능력치,
tree_dn,16204,Sacred Flow,Sacred Flow,
tree_dn,16249,Watch How I Do It,Watch How I Do It,
tree_dn,16256,Ether Flow,Ether Flow,
tree_dn,16276,Kitavan Imprint,Kitavan Imprint,
tree_dn,1628,Stun Threshold,기절 한계값,
tree_dn,1631,Charm Duration,참 지속시간,
tree_dn,16311,Life Regeneration,생명력 재생,
tree_dn,16329,Flask Charges Used,플라스크 충전 Used,
tree_dn,16332,Stun Threshold,기절 한계값,
tree_dn,16347,Maximum Rage,최대 격노,
tree_dn,16367,Elemental Damage,원소 피해,
tree_dn,16385,Banner Glory Gained,깃발 Glory 획득,
tree_dn,16401,Lightning Damage and Electrocute Buildup,번개 피해 및 Electrocute 누적,
tree_dn,16413,Attack and Minion Damage,공격 및 소환수 피해,
tree_dn,16433,Path Seeker,Path Seeker,
tree_dn,16460,Attribute,능력치,
tree_dn,16466,Mental Alacrity,Mental Alacrity,
tree_dn,16484,Attribute,능력치,
tree_dn,16485,Lightning Penetration,번개 Penetration,
tree_dn,16489,Attribute,능력치,
tree_dn,16499,Lingering Whispers,Lingering Whispers,
tree_dn,16506,Shapeshifting Elemental Ailment Chance,Shapeshifting 원소 상태 이상 확률,
tree_dn,16538,One Handed Damage,One Handed 피해,
tree_dn,16568,Companion Revive Speed,동료 Revive 속도,
tree_dn,16596,Speed with Elemental Skills,속도 보유 원소 Skills,
tree_dn,16602,Evasion,회피,
tree_dn,16615,Unmoving Craiceann,Unmoving Craiceann,
tree_dn,16618,Jack of all Trades,Jack의 모든 Trades,
tree_dn,16620,Movement Penalty with Raised Shield,이동 Penalty 보유 Raised 방패,
tree_dn,16626,Impact Area,Impact 범위,
tree_dn,16647,Mana Mastery,마나 숙련,
tree_dn,16680,Crossbow Reload Speed,쇠뇌 Reload 속도,
tree_dn,16691,Life Leech Speed,생명력 흡수 속도,
tree_dn,16695,Energy Shield Recoup,에너지 보호막 회생,
tree_dn,16705,Attribute,능력치,
tree_dn,16721,Plant Skill Damage,Plant Skill 피해,
tree_dn,16725,Attribute,능력치,
tree_dn,16744,Evasion,회피,
tree_dn,16784,Totem Life,토템 생명력,
tree_dn,16786,Immobilisation Buildup,Immobilisation 누적,
tree_dn,16790,Efficient Casting,Efficient Casting,
tree_dn,1680,Projectile Parry Range,투사체 Parry Range,
tree_dn,16816,Pinpoint Shot,Pinpoint Shot,
tree_dn,16861,Critical Chance,치명타 확률,
tree_dn,16871,Strength and Dexterity,Strength 및 Dexterity,
tree_dn,16938,Damage and Companion Damage,피해 및 동료 피해,
tree_dn,16940,Arcane Nature,Arcane Nature,
tree_dn,16947,Shelter from the Rain,Shelter에서 the Rain,
tree_dn,1700,Cold Damage,냉기 피해,
tree_dn,17024,Lightning Skill Speed,번개 Skill 속도,
tree_dn,17025,Lightning Damage,번개 피해,
tree_dn,17026,Grenade Cooldown Recovery Rate,수류탄 Cooldown Recovery Rate,
tree_dn,17029,Blade Catcher,Blade Catcher,
tree_dn,17045,Movement Speed ,이동 속도,
tree_dn,17057,Lightning Damage,번개 피해,
tree_dn,17058,Reduced Resistances,감소 저항,
tree_dn,17059,Channelling Stun Threshold,집중 유지 기절 한계값,
tree_dn,17061,Archon Delay,Archon Delay,
tree_dn,17077,Attack Damage while Moving,공격 피해 동안 Moving,
tree_dn,17088,Attribute,능력치,
tree_dn,17092,Maximum Rage,최대 격노,
tree_dn,17101,Attack Damage,공격 피해,
tree_dn,17107,Spell Area Damage,주문 범위 피해,
tree_dn,17112,Ancestral Boosted Attack Damage and Stun,선조 Boosted 공격 피해 및 기절,
tree_dn,17118,Attribute,능력치,
tree_dn,17138,Melee Damage,근접 피해,
tree_dn,17146,Parry Damage,Parry 피해,
tree_dn,17150,General's Bindings,General's Bindings,
tree_dn,17215,Mana Regeneration and Attack Speed,마나 재생 및 공격 속도,
tree_dn,17229,Silent Guardian,Silent Guardian,
tree_dn,1723,Poison Duration,독 지속시간,
tree_dn,17248,Attribute,능력치,
tree_dn,17254,Spell Haste,주문 Haste,
tree_dn,17260,Piercing Claw,Piercing Claw,
tree_dn,17268,Shock Effect,감전 효과,
tree_dn,17282,Mana Regeneration,마나 재생,
tree_dn,17283,Evasion and Energy Shield Mastery,회피 및 에너지 보호막 숙련,
tree_dn,17294,Life Regeneration,생명력 재생,
tree_dn,17303,Utility Ordnance,Utility Ordnance,
tree_dn,17316,One Handed Damage,One Handed 피해,
tree_dn,17330,Perforation,Perforation,
tree_dn,17340,Adrenaline Rush,Adrenaline Rush,
tree_dn,17348,Ignite Magnitude,점화 Magnitude,
tree_dn,17349,Armour and Energy Shield,방어도 및 에너지 보호막,
tree_dn,17366,Evasion and Energy Shield,회피 및 에너지 보호막,
tree_dn,17367,Evasion and Energy Shield,회피 및 에너지 보호막,
tree_dn,17372,Reaching Strike,Reaching Strike,
tree_dn,17378,Minion Life,소환수 생명력,
tree_dn,17380,Cold Mastery,냉기 숙련,
tree_dn,17394,Minion Stun Buildup,소환수 기절 누적,
tree_dn,17411,Caster Mastery,시전자 숙련,
tree_dn,17417,Projectile Speed and Physical Damage,투사체 속도 및 물리 피해,
tree_dn,17420,Lightning Damage,번개 피해,
tree_dn,17447,Stun Threshold during Parry,기절 한계값 during Parry,
tree_dn,17468,Attribute,능력치,
tree_dn,17501,Minion Damage,소환수 피해,
tree_dn,17505,Cast Speed,시전 속도,
tree_dn,17517,Area of Effect,범위의 효과,
tree_dn,17523,Hazard Damage,Hazard 피해,
tree_dn,17532,Stun Threshold,기절 한계값,
tree_dn,17548,Moment of Truth,Moment의 Truth,
tree_dn,1755,Spell Damage,주문 피해,
tree_dn,17553,Projectile Pierce,투사체 Pierce,
tree_dn,17584,Attack Area,공격 범위,
tree_dn,17587,Critical Mastery,치명타 숙련,
tree_dn,17589,Attack Damage,공격 피해,
tree_dn,17600,Thirsting Ally,Thirsting 동료,
tree_dn,17602,Stun and Ailment Threshold from Energy Shield,기절 및 상태 이상 한계값에서 에너지 보호막,
tree_dn,17625,Rage on Hit,격노 시 명중,
tree_dn,17646,"Judge, Jury, and Executioner","Judge, Jury, 및 Executioner",
tree_dn,17655,Aura Effect,오라 효과,
tree_dn,17664,Decisive Retreat,Decisive Retreat,
tree_dn,17668,Mana Regeneration and Attack Speed,마나 재생 및 공격 속도,
tree_dn,17672,Attribute,능력치,
tree_dn,17686,Melee Damage ,근접 피해,
tree_dn,17687,Mana Flask Charges,마나 플라스크 충전,
tree_dn,17702,Attribute,능력치,
tree_dn,17706,Energy Shield Recharge and Mana Flask Recovery,에너지 보호막 재충전 및 마나 플라스크 Recovery,
tree_dn,17711,Spell Area of Effect,주문 범위의 효과,
tree_dn,17724,Attack Damage,공격 피해,
tree_dn,17725,Bonded Precision,Bonded Precision,
tree_dn,17726,Stun Buildup,기절 누적,
tree_dn,17729,Chance to Poison and Spell Damage,확률에 독 및 주문 피해,
tree_dn,1773,Ailment Effect and Duration,상태 이상 효과 및 지속시간,
tree_dn,17745,Totem Mastery,토템 숙련,
tree_dn,17754,Loyal Hellhound,Loyal Hellhound,
tree_dn,17762,Vengeance,Vengeance,
tree_dn,1778,Hazard Duration,Hazard 지속시간,
tree_dn,17788,Crystalline Phylactery,Crystalline Phylactery,
tree_dn,17791,Mace Stun Buildup,Mace 기절 누적,
tree_dn,17792,Presence Area,Presence 범위,
tree_dn,17796,Cooldown Recovery Rate,Cooldown Recovery Rate,
tree_dn,178,Herald Reservation,Herald Reservation,
tree_dn,17825,Tactical Retreat,Tactical Retreat,
tree_dn,17854,Escape Velocity,Escape Velocity,
tree_dn,17867,Exposure Effect and Slow Effect,Exposure 효과 및 Slow 효과,
tree_dn,17871,Freeze and Chill Resistance,동결 및 냉각 저항,
tree_dn,17882,Volatile Grenades,Volatile 수류탄,
tree_dn,17885,Ignite Magnitude on You,점화 Magnitude 시 You,
tree_dn,17894,Her Final Bite,Her Final Bite,
tree_dn,17903,Thorns,Thorns,
tree_dn,17906,Trap Mastery,덫 숙련,
tree_dn,17923,Volatility,Volatility,
tree_dn,17924,Damage against Enemies on Low Life,피해 against Enemies 시 Low 생명력,
tree_dn,17955,Careful Consideration,Careful Consideration,
tree_dn,17973,Rapid Recharge,Rapid 재충전,
tree_dn,17994,Deflection,Deflection,
tree_dn,17999,Warcry Cooldown and Speed,Warcry Cooldown 및 속도,
tree_dn,18004,Later Rage Loss Start,Later 격노 Loss Start,
tree_dn,1801,Blind Chance,Blind 확률,
tree_dn,18049,Projectile Damage,투사체 피해,
tree_dn,18073,Attack Damage,공격 피해,
tree_dn,18081,Call Upon the Deep,부름 Upon the Deep,
tree_dn,18086,Breath of Ice,Breath의 Ice,
tree_dn,18115,Grenade Damage,수류탄 피해,
tree_dn,18121,Caster Mastery,시전자 숙련,
tree_dn,18146,Reduced Attribute Requirements,감소 능력치 Requirements,
tree_dn,18157,Tempered Defences,Tempered Defences,
tree_dn,18158,Bringer of Flame,Bringer의 화염,
tree_dn,18160,Minion Critical Chance,소환수 치명타 확률,
tree_dn,18167,Invocation Critical Hits,Invocation 치명타,
tree_dn,18186,Armour,방어도,
tree_dn,18207,Ancestral Boosted Area and Damage,선조 Boosted 범위 및 피해,
tree_dn,1823,Illuminated Crown,Illuminated Crown,
tree_dn,18240,Energy Shield Mastery,에너지 보호막 숙련,
tree_dn,18245,Minion Life and Physical Damage Reduction,소환수 생명력 및 물리 피해 Reduction,
tree_dn,1825,Caster Mastery,시전자 숙련,
tree_dn,1826,Attribute,능력치,
tree_dn,18270,Plant Skill Damage,Plant Skill 피해,
tree_dn,18280,Mind Phylacteries,Mind Phylacteries,
tree_dn,18308,Bleeding Out,출혈 Out,
tree_dn,18348,Altered Flesh,Altered Flesh,
tree_dn,18353,Physical and Lightning Damage,물리 및 번개 피해,
tree_dn,18374,Thorns and Leech,Thorns 및 흡수,
tree_dn,18397,Savoured Blood,Savoured 피,
tree_dn,18407,Attribute,능력치,
tree_dn,1841,Evasion,회피,
tree_dn,18419,Ancestral Mending,선조 Mending,
tree_dn,18441,Maximum Rage,최대 격노,
tree_dn,18448,Attribute,능력치,
tree_dn,18451,Frenzy Charge Duration,격분 충전 지속시간,
tree_dn,18465,Cruel Fate,Cruel Fate,
tree_dn,18470,Pin Buildup,Pin 누적,
tree_dn,18472,Stun and Freeze Buildup,기절 및 동결 누적,
tree_dn,18485,Unstable Bond,Unstable Bond,
tree_dn,18489,One Handed Damage,One Handed 피해,
tree_dn,18496,Lasting Trauma,Lasting Trauma,
tree_dn,18505,Crushing Verdict,Crushing Verdict,
tree_dn,18519,Life Leech and Companion Damage,생명력 흡수 및 동료 피해,
tree_dn,18548,Attack Speed,공격 속도,
tree_dn,1855,Flask Recovery,플라스크 Recovery,
tree_dn,18568,Mana Leech and Cold Resistance,마나 흡수 및 냉기 저항,
tree_dn,18585,Armour,방어도,
tree_dn,18624,Hazard Damage,Hazard 피해,
tree_dn,18629,Block,막기,
tree_dn,1865,Fire Damage when consuming an Endurance Charge,화염 피해 when consuming an 인내 충전,
tree_dn,18651,Lightning Damage,번개 피해,
tree_dn,18678,Buff Expiry Rate,Buff Expiry Rate,
tree_dn,18684,Avatar of Fire,화신의 화염,
tree_dn,1869,Freeze Buildup,동결 누적,
tree_dn,18713,Armour and Energy Shield Mastery,방어도 및 에너지 보호막 숙련,
tree_dn,18717,Lightning Damage,번개 피해,
tree_dn,18737,Critical Chance,치명타 확률,
tree_dn,18742,Stun Threshold,기절 한계값,
tree_dn,18744,Remnant Pickup Range,Remnant Pickup Range,
tree_dn,18746,Shield Block,방패 막기,
tree_dn,1878,Energy Shield and Armour applies to Elemental Damage Hits,에너지 보호막 및 방어도 applies에 원소 피해 명중,
tree_dn,18793,Infused Spell Damage,Infused 주문 피해,
tree_dn,18801,Banner Duration,깃발 지속시간,
tree_dn,18815,Lightning Penetration,번개 Penetration,
tree_dn,18818,Attack Damage and Speed,공격 피해 및 속도,
tree_dn,18822,Damage,피해,
tree_dn,18826,Inner Turmoil,Inner Turmoil,
tree_dn,18831,Block,막기,
tree_dn,18845,Spell Damage,주문 피해,
tree_dn,18846,Spell Area of Effect,주문 범위의 효과,
tree_dn,18849,Shaper of Winter,Shaper의 Winter,
tree_dn,18856,Invocation Spell Damage,Invocation 주문 피해,
tree_dn,18864,Ailment Magnitude,상태 이상 Magnitude,
tree_dn,1887,Armour,방어도,
tree_dn,18882,Attribute,능력치,
tree_dn,18895,Stun Threshold from Energy Shield,기절 한계값에서 에너지 보호막,
tree_dn,18897,Evasion Rating,회피 Rating,
tree_dn,18910,Spear Critical Chance,창 치명타 확률,
tree_dn,18913,Chaos Damage and Duration,카오스 피해 및 지속시간,
tree_dn,18923,Attribute,능력치,
tree_dn,18940,Shattering Concoction,Shattering 혼합물,
tree_dn,18959,Ruinic Helm,Ruinic Helm,
tree_dn,18969,Bow Speed,활 속도,
tree_dn,18970,Evasion and Energy Shield,회피 및 에너지 보호막,
tree_dn,18972,Echoes of Ferocity,Echoes의 Ferocity,
tree_dn,19001,Immobilisation Buildup,Immobilisation 누적,
tree_dn,19003,Cold Damage,냉기 피해,
tree_dn,19006,Minion Damage and Life,소환수 피해 및 생명력,
tree_dn,19011,Melee Damage,근접 피해,
tree_dn,19027,Charge Duration,충전 지속시간,
tree_dn,19044,Arcane Intensity,Arcane Intensity,
tree_dn,19074,Attack Mastery,공격 숙련,
tree_dn,19104,Eagle Eye,Eagle Eye,
tree_dn,19112,Chaos Damage,카오스 피해,
tree_dn,19122,Armour if Consumed Endurance Charge,방어도 if Consumed 인내 충전,
tree_dn,19125,Potent Incantation,Potent Incantation,
tree_dn,19129,Pin Buildup,Pin 누적,
tree_dn,1913,Armour,방어도,
tree_dn,1915,Critical Chance,치명타 확률,
tree_dn,19156,Immaterial,Immaterial,
tree_dn,19162,Physical Damage and Increased Duration,물리 피해 및 증가 지속시간,
tree_dn,19203,Channelling Damage,집중 유지 피해,
tree_dn,1922,Caster Mastery,시전자 숙련,
tree_dn,19223,Attack Damage,공격 피해,
tree_dn,19233,Elemental Damage,원소 피해,
tree_dn,19236,Projectile Bulwark,투사체 Bulwark,
tree_dn,19240,Attribute,능력치,
tree_dn,19249,Supportive Ancestors,Supportive Ancestors,
tree_dn,19277,Area Damage,범위 피해,
tree_dn,1928,Minion Attack and Cast Speed,소환수 공격 및 시전 속도,
tree_dn,19288,Glancing Blows,Glancing Blows,
tree_dn,19330,Life Regeneration,생명력 재생,
tree_dn,19337,Precision Salvo,Precision Salvo,
tree_dn,19338,Dexterity,Dexterity,
tree_dn,19341,Damage against Enemies on Low Life,피해 against Enemies 시 Low 생명력,
tree_dn,19342,Projectile Damage,투사체 피해,
tree_dn,19355,Energy Shield,에너지 보호막,
tree_dn,19359,Chaos Damage and Resistance,카오스 피해 및 저항,
tree_dn,19424,Strength,Strength,
tree_dn,19426,Physical Damage,물리 피해,
tree_dn,19442,Prolonged Assault,Prolonged Assault,
tree_dn,19461,Lightning and Cold Damage,번개 및 냉기 피해,
tree_dn,19470,Life and Mana Flask Recovery,생명력 및 마나 플라스크 Recovery,
tree_dn,19482,Life,생명력,
tree_dn,1953,Shock Effect,감전 효과,
tree_dn,19546,Favourable Odds,Favourable Odds,
tree_dn,19563,Shapeshifted Damage,Shapeshifted 피해,
tree_dn,19573,Projectile Pierce,투사체 Pierce,
tree_dn,19644,Left Hand of Darkness,Left Hand의 Darkness,
tree_dn,19674,Attack Area Damage and Area,공격 범위 피해 및 범위,
tree_dn,19715,Cremation,Cremation,
tree_dn,19722,Thin Ice,Thin Ice,
tree_dn,1973,Mana Flasks,마나 Flasks,
tree_dn,19749,Fire Mastery,화염 숙련,
tree_dn,19750,Armour and Evasion Mastery,방어도 및 회피 숙련,
tree_dn,19751,Freeze Threshold,동결 한계값,
tree_dn,19767,Spear Attack Speed,창 공격 속도,
tree_dn,19779,Chaos Damage,카오스 피해,
tree_dn,19794,Ignite Magnitude on You,점화 Magnitude 시 You,
tree_dn,19796,Attack Damage vs Bleeding Enemies,공격 피해 상대 출혈 Enemies,
tree_dn,19802,Attack Critical Damage,공격 치명타 피해,
tree_dn,19808,Ailment Chance,상태 이상 확률,
tree_dn,19820,Armour and Applies to Cold Damage,방어도 및 Applies에 냉기 피해,
tree_dn,19846,Fire Mastery,화염 숙련,
tree_dn,19873,Area of Effect,범위의 효과,
tree_dn,1988,Unleash Hell!,Unleash Hell!,
tree_dn,19880,Evasion if Consumed Frenzy Charge,회피 if Consumed 격분 충전,
tree_dn,1994,Warcry Speed,Warcry 속도,
tree_dn,19942,Attack Elemental Damage,공격 원소 피해,
tree_dn,1995,Projectile Ailment Chance,투사체 상태 이상 확률,
tree_dn,19953,Lightning Damage,번개 피해,
tree_dn,19955,Endless Blizzard,Endless Blizzard,
tree_dn,19966,Minion Duration,소환수 지속시간,
tree_dn,19998,Crossbow Damage,쇠뇌 피해,
tree_dn,20008,Unleash Fire,Unleash 화염,
tree_dn,20015,Warcry Mastery,Warcry 숙련,
tree_dn,20024,Critical Damage,치명타 피해,
tree_dn,20032,Erraticism,Erraticism,
tree_dn,20044,Deflection,Deflection,
tree_dn,20049,Charm Charges,참 충전,
tree_dn,20091,Sword Damage,Sword 피해,
tree_dn,20105,Spear Accuracy,창 정확도,
tree_dn,20115,Attribute,능력치,
tree_dn,20119,Minion Offence Mastery,소환수 Offence 숙련,
tree_dn,20140,Caster Mastery,시전자 숙련,
tree_dn,20195,Spiked Plates,Spiked Plates,
tree_dn,20205,Stun Threshold if no recent Stun,기절 한계값 if no recent 기절,
tree_dn,2021,Wellspring,Wellspring,
tree_dn,20236,Critical Chance,치명타 확률,
tree_dn,20251,Splitting Ground,Splitting Ground,
tree_dn,20289,Frozen Claw,동결 Claw,
tree_dn,20303,Life Regeneration,생명력 재생,
tree_dn,20350,Armour Break,방어도 파괴,
tree_dn,20387,Shock Chance,감전 확률,
tree_dn,20388,Regenerative Flesh,Regenerative Flesh,
tree_dn,20391,Block Chance,막기 확률,
tree_dn,20397,Authority,Authority,
tree_dn,20414,Reprisal,Reprisal,
tree_dn,20416,Grit,Grit,
tree_dn,20429,Dagger Speed,Dagger 속도,
tree_dn,20467,Culling Strike Threshold,Culling Strike 한계값,
tree_dn,20496,Physical Damage,물리 피해,
tree_dn,20499,Arcane Surge Effect,Arcane Surge 효과,
tree_dn,20504,Block,막기,
tree_dn,20511,Cremating Cries,Cremating Cries,
tree_dn,20547,Stun Buildup,기절 누적,
tree_dn,20558,Among the Hordes,Among the Hordes,
tree_dn,20582,Parried Duration,Parried 지속시간,
tree_dn,20637,Damage Mastery,피해 숙련,
tree_dn,20641,Caster Mastery,시전자 숙련,
tree_dn,20645,Area Damage,범위 피해,
tree_dn,20649,Lightning Damage,번개 피해,
tree_dn,20677,For the Jugular,For the Jugular,
tree_dn,20691,Stun Buildup,기절 누적,
tree_dn,20701,Instruments of Power,Instruments의 권능,
tree_dn,2071,Mana Regeneration,마나 재생,
tree_dn,20718,Duration,지속시간,
tree_dn,2074,Armour and Energy Shield Mastery,방어도 및 에너지 보호막 숙련,
tree_dn,20744,Projectile Mastery,투사체 숙련,
tree_dn,20772,Mana,마나,
tree_dn,20782,Chaos Damage,카오스 피해,
tree_dn,20787,Freeze Buildup,동결 누적,
tree_dn,20791,Power Charge Duration and Energy Shield,권능 충전 지속시간 및 에너지 보호막,
tree_dn,20820,Attack Speed,공격 속도,
tree_dn,20830,Area of Effect,범위의 효과,
tree_dn,20831,Catlike Agility,Catlike Agility,
tree_dn,20837,Knockback,Knockback,
tree_dn,20842,Banner Area,깃발 범위,
tree_dn,20848,Plant Skill Damage,Plant Skill 피해,
tree_dn,20861,Invocation Spell Damage,Invocation 주문 피해,
tree_dn,20895,Strength,Strength,
tree_dn,20909,Cold Penetration,냉기 Penetration,
tree_dn,2091,Poison Chance,독 확률,
tree_dn,20916,Blinding Strike,Blinding Strike,
tree_dn,20963,Calculated Hunter,Calculated Hunter,
tree_dn,20989,Attack Area,공격 범위,
tree_dn,21017,Critical Chance,치명타 확률,
tree_dn,2102,Energy Shield Mastery,에너지 보호막 숙련,
tree_dn,21070,Attack Critical Chance,공격 치명타 확률,
tree_dn,21077,Grenade Cooldown Recovery Rate,수류탄 Cooldown Recovery Rate,
tree_dn,21080,Freeze Buildup,동결 누적,
tree_dn,21081,Armour and Energy Shield,방어도 및 에너지 보호막,
tree_dn,21089,Thorns Ignore Armour,Thorns Ignore 방어도,
tree_dn,21096,Banner Area,깃발 범위,
tree_dn,21111,Charm Activation Chance,참 Activation 확률,
tree_dn,21112,Bow Damage,활 피해,
tree_dn,21127,Totem Mastery,토템 숙련,
tree_dn,2113,Martial Artistry,Martial Artistry,
tree_dn,21142,Attack Area,공격 범위,
tree_dn,21156,Charge Duration,충전 지속시간,
tree_dn,21161,Movement Penalty with Raised Shield,이동 Penalty 보유 Raised 방패,
tree_dn,21164,Fleshcrafting,Fleshcrafting,
tree_dn,21184,Attack Area,공격 범위,
tree_dn,2119,Life Leech,생명력 흡수,
tree_dn,21205,All Attributes,모든 능력치,
tree_dn,21206,Explosive Impact,Explosive Impact,
tree_dn,21208,Curse Activation Speed and Effect,저주 Activation 속도 및 효과,
tree_dn,21218,Bow Damage,활 피해,
tree_dn,21225,Spear Damage,창 피해,
tree_dn,21227,Energy Shield Delay,에너지 보호막 Delay,
tree_dn,21245,Spell Critical Chance,주문 치명타 확률,
tree_dn,21274,Attribute,능력치,
tree_dn,21279,Mark Effect and Blind Effect,징표 효과 및 Blind 효과,
tree_dn,2128,Hazard Area,Hazard 범위,
tree_dn,21280,Attribute,능력치,
tree_dn,21284,Life and Mana Regeneration Rate,생명력 및 마나 재생 Rate,
tree_dn,21286,Armour,방어도,
tree_dn,21314,Attack Damage,공격 피해,
tree_dn,21324,Buckler Mastery,버클러 숙련,
tree_dn,21327,Energy Shield if Consumed Power Charge,에너지 보호막 if Consumed 권능 충전,
tree_dn,21336,Evasion and Energy Shield,회피 및 에너지 보호막,
tree_dn,2134,Toxic Tolerance,Toxic Tolerance,
tree_dn,21349,The Cunning Fox,The Cunning Fox,
tree_dn,21374,Life Mastery,생명력 숙련,
tree_dn,2138,Spiral into Insanity,Spiral into Insanity,
tree_dn,21380,Preemptive Strike,Preemptive Strike,
tree_dn,21387,Attribute,능력치,
tree_dn,21390,Endurance Charge Duration,인내 충전 지속시간,
tree_dn,21404,Energy Shield Delay,에너지 보호막 Delay,
tree_dn,21413,Later Rage Loss Start ,Later 격노 Loss Start,
tree_dn,21415,Stun and Ailment Threshold from Energy Shield,기절 및 상태 이상 한계값에서 에너지 보호막,
tree_dn,21438,Armour and Evasion,방어도 및 회피,
tree_dn,21453,Breakage,Breakage,
tree_dn,21468,Life Leech,생명력 흡수,
tree_dn,21495,Elemental Attack Damage,원소 공격 피해,
tree_dn,21537,Fervour,Fervour,
tree_dn,21540,Life Recoup,생명력 회생,
tree_dn,21549,Physical Damage,물리 피해,
tree_dn,21567,Shapeshifting Spell Damage,Shapeshifting 주문 피해,
tree_dn,21568,Attribute,능력치,
tree_dn,21572,Damage against Ailments,피해 against 상태 이상,
tree_dn,21606,Minion Life,소환수 생명력,
tree_dn,21627,Bleeding Damage,출혈 피해,
tree_dn,21670,Stun Buildup,기절 누적,
tree_dn,21684,Block and Shield Defences,막기 및 방패 Defences,
tree_dn,21713,Accuracy,정확도,
tree_dn,21716,Life Leech,생명력 흡수,
tree_dn,21721,Bleeding Chance,출혈 확률,
tree_dn,2174,Totem Damage,토템 피해,
tree_dn,21746,Attribute,능력치,
tree_dn,21748,Impending Doom,Impending Doom,
tree_dn,21755,Attribute,능력치,
tree_dn,21779,Critical Damage,치명타 피해,
tree_dn,21784,Pack Encouragement,Pack Encouragement,
tree_dn,21788,Bow Damage,활 피해,
tree_dn,21792,Life and Mana on Kill,생명력 및 마나 시 Kill,
tree_dn,21801,Chaos Mastery,카오스 숙련,
tree_dn,21809,Physical Damage and Increased Duration,물리 피해 및 증가 지속시간,
tree_dn,21861,Presence Area,Presence 범위,
tree_dn,21871,Attack Damage with nearby Ally,공격 피해 보유 nearby 동료,
tree_dn,21885,Stun Threshold and Strength,기절 한계값 및 Strength,
tree_dn,21935,Calibration,Calibration,
tree_dn,21945,Damage and Criticals vs Dazed Enemies,피해 및 Criticals 상대 Dazed Enemies,
tree_dn,21982,Empowered Attack Damage and Bleeding Chance,Empowered 공격 피해 및 출혈 확률,
tree_dn,21984,Jewel Socket,주얼 Socket,
tree_dn,21985,Skill Effect Duration,Skill 효과 지속시간,
tree_dn,2200,Damage,피해,
tree_dn,22045,Life Regeneration,생명력 재생,
tree_dn,22049,Projectile Damage,투사체 피해,
tree_dn,22057,Shield Defences,방패 Defences,
tree_dn,22063,Freeze Buildup and Cold Damage,동결 누적 및 냉기 피해,
tree_dn,2211,Herald Damage,Herald 피해,
tree_dn,22115,Intelligence,지능,
tree_dn,22133,Command Skill Cooldown,Command Skill Cooldown,
tree_dn,22141,Life Recoup,생명력 회생,
tree_dn,22147,Chronomancer,Chronomancer,
tree_dn,22152,Cast Speed,시전 속도,
tree_dn,22185,Debuff Expiry Rate,Debuff Expiry Rate,
tree_dn,22188,Herald Reservation,Herald Reservation,
tree_dn,22208,Accuracy and Critical Chance,정확도 및 치명타 확률,
tree_dn,22219,Triggered Spell Damage,Triggered 주문 피해,
tree_dn,22221,Minion Damage,소환수 피해,
tree_dn,22270,Accuracy,정확도,
tree_dn,22271,Shock Chance,감전 확률,
tree_dn,22290,Spell Critical Chance,주문 치명타 확률,
tree_dn,22314,Elemental Damage,원소 피해,
tree_dn,22329,Deflection,Deflection,
tree_dn,22331,Minion Resistances,소환수 저항,
tree_dn,22359,Elemental Damage,원소 피해,
tree_dn,22368,Defences and Companion Life,Defences 및 동료 생명력,
tree_dn,22393,Minion Damage,소환수 피해,
tree_dn,22419,Attribute,능력치,
tree_dn,22439,Elemental Damage,원소 피해,
tree_dn,2244,Arcane Surge on Critical Hit,Arcane Surge 시 치명타 명중,
tree_dn,22484,Totem Cast Speed,토템 시전 속도,
tree_dn,22517,Poison Chance,독 확률,
tree_dn,22532,Fearful Paralysis,Fearful Paralysis,
tree_dn,22533,Cooldown Recovery Rate,Cooldown Recovery Rate,
tree_dn,22538,Slow Effect on You,Slow 효과 시 You,
tree_dn,2254,Pure Energy,Pure 에너지,
tree_dn,22541,Heat of the Forge,Heat의 the Forge,
tree_dn,22556,Evasion while Surrounded,회피 동안 포위,
tree_dn,22558,Attribute,능력치,
tree_dn,22565,Deflection,Deflection,
tree_dn,22616,Attribute,능력치,
tree_dn,22626,Irreparable,Irreparable,
tree_dn,22661,Movement Speed,이동 속도,
tree_dn,22682,Additional Spell Projectiles,추가 주문 투사체,
tree_dn,22691,Energy Shield Delay,에너지 보호막 Delay,
tree_dn,22697,Lightning Resistance,번개 저항,
tree_dn,22710,Curse Duration,저주 지속시간,
tree_dn,22713,Cold Damage,냉기 피해,
tree_dn,22783,Minion Damage,소환수 피해,
tree_dn,22784,Shock Effect on You,감전 효과 시 You,
tree_dn,22795,Projectile Damage,투사체 피해,
tree_dn,22811,The Wild Cat,The Wild Cat,
tree_dn,22817,Inevitable Rupture,Inevitable Rupture,
tree_dn,22821,Elemental Damage,원소 피해,
tree_dn,22851,Cold and Lightning Damage,냉기 및 번개 피해,
tree_dn,22864,Tainted Strike,Tainted Strike,
tree_dn,22873,Elemental Penetration,원소 Penetration,
tree_dn,229,Minion Damage and Life,소환수 피해 및 생명력,
tree_dn,22908,Tribute to Utula,Tribute에 Utula,
tree_dn,22909,Stun and Ailment Threshold from Energy Shield,기절 및 상태 이상 한계값에서 에너지 보호막,
tree_dn,22927,Parried Debuff Magnitude and Duration,Parried Debuff Magnitude 및 지속시간,
tree_dn,22928,Attribute,능력치,
tree_dn,22949,Spell Area of Effect,주문 범위의 효과,
tree_dn,22959,Curse Mastery,저주 숙련,
tree_dn,22962,Incision Chance,Incision 확률,
tree_dn,22967,Vigilance,Vigilance,
tree_dn,22972,Hazard Damage,Hazard 피해,
tree_dn,22975,Attribute,능력치,
tree_dn,23005,Renly's Training,Renly's Training,
tree_dn,23013,Attack Mastery,공격 숙련,
tree_dn,23036,Attack Damage while Surrounded,공격 피해 동안 포위,
tree_dn,23040,Critical Damage,치명타 피해,
tree_dn,23046,Energy Shield Delay,에너지 보호막 Delay,
tree_dn,23062,Armour if Consumed Endurance Charge,방어도 if Consumed 인내 충전,
tree_dn,23078,Holy Protector,Holy Protector,
tree_dn,23091,Fire Damage,화염 피해,
tree_dn,23105,Attack Mastery,공격 숙련,
tree_dn,23153,Ballista Damage,Ballista 피해,
tree_dn,23192,Block,막기,
tree_dn,23195,Life and Mana Regeneration Rate,생명력 및 마나 재생 Rate,
tree_dn,23221,Trick Shot,Trick Shot,
tree_dn,23227,Initiative,Initiative,
tree_dn,23244,Bounty Hunter,Bounty Hunter,
tree_dn,23253,Evasion,회피,
tree_dn,23259,Attack Critical Chance,공격 치명타 확률,
tree_dn,23265,Kelari's Deception,Kelari's Deception,
tree_dn,23305,Mark Use Speed,징표 사용 속도,
tree_dn,23307,Attribute,능력치,
tree_dn,23331,Fire Penetration,화염 Penetration,
tree_dn,2334,Dexterity,Dexterity,
tree_dn,23343,Life Flasks,생명력 Flasks,
tree_dn,2335,Turn the Clock Forward,Turn the Clock Forward,
tree_dn,23352,Rupture the Soul,Rupture the Soul,
tree_dn,2336,Arcane Surge Effect,Arcane Surge 효과,
tree_dn,23360,Reduced Movement Penalty and Attack Damage while Moving,감소 이동 Penalty 및 공격 피해 동안 Moving,
tree_dn,23362,Slippery Ice,Slippery Ice,
tree_dn,23364,Area and Presence,범위 및 Presence,
tree_dn,23373,Grenade Damage,수류탄 피해,
tree_dn,23374,Poison Chance,독 확률,
tree_dn,23382,Attribute,능력치,
tree_dn,23415,Evasion and Energy Shield,회피 및 에너지 보호막,
tree_dn,23416,Vitality Siphon,Vitality Siphon,
tree_dn,23419,Glory Generation,Glory Generation,
tree_dn,23427,Chilled to the Bone,Chilled에 the 뼈,
tree_dn,23428,Grenade Damage,수류탄 피해,
tree_dn,23436,Archon Duration and Critical Damage,Archon 지속시간 및 치명타 피해,
tree_dn,2344,Dimensional Weakspot,Dimensional Weakspot,
tree_dn,23450,Fire Damage,화염 피해,
tree_dn,23455,Cold Damage,냉기 피해,
tree_dn,23508,Thrilling Chase,Thrilling Chase,
tree_dn,23547,Chaos Mastery,카오스 숙련,
tree_dn,23570,Attribute,능력치,
tree_dn,23587,I am the Blizzard...,I am the Blizzard...,
tree_dn,23608,Poison Damage,독 피해,
tree_dn,2361,Quarterstaff Stun and Knockback,육척봉 기절 및 Knockback,
tree_dn,23630,Self Immolation,Self Immolation,
tree_dn,23650,Life Regeneration on Low Life,생명력 재생 시 Low 생명력,
tree_dn,23667,Totem Life,토템 생명력,
tree_dn,23702,Attack Speed,공격 속도,
tree_dn,23708,Armour while Bleeding,방어도 동안 출혈,
tree_dn,23710,Lich,Lich,
tree_dn,23724,Lightning Damage,번개 피해,
tree_dn,23736,Spray and Pray,Spray 및 Pray,
tree_dn,23738,Madness in the Bones,Madness in the Bones,
tree_dn,23764,Alternating Current,Alternating Current,
tree_dn,23786,Critical Bleeding Effect,치명타 출혈 효과,
tree_dn,23797,Armour and  Applies to Lightning Damage,방어도 및 Applies에 번개 피해,
tree_dn,23822,Life Recoup,생명력 회생,
tree_dn,23825,Life Regeneration Rate,생명력 재생 Rate,
tree_dn,23839,Mana Flask Charges Used,마나 플라스크 충전 Used,
tree_dn,23861,Two Handed Damage and Stun,Two Handed 피해 및 기절,
tree_dn,23879,Shapeshifting Mastery,Shapeshifting 숙련,
tree_dn,23880,Mana,마나,
tree_dn,23888,Armour and Evasion,방어도 및 회피,
tree_dn,23905,Shock Effect,감전 효과,
tree_dn,23915,Critical Damage,치명타 피해,
tree_dn,23930,Elemental Damage,원소 피해,
tree_dn,23932,Bow Attack Speed,활 공격 속도,
tree_dn,23939,Glazed Flesh,Glazed Flesh,
tree_dn,2394,Blade Flurry,Blade Flurry,
tree_dn,23940,Adamant Recovery,Adamant Recovery,
tree_dn,23961,Ailment Threshold and Companion Resistance,상태 이상 한계값 및 동료 저항,
tree_dn,2397,Last Stand,Last Stand,
tree_dn,23993,Physical Damage,물리 피해,
tree_dn,23996,Ballista Damage,Ballista 피해,
tree_dn,24009,Armour and Evasion,방어도 및 회피,
tree_dn,24035,Elemental Damage,원소 피해,
tree_dn,24039,Beidat's Hand,Beidat's Hand,
tree_dn,24045,Mana Flask Recovery,마나 플라스크 Recovery,
tree_dn,24060,Infusion Consumption Chance,Infusion Consumption 확률,
tree_dn,24062,Immortal Infamy,Immortal Infamy,
tree_dn,24070,Dexterity,Dexterity,
tree_dn,2408,Attribute,능력치,
tree_dn,24087,Everlasting Infusions,Everlasting Infusions,
tree_dn,24120,Mental Toughness,Mental Toughness,
tree_dn,24129,Critical Mastery,치명타 숙련,
tree_dn,24135,Critical Chance,치명타 확률,
tree_dn,24150,Volatility on Kill,Volatility 시 Kill,
tree_dn,24165,Attribute,능력치,
tree_dn,24178,Damage with Companion in Presence,피해 보유 동료 in Presence,
tree_dn,24210,Frenzy Charge Duration,격분 충전 지속시간,
tree_dn,24224,Axe Mastery,Axe 숙련,
tree_dn,24226,Bullseye,Bullseye,
tree_dn,24239,Life on Kill,생명력 시 Kill,
tree_dn,24240,Time Manipulation,Time Manipulation,
tree_dn,24256,Evasion,회피,
tree_dn,24259,Totem Attack Speed,토템 공격 속도,
tree_dn,24287,Attribute,능력치,
tree_dn,24295,Frenzy Charge Duration,격분 충전 지속시간,
tree_dn,24325,Life Regeneration Rate and Presence,생명력 재생 Rate 및 Presence,
tree_dn,24338,Damage against Ailments,피해 against 상태 이상,
tree_dn,24339,Life Flasks,생명력 Flasks,
tree_dn,24368,Ballista Damage,Ballista 피해,
tree_dn,244,Attack Damage,공격 피해,
tree_dn,24401,Poison Duration,독 지속시간,
tree_dn,24420,Critical Chance,치명타 확률,
tree_dn,24430,Elemental Damage,원소 피해,
tree_dn,24438,Hardened Wood,Hardened Wood,
tree_dn,2446,Elemental Damage,원소 피해,
tree_dn,24475,Chaos Resistance,카오스 저항,
tree_dn,24477,Stun Threshold and Strength,기절 한계값 및 Strength,
tree_dn,24481,Recovery Mastery,Recovery 숙련,
tree_dn,24483,Direct Approach,Direct Approach,
tree_dn,24491,Invocated Echoes,Invocated Echoes,
tree_dn,24511,All Attributes,모든 능력치,
tree_dn,2455,Projectile Damage,투사체 피해,
tree_dn,24551,Mana Mastery,마나 숙련,
tree_dn,24570,Blinded Enemies Critical,실명 Enemies 치명타,
tree_dn,2461,Accuracy Mastery,정확도 숙련,
tree_dn,24630,Fulmination,Fulmination,
tree_dn,24646,Strength,Strength,
tree_dn,24647,Attribute,능력치,
tree_dn,24655,Breath of Fire,Breath의 화염,
tree_dn,24656,Evasion and Movement Speed while Sprinting,회피 및 이동 속도 동안 Sprinting,
tree_dn,24696,Totem Damage,토템 피해,
tree_dn,24748,Evasion,회피,
tree_dn,24753,Determined Precision,Determined Precision,
tree_dn,24764,Infusing Power,Infusing 권능,
tree_dn,24766,Paranoia,Paranoia,
tree_dn,24767,Focus Energy Shield,집중구 에너지 보호막,
tree_dn,24786,Attribute,능력치,
tree_dn,24801,Attack Damage and Presence Area,공격 피해 및 Presence 범위,
tree_dn,24807,Stone Skin,Stone Skin,
tree_dn,24812,Power Charge Duration,권능 충전 지속시간,
tree_dn,24813,Attack Area,공격 범위,
tree_dn,24825,Attribute,능력치,
tree_dn,24843,Evasion during Parry,회피 during Parry,
tree_dn,24855,Attack Mastery,공격 숙련,
tree_dn,2486,Stars Aligned,Stars Aligned,
tree_dn,24868,Relentless Pursuit,Relentless Pursuit,
tree_dn,24871,Attack Speed,공격 속도,
tree_dn,24880,Attack Speed,공격 속도,
tree_dn,24883,Attack Area and Combo,공격 범위 및 Combo,
tree_dn,24889,Companion Mastery,동료 숙련,
tree_dn,2491,Jewel Socket,주얼 Socket,
tree_dn,24922,Attribute,능력치,
tree_dn,24929,Minion Mastery,소환수 숙련,
tree_dn,24958,Attribute,능력치,
tree_dn,24993,Life Costs and Chaos Damage,생명력 Costs 및 카오스 피해,
tree_dn,2500,Poison Chance,독 확률,
tree_dn,25011,Life Mastery,생명력 숙련,
tree_dn,25014,Warcry Speed,Warcry 속도,
tree_dn,25026,Mana Regeneration,마나 재생,
tree_dn,25029,Charms Mastery,Charms 숙련,
tree_dn,25031,Warcry Mastery,Warcry 숙련,
tree_dn,25055,Attack Damage and Movement Speed,공격 피해 및 이동 속도,
tree_dn,25058,Gain Maximum Frenzy Charges on Gaining Frenzy Charge,획득 최대 격분 충전 시 Gaining 격분 충전,
tree_dn,25070,Attack Area,공격 범위,
tree_dn,2508,Life Recoup,생명력 회생,
tree_dn,25092,Critical Damage Bonus on You,치명타 피해 보너스 시 You,
tree_dn,25100,Oasis,Oasis,
tree_dn,25101,Exposure Effect,Exposure 효과,
tree_dn,2511,Sundering,Sundering,
tree_dn,2516,Price of Power,Price의 권능,
tree_dn,25162,Attack Area,공격 범위,
tree_dn,25170,Attack Damage and Skill Duration,공격 피해 및 Skill 지속시간,
tree_dn,25172,Cooldown Recovery Rate,Cooldown Recovery Rate,
tree_dn,25211,Waning Hindrances,Waning Hindrances,
tree_dn,25213,Attack Damage with nearby Ally,공격 피해 보유 nearby 동료,
tree_dn,25229,Endurance Charge Duration,인내 충전 지속시간,
tree_dn,25239,Demonic Possession,Demonic Possession,
tree_dn,25281,Life Mastery,생명력 숙련,
tree_dn,25300,Armour Break,방어도 파괴,
tree_dn,25303,Minion Fire Resistance,소환수 화염 저항,
tree_dn,25304,Energy,에너지,
tree_dn,25312,Totem Damage,토템 피해,
tree_dn,25315,Armour and Applies to Cold Damage,방어도 및 Applies에 냉기 피해,
tree_dn,25337,Poison Chance,독 확률,
tree_dn,25361,Resolute Reach,Resolute Reach,
tree_dn,25362,Chakra of Impact,Chakra의 Impact,
tree_dn,25363,Stun and Ailment Threshold from Energy Shield,기절 및 상태 이상 한계값에서 에너지 보호막,
tree_dn,25374,Attribute,능력치,
tree_dn,25429,Grounded in the Earth,Grounded in the Earth,
tree_dn,25434,Chill Effect,냉각 효과,
tree_dn,25438,Heatproofing,Heatproofing,
tree_dn,25446,Mana Mastery,마나 숙련,
tree_dn,25458,Strength and Critical Damage Bonus on You,Strength 및 치명타 피해 보너스 시 You,
tree_dn,25482,Beef,Beef,
tree_dn,25503,Mana Regeneration,마나 재생,
tree_dn,25513,Overwhelm,Overwhelm,
tree_dn,25520,Resonance,Resonance,
tree_dn,25528,Mana Mastery,마나 숙련,
tree_dn,25557,Attribute,능력치,
tree_dn,25565,Lightning Damage,번개 피해,
tree_dn,25570,Damage,피해,
tree_dn,25586,Bow Critical Damage,활 치명타 피해,
tree_dn,2559,Flask Charges Gained,플라스크 충전 획득,
tree_dn,25591,Armour and Applies to Cold Damage,방어도 및 Applies에 냉기 피해,
tree_dn,25594,Offering Life,공물 생명력,
tree_dn,2560,Deflection,Deflection,
tree_dn,25618,Spell Critical Chance,주문 치명타 확률,
tree_dn,25619,Sand in the Eyes,Sand in the Eyes,
tree_dn,25620,Meat Recycling,Meat Recycling,
tree_dn,25653,Kelari's Judgment,Kelari's Judgment,
tree_dn,25678,Life Costs and Chaos Damage,생명력 Costs 및 카오스 피해,
tree_dn,25683,Ruzhan's Reckoning,Ruzhan's Reckoning,
tree_dn,25700,Elemental Damage and Shock Chance,원소 피해 및 감전 확률,
tree_dn,25711,Thrill of Battle,Thrill의 Battle,
tree_dn,25729,Cast Speed,시전 속도,
tree_dn,25745,Armour and Energy Shield,방어도 및 에너지 보호막,
tree_dn,2575,Ancestral Alacrity,선조 Alacrity,
tree_dn,25753,Blazing Arms,Blazing Arms,
tree_dn,25763,Fire Damage,화염 피해,
tree_dn,25779,Darkness,Darkness,
tree_dn,25781,Sap of Nightmares,Sap의 Nightmares,
tree_dn,25807,Crossbow Reload Speed,쇠뇌 Reload 속도,
tree_dn,2582,Attribute,능력치,
tree_dn,25827,Additional Spell Projectiles,추가 주문 투사체,
tree_dn,25829,Spell Damage and Cast Speed,주문 피해 및 시전 속도,
tree_dn,25851,Daze on Hit,Daze 시 명중,
tree_dn,25857,Flask Mastery,플라스크 숙련,
tree_dn,25885,Damage as Chaos,피해 as 카오스,
tree_dn,25890,Recover Mana on consuming Power Charge,Recover 마나 시 consuming 권능 충전,
tree_dn,25893,Energy Shield Recharge,에너지 보호막 재충전,
tree_dn,259,Attack Mastery,공격 숙련,
tree_dn,25915,Shapeshifted Damage,Shapeshifted 피해,
tree_dn,25927,Command Skill Damage,Command Skill 피해,
tree_dn,25934,Two Hand Mastery,Two Hand 숙련,
tree_dn,25935,Block Chance,막기 확률,
tree_dn,25971,Tenfold Attacks,Tenfold 공격,
tree_dn,25990,Fire Damage and Attack Damage,화염 피해 및 공격 피해,
tree_dn,25992,Bow Accuracy Rating,활 정확도 Rating,
tree_dn,26034,Evasion and Energy Shield,회피 및 에너지 보호막,
tree_dn,2606,Minion Life,소환수 생명력,
tree_dn,26061,Energy Shield as Freeze Threshold,에너지 보호막 as 동결 한계값,
tree_dn,26063,Elemental Damage,원소 피해,
tree_dn,26068,Attack Damage,공격 피해,
tree_dn,26070,Bolstering Yell,Bolstering Yell,
tree_dn,26085,Necromantic Conduit,Necromantic Conduit,
tree_dn,26092,Two Handed Damage,Two Handed 피해,
tree_dn,261,Toxic Sludge,Toxic Sludge,
tree_dn,26104,Spirit of the Wyvern,정신력의 the Wyvern,
tree_dn,26107,Kite Runner,Kite Runner,
tree_dn,26135,Spell Damage and Projectile Speed,주문 피해 및 투사체 속도,
tree_dn,26148,Accuracy Mastery,정확도 숙련,
tree_dn,26176,Attack Critical Damage,공격 치명타 피해,
tree_dn,26194,Presence Area,Presence 범위,
tree_dn,26196,Jewel Socket,주얼 Socket,
tree_dn,26211,Attack Area and Combo,공격 범위 및 Combo,
tree_dn,26228,Prize of the Hunt,Prize의 the Hunt,
tree_dn,26236,Energy,에너지,
tree_dn,26268,Curse Duration,저주 지속시간,
tree_dn,26282,Blood Barbs,피 Barbs,
tree_dn,26283,Choice of Mana,Choice의 마나,
tree_dn,26291,Electrifying Nature,Electrifying Nature,
tree_dn,26300,Archon Duration and Critical Damage,Archon 지속시간 및 치명타 피해,
tree_dn,26308,All Attributes,모든 능력치,
tree_dn,26319,Critical Chance,치명타 확률,
tree_dn,26324,Armour,방어도,
tree_dn,26331,Harsh Winter,Harsh Winter,
tree_dn,26339,Ancestral Artifice,선조 Artifice,
tree_dn,26356,Primed to Explode,Primed에 Explode,
tree_dn,26363,Life Flask Charge Generation,생명력 플라스크 충전 Generation,
tree_dn,26383,Sunder the Flesh,Sunder the Flesh,
tree_dn,26400,Projectile Damage,투사체 피해,
tree_dn,26416,Life Flasks,생명력 Flasks,
tree_dn,26432,Attribute,능력치,
tree_dn,26437,Armour Break,방어도 파괴,
tree_dn,26447,Refocus,Refocus,
tree_dn,2645,Skullcrusher,Skullcrusher,
tree_dn,26479,Steadfast Resolve,Steadfast Resolve,
tree_dn,26490,One Handed Critical Chance,One Handed 치명타 확률,
tree_dn,26518,Cold Nature,냉기 Nature,
tree_dn,26520,Life Leech,생명력 흡수,
tree_dn,2653,Channelling Damage and Speed,집중 유지 피해 및 속도,
tree_dn,26532,Armour,방어도,
tree_dn,26563,Bone Chains,뼈 Chains,
tree_dn,26565,Poison Duration,독 지속시간,
tree_dn,26568,Slow Effect on You and Attack Speed,Slow 효과 시 You 및 공격 속도,
tree_dn,26572,Criticals vs Dazed Enemies,Criticals 상대 Dazed Enemies,
tree_dn,26596,Cast Speed,시전 속도,
tree_dn,26598,Attribute,능력치,
tree_dn,26614,Stun and Ailment Threshold from Energy Shield,기절 및 상태 이상 한계값에서 에너지 보호막,
tree_dn,26638,Footprints in the Sand,Footprints in the Sand,
tree_dn,26648,Deflection,Deflection,
tree_dn,26663,Cooldown Recovery Rate,Cooldown Recovery Rate,
tree_dn,26682,Spell Critical Damage,주문 치명타 피해,
tree_dn,26697,Sword Mastery,Sword 숙련,
tree_dn,2672,Spell Critical Damage,주문 치명타 피해,
tree_dn,26725,Jewel Socket,주얼 Socket,
tree_dn,26726,Knockback and Stun Buildup,Knockback 및 기절 누적,
tree_dn,26739,Elemental Damage,원소 피해,
tree_dn,26762,Withered Effect,Withered 효과,
tree_dn,26772,Slow Effect,Slow 효과,
tree_dn,26786,Attribute,능력치,
tree_dn,26798,Skill Speed,Skill 속도,
tree_dn,26804,Corpses,Corpses,
tree_dn,26830,Armour Break Effect,방어도 파괴 효과,
tree_dn,26863,Recover Mana on consuming Power Charge,Recover 마나 시 consuming 권능 충전,
tree_dn,26885,Chaos Damage,카오스 피해,
tree_dn,26895,Duration Mastery,지속시간 숙련,
tree_dn,26905,Lightning Damage,번개 피해,
tree_dn,26931,Life on Kill,생명력 시 Kill,
tree_dn,26932,Frenzy Charge Duration,격분 충전 지속시간,
tree_dn,26945,Minion Critical Chance,소환수 치명타 확률,
tree_dn,26952,Flammability Magnitude,Flammability Magnitude,
tree_dn,26969,Critical Chance,치명타 확률,
tree_dn,270,Rage Decay,격노 Decay,
tree_dn,27009,Lust for Sacrifice,욕망 동안 Sacrifice,
tree_dn,27017,All Attributes,모든 능력치,
tree_dn,2702,Life Leech,생명력 흡수,
tree_dn,27048,Defences and Companion Life,Defences 및 동료 생명력,
tree_dn,27068,Mana Regeneration,마나 재생,
tree_dn,27082,Attribute,능력치,
tree_dn,27095,Freeze Buildup,동결 누적,
tree_dn,27096,Rustle of the Leaves,Rustle의 the Leaves,
tree_dn,27108,Mass Hysteria,Mass Hysteria,
tree_dn,27176,The Power Within,The 권능 Within,
tree_dn,27186,Ignite Effect on You,점화 효과 시 You,
tree_dn,27216,Shapeshifted Energy Shield Delay,Shapeshifted 에너지 보호막 Delay,
tree_dn,27234,Mana Mastery,마나 숙련,
tree_dn,27262,Ailment Chance and Effect,상태 이상 확률 및 효과,
tree_dn,27274,Cold Mastery,냉기 숙련,
tree_dn,27290,Heavy Blade,Heavy Blade,
tree_dn,27296,Attribute,능력치,
tree_dn,27303,Vulgar Methods,Vulgar Methods,
tree_dn,27307,Energy Shield Mastery,에너지 보호막 숙련,
tree_dn,2732,Mana Cost Efficiency,마나 Cost 효율,
tree_dn,2733,Lightning Mastery,번개 숙련,
tree_dn,27373,Attribute,능력치,
tree_dn,27388,Aspiring Genius,Aspiring Genius,
tree_dn,27405,Cooldown Recovery Rate,Cooldown Recovery Rate,
tree_dn,27417,Destructive Apparatus,Destructive Apparatus,
tree_dn,27418,Strength,Strength,
tree_dn,27422,Mana Flask Recovery,마나 플라스크 Recovery,
tree_dn,27434,Archon of the Storm,Archon의 the 폭풍,
tree_dn,27439,Attribute,능력치,
tree_dn,2745,The Noble Wolf,The Noble Wolf,
tree_dn,27491,Heavy Buffer,Heavy Buffer,
tree_dn,27493,Projectile Damage,투사체 피해,
tree_dn,27501,Life Regeneration,생명력 재생,
tree_dn,27513,Material Solidification,Material Solidification,
tree_dn,27540,Warcry Power Counted,Warcry 권능 Counted,
tree_dn,27572,Chaos Damage,카오스 피해,
tree_dn,27581,Shield Block,방패 막기,
tree_dn,27611,Shapeshifted Elemental Damage,Shapeshifted 원소 피해,
tree_dn,27626,Touch the Arcane,Touch the Arcane,
tree_dn,27638,Glory Generation,Glory Generation,
tree_dn,27658,Life Recoup,생명력 회생,
tree_dn,27662,Additional Spell Projectiles,추가 주문 투사체,
tree_dn,27667,Whispers of the Flesh,Whispers의 the Flesh,
tree_dn,27671,Energy Shield Recharge,에너지 보호막 재충전,
tree_dn,27674,Energy Shield Recharge,에너지 보호막 재충전,
tree_dn,27686,Energy Shield Recharge Rate,에너지 보호막 재충전 Rate,
tree_dn,27687,Greatest Defence,Greatest Defence,
tree_dn,27705,Attribute,능력치,
tree_dn,27726,Armour,방어도,
tree_dn,27733,Caster Mastery,시전자 숙련,
tree_dn,27740,Rage on Hit,격노 시 명중,
tree_dn,27761,Counterstancing,Counterstancing,
tree_dn,27785,Lightning Penetration,번개 Penetration,
tree_dn,27834,Trap Critical Chance,덫 치명타 확률,
tree_dn,27853,Damage vs Immobilised and Buildup,피해 상대 Immobilised 및 누적,
tree_dn,27859,Herald Damage,Herald 피해,
tree_dn,27875,General Electric,General Electric,
tree_dn,27900,Physical Damage and Increased Duration,물리 피해 및 증가 지속시간,
tree_dn,27910,Attack Damage,공격 피해,
tree_dn,27950,Polished Iron,Polished Iron,
tree_dn,27980,Rage when Hit,격노 when 명중,
tree_dn,27990,Slow Effect,Slow 효과,
tree_dn,27992,Crossbow Mastery,쇠뇌 숙련,
tree_dn,27999,Physical Damage and Ailment Chance,물리 피해 및 상태 이상 확률,
tree_dn,28002,Attribute,능력치,
tree_dn,28021,Critical Damage,치명타 피해,
tree_dn,28022,Elemental Damage,원소 피해,
tree_dn,28038,Deflection,Deflection,
tree_dn,28044,Coming Calamity,Coming Calamity,
tree_dn,28050,Attribute,능력치,
tree_dn,28061,Elemental Attack Damage,원소 공격 피해,
tree_dn,28086,Cold Penetration,냉기 Penetration,
tree_dn,28092,Archon Delay,Archon Delay,
tree_dn,2810,Varashta's Intuition,Varashta's Intuition,
tree_dn,28101,Fire Penetration,화염 Penetration,
tree_dn,28106,Life Flask Charges,생명력 플라스크 충전,
tree_dn,2814,Engineered Blaze,Engineered Blaze,
tree_dn,28153,The Rapid River,The Rapid River,
tree_dn,28175,Attribute,능력치,
tree_dn,28199,Hazard Immobilisation Buildup,Hazard Immobilisation 누적,
tree_dn,28201,Armour and Block Chance,방어도 및 막기 확률,
tree_dn,28214,Mana Flasks,마나 Flasks,
tree_dn,28223,Critical Damage,치명타 피해,
tree_dn,28229,Curse Area,저주 범위,
tree_dn,28258,Mark Effect,징표 효과,
tree_dn,28267,Desensitisation,Desensitisation,
tree_dn,28268,Bleeding Damage,출혈 피해,
tree_dn,28304,Attribute,능력치,
tree_dn,28329,Pressure Points,Pressure Points,
tree_dn,28361,Stun Threshold,기절 한계값,
tree_dn,28370,Attribute,능력치,
tree_dn,28371,Damage vs Full Life,피해 상대 Full 생명력,
tree_dn,28408,Invigorating Hate,Invigorating Hate,
tree_dn,2841,Life Mastery,생명력 숙련,
tree_dn,2843,Tolerant Equipment,Tolerant Equipment,
tree_dn,28431,Eternal Life,Eternal 생명력,
tree_dn,28432,Armour if Consumed Endurance Charge,방어도 if Consumed 인내 충전,
tree_dn,28441,Frantic Swings,Frantic Swings,
tree_dn,28446,Attack Area,공격 범위,
tree_dn,28458,Minion Damage,소환수 피해,
tree_dn,2847,Attribute,능력치,
tree_dn,28476,Thorns Mastery,Thorns 숙련,
tree_dn,28482,Total Incineration,Total Incineration,
tree_dn,28489,Shapeshifted Skill Effect Duration,Shapeshifted Skill 효과 지속시간,
tree_dn,28492,Iron Reflexes,Iron Reflexes,
tree_dn,28510,Attribute,능력치,
tree_dn,28516,Area of Effect,범위의 효과,
tree_dn,28542,The Molten One's Gift,The Molten One's Gift,
tree_dn,28556,Attribute,능력치,
tree_dn,28564,Warcry Speed,Warcry 속도,
tree_dn,2857,Strike Twice,Strike Twice,
tree_dn,28573,Minion Revive Speed,소환수 Revive 속도,
tree_dn,28578,Mana Regeneration and Critical Chance,마나 재생 및 치명타 확률,
tree_dn,28589,Armour if Hit,방어도 if 명중,
tree_dn,28613,Roaring Cries,Roaring Cries,
tree_dn,28623,Spell Suppression Mastery,주문 Suppression 숙련,
tree_dn,28625,Flask Recovery,플라스크 Recovery,
tree_dn,2863,Perpetual Freeze,Perpetual 동결,
tree_dn,28638,Quarterstaff Mastery,육척봉 숙련,
tree_dn,2864,Attribute,능력치,
tree_dn,28680,Caster Mastery,시전자 숙련,
tree_dn,28693,Armour and Evasion,방어도 및 회피,
tree_dn,28718,Elemental Mastery,원소 숙련,
tree_dn,28745,Bringer of the Apocalypse,Bringer의 the 종말,
tree_dn,2877,Blackened Heart,Blackened Heart,
tree_dn,28770,Shapeshifted Elemental Damage,Shapeshifted 원소 피해,
tree_dn,28774,Cast Speed,시전 속도,
tree_dn,28797,Dagger Speed,Dagger 속도,
tree_dn,28800,Projectile Damage,투사체 피해,
tree_dn,28823,Charm Activation Chance,참 Activation 확률,
tree_dn,28835,Herald Damage,Herald 피해,
tree_dn,28839,Cast Speed,시전 속도,
tree_dn,28859,Ailment Chance and Elemental Damage,상태 이상 확률 및 원소 피해,
tree_dn,28860,Armour Break,방어도 파괴,
tree_dn,28862,Leech Mastery,흡수 숙련,
tree_dn,28863,Attack Mastery,공격 숙련,
tree_dn,2888,Life Leech,생명력 흡수,
tree_dn,28892,Primal Rage,Primal 격노,
tree_dn,28903,Poison Mastery,독 숙련,
tree_dn,28950,Devoted Protector,Devoted Protector,
tree_dn,28963,Chakra of Rhythm,Chakra의 Rhythm,
tree_dn,28975,Pure Power,Pure 권능,
tree_dn,28976,Poison Duration,독 지속시간,
tree_dn,28981,Rage when Hit,격노 when 명중,
tree_dn,28982,Attribute,능력치,
tree_dn,28992,Honed Instincts,Honed Instincts,
tree_dn,29009,Attribute,능력치,
tree_dn,29041,Slow Effect on You,Slow 효과 시 You,
tree_dn,29049,Charm Duration,참 지속시간,
tree_dn,29065,Bleeding Mastery,출혈 숙련,
tree_dn,29074,Overwhelming Toxicity,Overwhelming Toxicity,
tree_dn,29098,Attack and Spell Damage,공격 및 주문 피해,
tree_dn,29126,Shapeshifted Elemental Damage,Shapeshifted 원소 피해,
tree_dn,29133,Elemental Damage,원소 피해,
tree_dn,29148,Attribute,능력치,
tree_dn,29162,Spirit,정신력,
tree_dn,29197,Archon Duration and Critical Damage,Archon 지속시간 및 치명타 피해,
tree_dn,292,Life Mastery,생명력 숙련,
tree_dn,29240,Attribute,능력치,
tree_dn,29246,Parried Debuff Magnitude,Parried Debuff Magnitude,
tree_dn,29270,Attack Damage,공격 피해,
tree_dn,29285,Movement Speed,이동 속도,
tree_dn,29288,Deadly Invocations,Deadly Invocations,
tree_dn,29306,Chakra of Thought,Chakra의 Thought,
tree_dn,29320,Stun Threshold during Parry,기절 한계값 during Parry,
tree_dn,29323,Armour,방어도,
tree_dn,29328,Ailment Chance,상태 이상 확률,
tree_dn,29358,Stun Buildup,기절 누적,
tree_dn,2936,Attack Critical Damage,공격 치명타 피해,
tree_dn,29361,Evasion and Energy Shield,회피 및 에너지 보호막,
tree_dn,29369,Chill Magnitude,냉각 Magnitude,
tree_dn,29372,Sudden Infuriation,Sudden Infuriation,
tree_dn,29391,Infused Spell Damage,Infused 주문 피해,
tree_dn,29398,Chill Duration,냉각 지속시간,
tree_dn,29399,Armour and Evasion,방어도 및 회피,
tree_dn,29402,Electrocute Buildup,Electrocute 누적,
tree_dn,29408,Mana Cost Efficiency,마나 Cost 효율,
tree_dn,29432,Energy Shield,에너지 보호막,
tree_dn,29447,Armour,방어도,
tree_dn,29458,Poison Damage,독 피해,
tree_dn,2946,Fire Resistance Mastery,화염 저항 숙련,
tree_dn,29479,Attribute,능력치,
tree_dn,29502,Cast Speed,시전 속도,
tree_dn,29514,Cluster Bombs,Cluster Bombs,
tree_dn,29517,Attribute,능력치,
tree_dn,29527,First Approach,First Approach,
tree_dn,2955,Projectile Damage,투사체 피해,
tree_dn,29582,Accuracy,정확도,
tree_dn,296,Elemental Penetration,원소 Penetration,
tree_dn,29611,Attribute,능력치,
tree_dn,2964,Thorns and Leech,Thorns 및 흡수,
tree_dn,29652,Spell Damage,주문 피해,
tree_dn,29663,Movement Mastery,이동 숙련,
tree_dn,29695,Energy Shield Delay,에너지 보호막 Delay,
tree_dn,29762,Guttural Roar,Guttural Roar,
tree_dn,29763,Lightning Penetration,번개 Penetration,
tree_dn,2978,Trap Mastery,덫 숙련,
tree_dn,29788,Life Leech,생명력 흡수,
tree_dn,29800,Shocking Limit,Shocking Limit,
tree_dn,29843,Evasion and Reduced Movement Penalty,회피 및 감소 이동 Penalty,
tree_dn,29871,Mark Effect,징표 효과,
tree_dn,29881,Surging Beast,Surging Beast,
tree_dn,29899,Finish Them,Finish Them,
tree_dn,29914,Armour and Evasion while Surrounded,방어도 및 회피 동안 포위,
tree_dn,29930,Companion Damage and Companion Life,동료 피해 및 동료 생명력,
tree_dn,29941,Incision Chance,Incision 확률,
tree_dn,2995,Energy Shield if Consumed Power Charge,에너지 보호막 if Consumed 권능 충전,
tree_dn,29959,Critical Damage,치명타 피해,
tree_dn,29985,Minion Damage,소환수 피해,
tree_dn,2999,Final Barrage,Final Barrage,
tree_dn,29990,Volatility on Kill,Volatility 시 Kill,
tree_dn,29993,Duration Mastery,지속시간 숙련,
tree_dn,30,Gathering Winds,몰아치는 바람,gathering winds
tree_dn,30007,Thorns,Thorns,
tree_dn,30040,Armour Break,방어도 파괴,
tree_dn,30047,Attribute,능력치,
tree_dn,30061,Curse Effect,저주 효과,
tree_dn,30071,Curse Effect,저주 효과,
tree_dn,30077,Caster Mastery,시전자 숙련,
tree_dn,30082,Crossbow Reload Speed,쇠뇌 Reload 속도,
tree_dn,30102,Volatility on Kill,Volatility 시 Kill,
tree_dn,30115,Hulking Form,Hulking Form,
tree_dn,30117,Spell Critical Chance,주문 치명타 확률,
tree_dn,30123,Two Handed Damage,Two Handed 피해,
tree_dn,30132,Wrapped Quiver,Wrapped 화살통,
tree_dn,30136,Damage vs Armour Broken Enemies,피해 상대 방어도 Broken Enemies,
tree_dn,30141,Attribute,능력치,
tree_dn,30143,Block,막기,
tree_dn,30151,Armour and Evasion,방어도 및 회피,
tree_dn,30197,Attack Speed with Companion in Presence,공격 속도 보유 동료 in Presence,
tree_dn,30210,Evasion Rating,회피 Rating,
tree_dn,30219,Accuracy,정확도,
tree_dn,30233,As the Whispers Demand,As the Whispers Demand,
tree_dn,3025,Attribute,능력치,
tree_dn,30252,Charm Effect,참 효과,
tree_dn,30258,Attack Speed and Minion Attack Speed,공격 속도 및 소환수 공격 속도,
tree_dn,30265,Energy Shield,에너지 보호막,
tree_dn,3027,Physical Damage,물리 피해,
tree_dn,30300,Thorns,Thorns,
tree_dn,30334,Ignite Duration,점화 지속시간,
tree_dn,30341,Master Fletching,Master Fletching,
tree_dn,30346,Energy Shield,에너지 보호막,
tree_dn,30371,Shield Damage,방패 피해,
tree_dn,30372,Lightning Penetration,번개 Penetration,
tree_dn,30390,Block,막기,
tree_dn,30392,Succour,Succour,
tree_dn,30395,Howling Beast,Howling Beast,
tree_dn,30408,Efficient Contraptions,Efficient Contraptions,
tree_dn,3041,Attribute,능력치,
tree_dn,3042,Life Mastery,생명력 숙련,
tree_dn,30456,High Alert,High Alert,
tree_dn,30457,Armour,방어도,
tree_dn,30459,Minion Offence Mastery,소환수 Offence 숙련,
tree_dn,30463,Ailment Threshold,상태 이상 한계값,
tree_dn,3051,Offering Life,공물 생명력,
tree_dn,30523,Dead can Dance,시체 can Dance,
tree_dn,30539,Corpses,Corpses,
tree_dn,30546,Electrified Claw,Electrified Claw,
tree_dn,30553,Warcry Mastery,Warcry 숙련,
tree_dn,30554,Minion Life,소환수 생명력,
tree_dn,30555,Attribute,능력치,
tree_dn,30562,Inner Faith,Inner Faith,
tree_dn,30615,Critical Damage when consuming a Power Charge,치명타 피해 when consuming a 권능 충전,
tree_dn,30634,Energy Shield Delay,에너지 보호막 Delay,
tree_dn,3065,Mystic Harvest,Mystic Harvest,
tree_dn,30657,Attribute,능력치,
tree_dn,30662,Lightning Damage,번개 피해,
tree_dn,30695,Vile Wounds,Vile Wounds,
tree_dn,30701,Reduced Projectile Speed,감소 투사체 속도,
tree_dn,30704,Life Regeneration and Damage,생명력 재생 및 피해,
tree_dn,30720,Entropic Incarnation,Entropic Incarnation,
tree_dn,30736,Deflection,Deflection,
tree_dn,30748,Controlled Chaos,Controlled 카오스,
tree_dn,30780,Ancestral Boosted Area and Damage,선조 Boosted 범위 및 피해,
tree_dn,30781,Movement Speed,이동 속도,
tree_dn,30808,Attribute,능력치,
tree_dn,30820,Attack Damage and Skill Duration,공격 피해 및 Skill 지속시간,
tree_dn,30829,Accuracy,정확도,
tree_dn,30834,Mana Regeneration,마나 재생,
tree_dn,30839,Attack Speed and Dexterity,공격 속도 및 Dexterity,
tree_dn,3084,Reduced Attribute Requirements,감소 능력치 Requirements,
tree_dn,30871,Life Flasks,생명력 Flasks,
tree_dn,30896,Channelling Speed,집중 유지 속도,
tree_dn,30904,Harmony Within,Harmony Within,
tree_dn,30905,Elemental Attack Damage,원소 공격 피해,
tree_dn,3091,Infusion Consumption Chance,Infusion Consumption 확률,
tree_dn,30910,Damage and Companion Damage,피해 및 동료 피해,
tree_dn,30959,Cold Penetration,냉기 Penetration,
tree_dn,30973,Dagger Critical Chance,Dagger 치명타 확률,
tree_dn,30979,Attribute,능력치,
tree_dn,30985,Infusion Chance,Infusion 확률,
tree_dn,30990,Critical Chance,치명타 확률,
tree_dn,30996,Gem Studded,젬 Studded,
tree_dn,31010,Shapeshifted Energy Shield Delay,Shapeshifted 에너지 보호막 Delay,
tree_dn,31017,Totem Damage,토템 피해,
tree_dn,31037,Remnant Effect,Remnant 효과,
tree_dn,31039,Critical Mastery,치명타 숙련,
tree_dn,31055,Bow Speed,활 속도,
tree_dn,3109,Grenade Area,수류탄 범위,
tree_dn,31112,Ballista Critical Strike,Ballista 치명타,
tree_dn,31116,Grasp of the Void,Grasp의 the Void,
tree_dn,31129,Lifelong Friend,Lifelong Friend,
tree_dn,31159,Life Regeneration while Stationary,생명력 재생 동안 Stationary,
tree_dn,31172,Falcon Technique,Falcon Technique,
tree_dn,31175,Grip of Evil,Grip의 Evil,
tree_dn,31189,Unexpected Finesse,Unexpected Finesse,
tree_dn,31223,Crimson Power,Crimson 권능,
tree_dn,31238,Attribute,능력치,
tree_dn,31273,Melee Damage,근접 피해,
tree_dn,3128,Cast Speed with Cold Skills,시전 속도 보유 냉기 Skills,
tree_dn,31284,Critical Mastery,치명타 숙련,
tree_dn,31286,Physical,물리,
tree_dn,31292,Mace Mastery,Mace 숙련,
tree_dn,31295,Attack Area,공격 범위,
tree_dn,3131,Dual Wielding Speed,Dual Wielding 속도,
tree_dn,31326,Slow Burn,Slow Burn,
tree_dn,31345,Lightning Penetration,번개 Penetration,
tree_dn,31364,Primal Protection,Primal Protection,
tree_dn,31366,Parry Stun Buildup,Parry 기절 누적,
tree_dn,31370,Armour and  Applies to Lightning Damage,방어도 및 Applies에 번개 피해,
tree_dn,31373,Vocal Empowerment,Vocal Empowerment,
tree_dn,31388,Slow Effect on You,Slow 효과 시 You,
tree_dn,31409,Evasion,회피,
tree_dn,31419,Increased Duration,증가 지속시간,
tree_dn,31433,Catalysis,Catalysis,
tree_dn,31449,Quarterstaff Critical Chance,육척봉 치명타 확률,
tree_dn,315,Bleeding Duration,출혈 지속시간,
tree_dn,31517,Seal Generation Frequency,Seal Generation Frequency,
tree_dn,31545,Attack Damage and Presence Area,공격 피해 및 Presence 범위,
tree_dn,31554,Increased Duration,증가 지속시간,
tree_dn,31566,Armour while Surrounded,방어도 동안 포위,
tree_dn,31609,Shield Defences,방패 Defences,
tree_dn,31626,Attack Area and Flammability Magnitude,공격 범위 및 Flammability Magnitude,
tree_dn,31630,Energy Shield Delay,에너지 보호막 Delay,
tree_dn,31644,Energy Shield Delay,에너지 보호막 Delay,
tree_dn,31647,Dexterity,Dexterity,
tree_dn,3165,Life,생명력,
tree_dn,31650,Totem Damage,토템 피해,
tree_dn,31673,Energy Shield Delay while Shapeshifted,에너지 보호막 Delay 동안 Shapeshifted,
tree_dn,31692,Critical Chance,치명타 확률,
tree_dn,31697,Infusion Duration,Infusion 지속시간,
tree_dn,3170,Deflection,Deflection,
tree_dn,31724,Iron Slippers,Iron Slippers,
tree_dn,31745,Lockdown,Lockdown,
tree_dn,31746,Fire Penetration,화염 Penetration,
tree_dn,31757,Physical Mastery,물리 숙련,
tree_dn,31763,Crossbow Critical Chance,쇠뇌 치명타 확률,
tree_dn,31765,Attribute,능력치,
tree_dn,31773,Resurging Archon,Resurging Archon,
tree_dn,31778,Cold Penetration,냉기 Penetration,
tree_dn,31779,Power Charge Mastery,권능 충전 숙련,
tree_dn,31805,Increased Duration,증가 지속시간,
tree_dn,31825,Attack Cold Damage,공격 냉기 피해,
tree_dn,31826,Long Distance Relationship,Long Distance Relationship,
tree_dn,31848,Thorns Ignore Armour,Thorns Ignore 방어도,
tree_dn,31855,Life Flasks,생명력 Flasks,
tree_dn,3188,Revenge,Revenge,
tree_dn,31888,Mana Cost Efficiency,마나 Cost 효율,
tree_dn,31890,Armour and Energy Shield,방어도 및 에너지 보호막,
tree_dn,31898,Herald Reservation,Herald Reservation,
tree_dn,31903,Attribute,능력치,
tree_dn,31908,Curse Effect,저주 효과,
tree_dn,31918,Pierce Chance,Pierce 확률,
tree_dn,31925,Warding Fetish,Warding Fetish,
tree_dn,31928,Physical Life Recoup,물리 생명력 회생,
tree_dn,31943,Cold Damage and Energy Shield Recharge Rate,냉기 피해 및 에너지 보호막 재충전 Rate,
tree_dn,31950,Attribute,능력치,
tree_dn,31977,Mana Regeneration,마나 재생,
tree_dn,31991,Attack Area,공격 범위,
tree_dn,32009,Curse Duration,저주 지속시간,
tree_dn,32016,Spell Damage,주문 피해,
tree_dn,3203,Evasion and Energy Shield,회피 및 에너지 보호막,
tree_dn,32040,Energy Shield Mastery,에너지 보호막 숙련,
tree_dn,32054,Spell Critical Damage,주문 치명타 피해,
tree_dn,32071,Primal Growth,Primal Growth,
tree_dn,32078,Arcane Surge Spell Damage,Arcane Surge 주문 피해,
tree_dn,3209,Evasion,회피,
tree_dn,32096,Companion Mastery,동료 숙련,
tree_dn,32123,Shock Chance,감전 확률,
tree_dn,32135,Flask Charges Gained,플라스크 충전 획득,
tree_dn,32148,Rattling Ball,Rattling Ball,
tree_dn,3215,Melding,Melding,
tree_dn,32151,Crystalline Resistance,Crystalline 저항,
tree_dn,32155,Elemental Damage and Shock Chance,원소 피해 및 감전 확률,
tree_dn,3218,Elemental Damage,원소 피해,
tree_dn,32183,Attribute,능력치,
tree_dn,32186,Shapeshifted Accuracy Rating,Shapeshifted 정확도 Rating,
tree_dn,32194,Attribute,능력치,
tree_dn,3223,Attributes,능력치,
tree_dn,32233,Duration Mastery,지속시간 숙련,
tree_dn,32239,Plant Skill Damage,Plant Skill 피해,
tree_dn,32241,Life Mastery,생명력 숙련,
tree_dn,32258,Minion Life,소환수 생명력,
tree_dn,32271,Flammability Magnitude,Flammability Magnitude,
tree_dn,32274,Evasion Mastery,회피 숙련,
tree_dn,32278,Minion Offence Mastery,소환수 Offence 숙련,
tree_dn,32301,Frazzled,Frazzled,
tree_dn,32309,Archon Duration,Archon 지속시간,
tree_dn,32319,Surpassing Arrow Chance,Surpassing 화살 확률,
tree_dn,3234,Pin Duration,Pin 지속시간,
tree_dn,32349,Giant's Blood,Giant's 피,
tree_dn,32353,Swift Claw,Swift Claw,
tree_dn,32354,Defiance,Defiance,
tree_dn,32364,Ignite Magnitude,점화 Magnitude,
tree_dn,32404,Spell Critical Chance,주문 치명타 확률,
tree_dn,32416,Sturdy Metal,Sturdy Metal,
tree_dn,3242,Mana Regeneration,마나 재생,
tree_dn,32427,Cold Penetration,냉기 Penetration,
tree_dn,32436,Intelligence,지능,
tree_dn,32438,Chaos Damage,카오스 피해,
tree_dn,32442,Quarterstaff Stun and Knockback,육척봉 기절 및 Knockback,
tree_dn,32448,Shockproof,Shockproof,
tree_dn,3245,Thorns and Block,Thorns 및 막기,
tree_dn,32474,Attribute,능력치,
tree_dn,32507,Cut to the Bone,Cut에 the 뼈,
tree_dn,32509,Caster Mastery,시전자 숙련,
tree_dn,3251,Attribute,능력치,
tree_dn,32523,Caster Mastery,시전자 숙련,
tree_dn,32534,Titan,Titan,
tree_dn,32543,Unhindered,Unhindered,
tree_dn,32545,Skill Speed,Skill 속도,
tree_dn,32549,Attack and Spell Damage,공격 및 주문 피해,
tree_dn,32559,Cooldown Recovery Rate,Cooldown Recovery Rate,
tree_dn,32560,Presence Area,Presence 범위,
tree_dn,32561,Two Handed Damage,Two Handed 피해,
tree_dn,32564,Movement Speed and Slow Effect on You,이동 속도 및 Slow 효과 시 You,
tree_dn,32597,Armour and Energy Shield,방어도 및 에너지 보호막,
tree_dn,32599,Area of Effect,범위의 효과,
tree_dn,326,Quarterstaff Critical Chance,육척봉 치명타 확률,
tree_dn,32600,Life Regeneration,생명력 재생,
tree_dn,32637,"Stay Light, Use Cover","Stay Light, 사용 Cover",
tree_dn,32655,Hunting Companion,Hunting 동료,
tree_dn,32660,Critical Chance,치명타 확률,
tree_dn,32664,Chakra of Breathing,Chakra의 Breathing,
tree_dn,32672,Freeze and Chill Resistance,동결 및 냉각 저항,
tree_dn,32681,Energy Shield Recharge and Delay,에너지 보호막 재충전 및 Delay,
tree_dn,32683,Essence of the Mountain,Essence의 the Mountain,
tree_dn,32699,Infernalist,Infernalist,
tree_dn,327,Evasion,회피,
tree_dn,32701,Attribute,능력치,
tree_dn,32705,Barya of Navira,Barya의 Navira,
tree_dn,32721,Distracted Target,Distracted Target,
tree_dn,32727,Armour Break,방어도 파괴,
tree_dn,32745,Physical Damage,물리 피해,
tree_dn,32763,Jewel Socket,주얼 Socket,
tree_dn,32768,Glory Generation,Glory Generation,
tree_dn,32771,Darkness,Darkness,
tree_dn,32777,Shapeshifting Mastery,Shapeshifting 숙련,
tree_dn,32799,Captivating Companionship,Captivating Companionship,
tree_dn,328,Bow Accuracy Rating,활 정확도 Rating,
tree_dn,3281,Powerful Casting,Powerful Casting,
tree_dn,32813,Life Flasks,생명력 Flasks,
tree_dn,32818,Charm Charges,참 충전,
tree_dn,3282,Ballista Immobilisation Buildup,Ballista Immobilisation 누적,
tree_dn,32845,Fire Damage,화염 피해,
tree_dn,32847,Command Skill Damage,Command Skill 피해,
tree_dn,32856,Cooldown Recovery Rate,Cooldown Recovery Rate,
tree_dn,32858,Dread Engineer's Concoction,Dread Engineer's 혼합물,
tree_dn,32859,Plant Skill Damage,Plant Skill 피해,
tree_dn,32885,Shield Block,방패 막기,
tree_dn,32891,Deflection and Evasion,Deflection 및 회피,
tree_dn,32896,Poison Chance,독 확률,
tree_dn,32903,Attack Area,공격 범위,
tree_dn,32905,Entwined Realities,Entwined Realities,
tree_dn,32923,Arcane Surge Effect and Life Regeneration,Arcane Surge 효과 및 생명력 재생,
tree_dn,32932,Ichlotl's Inferno,Ichlotl's Inferno,
tree_dn,32943,Damage and Companion Damage,피해 및 동료 피해,
tree_dn,32951,Preservation,Preservation,
tree_dn,32952,Bolstering Implants,Bolstering Implants,
tree_dn,32976,Gem Enthusiast,젬 Enthusiast,
tree_dn,33037,Chaining Projectiles,Chaining 투사체,
tree_dn,33045,Ailment Threshold and Slow Effect on You,상태 이상 한계값 및 Slow 효과 시 You,
tree_dn,33053,Projectile Damage,투사체 피해,
tree_dn,33059,Back in Action,Back in Action,
tree_dn,33080,Parry Debuff Magnitude,Parry Debuff Magnitude,
tree_dn,33093,Effervescent,Effervescent,
tree_dn,33099,Hunter's Talisman,Hunter's 부적,
tree_dn,331,Deflection and Evasion,Deflection 및 회피,
tree_dn,33112,Focus Energy Shield,집중구 에너지 보호막,
tree_dn,33137,Bleed Damage,출혈 피해,
tree_dn,33141,Life,생명력,
tree_dn,33180,Spell Area of Effect,주문 범위의 효과,
tree_dn,33203,Channelling Stun Threshold,집중 유지 기절 한계값,
tree_dn,33209,Totem Cast and Attack Speed,토템 시전 및 공격 속도,
tree_dn,33216,Deep Wounds,Deep Wounds,
tree_dn,33221,Cold Mastery,냉기 숙련,
tree_dn,33225,Minion Fire Resistance,소환수 화염 저항,
tree_dn,33229,Haemorrhaging Cuts,Haemorrhaging Cuts,
tree_dn,33240,Lord of Horrors,Lord의 Horrors,
tree_dn,33242,Ailment Chance,상태 이상 확률,
tree_dn,33244,Rage Mastery,격노 숙련,
tree_dn,33245,Projectile Damage,투사체 피해,
tree_dn,33254,Spell Damage,주문 피해,
tree_dn,3332,Minion Cold Resistance,소환수 냉기 저항,
tree_dn,33340,Stun Buildup,기절 누적,
tree_dn,33345,Mana Regeneration,마나 재생,
tree_dn,33348,Presence Area,Presence 범위,
tree_dn,3336,Critical Damage when consuming a Power Charge,치명타 피해 when consuming a 권능 충전,
tree_dn,33366,Evasion and Energy Shield,회피 및 에너지 보호막,
tree_dn,33369,Vaal Pact,Vaal Pact,
tree_dn,3339,Attack Damage while Surrounded,공격 피해 동안 포위,
tree_dn,33391,Critical Bleeding Effect,치명타 출혈 효과,
tree_dn,33393,Flail Damage,도리깨 피해,
tree_dn,33397,Fire Damage,화염 피해,
tree_dn,33400,Reverberating Parry,Reverberating Parry,
tree_dn,33402,Shield Defences,방패 Defences,
tree_dn,33404,Eternal Youth,Eternal Youth,
tree_dn,33408,Shapeshifted Life Leech,Shapeshifted 생명력 흡수,
tree_dn,33415,Crossbow Critical Chance,쇠뇌 치명타 확률,
tree_dn,33423,Totem Cast and Attack Speed,토템 시전 및 공격 속도,
tree_dn,33445,Block,막기,
tree_dn,33452,Block,막기,
tree_dn,33463,Attribute,능력치,
tree_dn,3348,Spirit of the Wolf,정신력의 the Wolf,
tree_dn,33514,Companion Mastery,동료 숙련,
tree_dn,33518,Slow Effect on You,Slow 효과 시 You,
tree_dn,33542,Quick Fingers,Quick Fingers,
tree_dn,3355,Slow Effect on You and Debuff Expiry Rate,Slow 효과 시 You 및 Debuff Expiry Rate,
tree_dn,33556,Melee Damage,근접 피해,
tree_dn,33562,Shapeshifted Damage,Shapeshifted 피해,
tree_dn,33570,Soulless Form,Soulless Form,
tree_dn,33585,Unspoken Bond,Unspoken Bond,
tree_dn,33590,Attack Mastery,공격 숙련,
tree_dn,33596,Crossbow Mastery,쇠뇌 숙련,
tree_dn,336,Storm Swell,폭풍 Swell,
tree_dn,33601,Freeze Buildup,동결 누적,
tree_dn,33604,Attack Mastery,공격 숙련,
tree_dn,33612,Minion Damage,소환수 피해,
tree_dn,33618,Duration Mastery,지속시간 숙련,
tree_dn,3363,Minion Life,소환수 생명력,
tree_dn,33639,Infused Spell Damage,Infused 주문 피해,
tree_dn,3365,Immobilisation Buildup,Immobilisation 누적,
tree_dn,33713,Projectile Speed,투사체 속도,
tree_dn,33722,Attribute,능력치,
tree_dn,33729,Elemental Damage and Flammability Magnitude,원소 피해 및 Flammability Magnitude,
tree_dn,33730,Focused Channel,Focused Channel,
tree_dn,33736,Skill Speed,Skill 속도,
tree_dn,33751,Cooldown Recovery Rate,Cooldown Recovery Rate,
tree_dn,33781,Area and Presence,범위 및 Presence,
tree_dn,338,Invocated Limit,Invocated Limit,
tree_dn,33812,Warbringer,Warbringer,
tree_dn,33815,Poison Duration,독 지속시간,
tree_dn,33823,Critical Mastery,치명타 숙련,
tree_dn,33824,Defences,Defences,
tree_dn,33829,Critical Chance,치명타 확률,
tree_dn,33830,Life Regeneration,생명력 재생,
tree_dn,33838,Ailment Chance and Duration,상태 이상 확률 및 지속시간,
tree_dn,33848,Projectile Speed,투사체 속도,
tree_dn,33866,Attack Damage,공격 피해,
tree_dn,33887,Full Salvo,Full Salvo,
tree_dn,33914,Energy Shield and Mana Regeneration,에너지 보호막 및 마나 재생,
tree_dn,33922,Stripped Defences,Stripped Defences,
tree_dn,33939,Armour Applies to Cold Damage Hits,방어도 Applies에 냉기 피해 명중,
tree_dn,33946,Attack Critical Chance,공격 치명타 확률,
tree_dn,33964,Trap Critical Chance,덫 치명타 확률,
tree_dn,33974,Attack Damage and Accuracy,공격 피해 및 정확도,
tree_dn,33978,Unstoppable Barrier,Unstoppable 방벽,
tree_dn,33979,Conduit,Conduit,
tree_dn,34006,Energy Shield,에너지 보호막,
tree_dn,34015,Attribute,능력치,
tree_dn,34030,Offering Life,공물 생명력,
tree_dn,34058,Attribute,능력치,
tree_dn,34061,Armour and Evasion,방어도 및 회피,
tree_dn,34074,Attack Critical Chance,공격 치명타 확률,
tree_dn,34076,Block Recovery,막기 Recovery,
tree_dn,34084,Duration Mastery,지속시간 숙련,
tree_dn,34090,Armour and Applies to Fire Damage,방어도 및 Applies에 화염 피해,
tree_dn,34096,Spell Damage,주문 피해,
tree_dn,34136,Attribute,능력치,
tree_dn,3414,Minion Lightning Resistance,소환수 번개 저항,
tree_dn,34143,Physical Damage,물리 피해,
tree_dn,34168,Crashing Wave,Crashing Wave,
tree_dn,34181,Maximum Rage,최대 격노,
tree_dn,34187,Plant Skill Damage,Plant Skill 피해,
tree_dn,3419,Dagger Damage,Dagger 피해,
tree_dn,34199,Minion Critical Damage,소환수 치명타 피해,
tree_dn,34201,Attribute,능력치,
tree_dn,34202,Strength,Strength,
tree_dn,34207,Barya of Ruzhan,Barya의 Ruzhan,
tree_dn,34210,Two Handed Damage,Two Handed 피해,
tree_dn,34233,Flow State,Flow State,
tree_dn,34248,Mana Regeneration,마나 재생,
tree_dn,34290,Ignite Magnitude,점화 Magnitude,
tree_dn,34300,Conservative Casting,Conservative Casting,
tree_dn,34305,Glory Generation and Attack Damage,Glory Generation 및 공격 피해,
tree_dn,34308,Personal Touch,Personal Touch,
tree_dn,3431,Skill Speed,Skill 속도,
tree_dn,34313,The Lesser Harm,The Lesser Harm,
tree_dn,34316,One with the River,One 보유 the River,
tree_dn,34317,Elemental Mastery,원소 숙련,
tree_dn,34324,Spectral Ward,Spectral Ward,
tree_dn,34327,Arcane Surge Spell Damage,Arcane Surge 주문 피해,
tree_dn,34340,Mass Rejuvenation,Mass Rejuvenation,
tree_dn,34367,Life Recoup,생명력 회생,
tree_dn,34375,Shield Defences,방패 Defences,
tree_dn,3438,Invocation Spell Damage,Invocation 주문 피해,
tree_dn,34401,Blind Mastery,Blind 숙련,
tree_dn,34412,Shapeshifted Damage,Shapeshifted 피해,
tree_dn,34415,Physical Damage,물리 피해,
tree_dn,34419,Grinning Immolation,Grinning Immolation,
tree_dn,34425,Precise Volatility,Precise Volatility,
tree_dn,3443,Minion Damage,소환수 피해,
tree_dn,34433,Armour and Evasion,방어도 및 회피,
tree_dn,34443,Companion Mastery,동료 숙련,
tree_dn,34449,Trap Critical Chance,덫 치명타 확률,
tree_dn,3446,Attribute,능력치,
tree_dn,34473,Spaghettification,Spaghettification,
tree_dn,34487,Totem Mastery,토템 숙련,
tree_dn,34490,Shapeshifted Aftershock Chance,Shapeshifted 여진 확률,
tree_dn,34493,Sentinels,Sentinels,
tree_dn,34497,Heartstopper,Heartstopper,
tree_dn,34501,Armour and Evasion,방어도 및 회피,
tree_dn,34520,Physical Damage,물리 피해,
tree_dn,34531,Hallowed,Hallowed,
tree_dn,34541,Energising Deflection,Energising Deflection,
tree_dn,34543,The Frenzied Bear,The Frenzied Bear,
tree_dn,34552,Minion Offence Mastery,소환수 Offence 숙련,
tree_dn,34553,Emboldening Lead,Emboldening Lead,
tree_dn,3458,Critical Damage,치명타 피해,
tree_dn,34612,Bow Damage,활 피해,
tree_dn,34621,Critical Damage,치명타 피해,
tree_dn,34623,Charge Duration and Dexterity,충전 지속시간 및 Dexterity,
tree_dn,34626,Recover Life on consuming Endurance Charge,Recover 생명력 시 consuming 인내 충전,
tree_dn,3463,Attribute,능력치,
tree_dn,34671,Stun Threshold and Strength,기절 한계값 및 Strength,
tree_dn,34702,Damage and Companion Damage,피해 및 동료 피해,
tree_dn,3471,Energy Shield Mastery,에너지 보호막 숙련,
tree_dn,34717,Mana Regeneration while not on Low Mana,마나 재생 동안 not 시 Low 마나,
tree_dn,3472,Spell Critical Chance,주문 치명타 확률,
tree_dn,34747,Accuracy,정확도,
tree_dn,34769,Life Regeneration Rate,생명력 재생 Rate,
tree_dn,34782,Shapeshifting Mastery,Shapeshifting 숙련,
tree_dn,34785,Unfurled Finger,Unfurled Finger,
tree_dn,34813,All Attributes,모든 능력치,
tree_dn,34817,Deepening Shadows,Deepening Shadows,
tree_dn,34818,Fire Resistance,화염 저항,
tree_dn,34840,Attribute,능력치,
tree_dn,34845,Hazard Area,Hazard 범위,
tree_dn,34853,Strength and Critical Damage Bonus on You,Strength 및 치명타 피해 보너스 시 You,
tree_dn,34866,Remnant Effect,Remnant 효과,
tree_dn,34871,Rage when Hit,격노 when 명중,
tree_dn,34882,Skill Gem Quality,Skill 젬 Quality,
tree_dn,34892,Aura Magnitude,오라 Magnitude,
tree_dn,34898,Debuff Expiry,Debuff Expiry,
tree_dn,34908,Staunch Deflection,Staunch Deflection,
tree_dn,34912,Trap Damage,덫 피해,
tree_dn,3492,Void,Void,
tree_dn,34927,Fire Mastery,화염 숙련,
tree_dn,34940,Meditative Focus,Meditative 집중구,
tree_dn,34968,Slow Effect on You,Slow 효과 시 You,
tree_dn,34984,Energy Shield Mastery,에너지 보호막 숙련,
tree_dn,34990,Poison Chance,독 확률,
tree_dn,35011,Attack Damage with Ally,공격 피해 보유 동료,
tree_dn,35015,Bleeding Damage,출혈 피해,
tree_dn,35028,In the Thick of It,In the Thick의 It,
tree_dn,35031,Chakra of Life,Chakra의 생명력,
tree_dn,35033,Skill Speed,Skill 속도,
tree_dn,35043,Parried Debuff Magnitude,Parried Debuff Magnitude,
tree_dn,35048,Attack Critical Chance,공격 치명타 확률,
tree_dn,35058,Stun Threshold if no recent Stun,기절 한계값 if no recent 기절,
tree_dn,35085,Critical Mastery,치명타 숙련,
tree_dn,35095,Chaos Damage,카오스 피해,
tree_dn,35118,Two Hand Mastery,Two Hand 숙련,
tree_dn,35151,Stun Threshold,기절 한계값,
tree_dn,3516,Melee Damage,근접 피해,
tree_dn,35171,Spell Area of Effect,주문 범위의 효과,
tree_dn,35173,Physical Damage and Critical Chance,물리 피해 및 치명타 확률,
tree_dn,35187,In for the Kill,In 동안 the Kill,
tree_dn,35223,Spear Attack Speed,창 공격 속도,
tree_dn,35234,Projectile Damage,투사체 피해,
tree_dn,35265,Attribute,능력치,
tree_dn,35284,Herald Reservation,Herald Reservation,
tree_dn,35324,Burnout,Burnout,
tree_dn,35369,Investing Energies,Investing Energies,
tree_dn,35380,Withered Effect,Withered 효과,
tree_dn,35393,Armour while Bleeding,방어도 동안 출혈,
tree_dn,354,Grenade Cooldown Recovery Rate,수류탄 Cooldown Recovery Rate,
tree_dn,35404,Cold Resistance,냉기 저항,
tree_dn,35408,Focus Energy Shield,집중구 에너지 보호막,
tree_dn,35417,Wyvern's Breath,Wyvern's Breath,
tree_dn,35426,Attribute,능력치,
tree_dn,3543,Attack Cold Damage,공격 냉기 피해,
tree_dn,3544,Lightning Damage,번개 피해,
tree_dn,35453,Slam Area of Effect,강타 범위의 효과,
tree_dn,35477,Far Sighted,Far Sighted,
tree_dn,35492,Minion Offence Mastery,소환수 Offence 숙련,
tree_dn,35503,Shock Effect and Mana Regeneration,감전 효과 및 마나 재생,
tree_dn,35534,Mark Use Speed,징표 사용 속도,
tree_dn,35535,Shaman,Shaman,
tree_dn,35558,Minion Revive Speed,소환수 Revive 속도,
tree_dn,35560,At your Command,At your Command,
tree_dn,35564,Turn the Clock Back,Turn the Clock Back,
tree_dn,35581,Near at Hand,Near at Hand,
tree_dn,35594,Armour Break Effect,방어도 파괴 효과,
tree_dn,35602,Offering Life,공물 생명력,
tree_dn,35618,Cold Coat,냉기 Coat,
tree_dn,35644,Poison Damage,독 피해,
tree_dn,35645,Command Skill Cooldown,Command Skill Cooldown,
tree_dn,35653,Grenade Damage,수류탄 피해,
tree_dn,35660,Attack Speed,공격 속도,
tree_dn,3567,Raw Mana,Raw 마나,
tree_dn,35671,Attack Speed and Dexterity,공격 속도 및 Dexterity,
tree_dn,35688,Reduced Attribute Requirements,감소 능력치 Requirements,
tree_dn,35689,Damage,피해,
tree_dn,35696,Attribute,능력치,
tree_dn,35708,Chill Magnitude,냉각 Magnitude,
tree_dn,35720,Strength and Spell Damage,Strength 및 주문 피해,
tree_dn,35739,Crushing Judgement,Crushing Judgement,
tree_dn,35745,Gain Maximum Endurance Charges on Gaining Endurance Charge,획득 최대 인내 충전 시 Gaining 인내 충전,
tree_dn,35755,Dagger Critical Damage,Dagger 치명타 피해,
tree_dn,35760,Elemental Damage,원소 피해,
tree_dn,35762,Furious Wellspring,Furious Wellspring,
tree_dn,35787,Increased Duration,증가 지속시간,
tree_dn,35792,Blood of Rage,피의 격노,
tree_dn,35801,Frenzy Charge Duration,격분 충전 지속시간,
tree_dn,35809,Reinvigoration,Reinvigoration,
tree_dn,35831,Mana Regeneration,마나 재생,
tree_dn,35848,Flask Recovery,플라스크 Recovery,
tree_dn,35849,Thickened Arteries,Thickened Arteries,
tree_dn,35855,Fortifying Blood,Fortifying 피,
tree_dn,35859,Leech Mastery,흡수 숙련,
tree_dn,35863,Attack Speed,공격 속도,
tree_dn,35876,Admonisher,Admonisher,
tree_dn,35878,Elemental Attack Damage,원소 공격 피해,
tree_dn,35880,Cast Speed,시전 속도,
tree_dn,35896,Attribute,능력치,
tree_dn,35901,Attribute,능력치,
tree_dn,35918,One For All,One For 모든,
tree_dn,35920,Maximum Rage,최대 격노,
tree_dn,35921,Attack Area,공격 범위,
tree_dn,35966,Heart Tissue,Heart Tissue,
tree_dn,35974,Totem Life,토템 생명력,
tree_dn,35977,Warcry Mastery,Warcry 숙련,
tree_dn,35980,Lightning Mastery,번개 숙련,
tree_dn,35985,Melee Damage,근접 피해,
tree_dn,35987,Blur,Blur,
tree_dn,3601,Fire Damage,화염 피해,
tree_dn,36025,Minion Damage,소환수 피해,
tree_dn,36027,Attack Damage,공격 피해,
tree_dn,3605,Unbound Encore,Unbound Encore,
tree_dn,36070,Attack Area,공격 범위,
tree_dn,36071,Spear Mastery,창 숙련,
tree_dn,36085,Serrated Edges,Serrated Edges,
tree_dn,36100,Molten Claw,Molten Claw,
tree_dn,36109,Kelari's Malediction,Kelari's Malediction,
tree_dn,36114,Attack Damage while Moving,공격 피해 동안 Moving,
tree_dn,36163,Block,막기,
tree_dn,36169,Grenade Area,수류탄 범위,
tree_dn,36170,Armour and Evasion,방어도 및 회피,
tree_dn,36191,Stun Threshold,기절 한계값,
tree_dn,36197,Totem Placement Speed,토템 Placement 속도,
tree_dn,36217,Volatility Detonation Time,Volatility Detonation Time,
tree_dn,36231,Critical Damage when consuming a Power Charge,치명타 피해 when consuming a 권능 충전,
tree_dn,3624,Pin Buildup,Pin 누적,
tree_dn,36250,Shapeshifted Life Regeneration,Shapeshifted 생명력 재생,
tree_dn,36252,Tactician,Tactician,
tree_dn,36270,Daze on Hit,Daze 시 명중,
tree_dn,3628,Energy Shield Delay,에너지 보호막 Delay,
tree_dn,36286,Spell and Minion Damage,주문 및 소환수 피해,
tree_dn,36290,Energy Shield Delay,에너지 보호막 Delay,
tree_dn,36293,Lightning Penetration,번개 Penetration,
tree_dn,36298,Ailment Effect,상태 이상 효과,
tree_dn,3630,Evasion and Energy Shield Recharge,회피 및 에너지 보호막 재충전,
tree_dn,36302,Practiced Signs,Practiced Signs,
tree_dn,36325,Fire Penetration,화염 Penetration,
tree_dn,36333,Explosive Empowerment,Explosive Empowerment,
tree_dn,36341,Cull the Hordes,Cull the Hordes,
tree_dn,36358,Chaos Damage,카오스 피해,
tree_dn,36364,Electrocution,Electrocution,
tree_dn,36365,Ritualist,Ritualist,
tree_dn,36379,Mana Regeneration,마나 재생,
tree_dn,36389,Rage on Hit,격노 시 명중,
tree_dn,364,All Attributes,모든 능력치,
tree_dn,3640,Attack Damage and Combo,공격 피해 및 Combo,
tree_dn,36408,Deadly Thorns,Deadly Thorns,
tree_dn,36449,Pin Buildup,Pin 누적,
tree_dn,36450,Spell Damage on full Energy Shield,주문 피해 시 full 에너지 보호막,
tree_dn,36474,Curse Effect on Self,저주 효과 시 Self,
tree_dn,36478,Attack Damage,공격 피해,
tree_dn,36479,Essence of the Storm,Essence의 the 폭풍,
tree_dn,36504,Freeze Buildup,동결 누적,
tree_dn,36507,Vile Mending,Vile Mending,
tree_dn,3652,Projectile Speed and Physical Damage,투사체 속도 및 물리 피해,
tree_dn,36522,Attack Area,공격 범위,
tree_dn,36540,Lightning Resistance,번개 저항,
tree_dn,36556,Channelling Defences,집중 유지 Defences,
tree_dn,36564,Beidat's Gaze,Beidat's Gaze,
tree_dn,36576,Attack Damage,공격 피해,
tree_dn,36596,Damage against Enemies on Low Life,피해 against Enemies 시 Low 생명력,
tree_dn,3660,Blind Chance,Blind 확률,
tree_dn,36602,Critical Damage,치명타 피해,
tree_dn,36623,Convalescence,Convalescence,
tree_dn,36629,Attribute,능력치,
tree_dn,36630,Incision,Incision,
tree_dn,36639,Curse Duration,저주 지속시간,
tree_dn,36659,Imploding Impacts,Imploding Impacts,
tree_dn,36676,Passive Points,Passive Points,
tree_dn,36677,Spear Damage,창 피해,
tree_dn,36696,Life,생명력,
tree_dn,36709,Stun Threshold,기절 한계값,
tree_dn,36723,Stun and Freeze Buildup,기절 및 동결 누적,
tree_dn,36728,Thaumaturgical Infusion,Thaumaturgical Infusion,
tree_dn,36737,Area Damage,범위 피해,
tree_dn,36746,Energy Shield Recharge,에너지 보호막 재충전,
tree_dn,36759,Caster Mastery,시전자 숙련,
tree_dn,36778,Shock Chance,감전 확률,
tree_dn,36782,Freeze Buildup,동결 누적,
tree_dn,36788,Leech,흡수,
tree_dn,36808,Spiked Shield,Spiked 방패,
tree_dn,3681,Elemental Threshold,원소 한계값,
tree_dn,36814,Curse Duration,저주 지속시간,
tree_dn,36822,Attributes,능력치,
tree_dn,3685,All Attributes,모든 능력치,
tree_dn,3688,Dynamism,Dynamism,
tree_dn,36880,Arcane Surge Effect,Arcane Surge 효과,
tree_dn,36891,Baryanic Leylines,Baryanic Leylines,
tree_dn,36894,Bleed Chance,출혈 확률,
tree_dn,36927,Mark Use Speed,징표 사용 속도,
tree_dn,36931,Concussive Attack,Concussive 공격,
tree_dn,36976,Marked for Death,Marked 동안 Death,
tree_dn,3698,Spike Pit,Spike Pit,
tree_dn,36994,Energy Shield,에너지 보호막,
tree_dn,36997,Stun Threshold during Parry,기절 한계값 during Parry,
tree_dn,3700,Stun and Freeze Buildup,기절 및 동결 누적,
tree_dn,37026,Armour Break and Physical Damage,방어도 파괴 및 물리 피해,
tree_dn,3704,Witchbane,Witchbane,
tree_dn,37046,Corrupted Lifeforce,Corrupted Lifeforce,
tree_dn,37078,Zealous Inquisition,Zealous Inquisition,
tree_dn,37092,Exposure Effect and Slow Effect,Exposure 효과 및 Slow 효과,
tree_dn,37164,Non-Damaging Ailment Magnitude,Non-Damaging 상태 이상 Magnitude,
tree_dn,3717,Crossbow Damage,쇠뇌 피해,
tree_dn,37187,Shapeshifted Damage against Immobilised,Shapeshifted 피해 against Immobilised,
tree_dn,37190,Life Leech,생명력 흡수,
tree_dn,372,Heatproof,Heatproof,
tree_dn,37220,Evasion,회피,
tree_dn,37226,Warcry Speed,Warcry 속도,
tree_dn,3723,Attack and Minion Damage,공격 및 소환수 피해,
tree_dn,37242,Stun Threshold,기절 한계값,
tree_dn,37244,Shield Expertise,방패 Expertise,
tree_dn,37250,Attack Area Damage,공격 범위 피해,
tree_dn,37258,Attribute,능력치,
tree_dn,37260,Warcry Speed,Warcry 속도,
tree_dn,37266,Nourishing Ally,Nourishing 동료,
tree_dn,37276,Battle Trance,Battle Trance,
tree_dn,37279,Lightning Damage and Mana Regeneration,번개 피해 및 마나 재생,
tree_dn,37290,Maximum Rage while Shapeshifted,최대 격노 동안 Shapeshifted,
tree_dn,37302,Kept at Bay,Kept at Bay,
tree_dn,37304,Elemental,원소,
tree_dn,37327,Mana Regeneration,마나 재생,
tree_dn,37336,Avidity,Avidity,
tree_dn,37361,Bleeding Damage,출혈 피해,
tree_dn,37372,Lightning Skill Speed,번개 Skill 속도,
tree_dn,37389,Attack Damage,공격 피해,
tree_dn,37397,Neurological Implants,Neurological Implants,
tree_dn,37408,Staunching,Staunching,
tree_dn,37414,Accuracy,정확도,
tree_dn,3744,Dexterity,Dexterity,
tree_dn,37450,Ailment Chance,상태 이상 확률,
tree_dn,37484,Primal Hunger,Primal Hunger,
tree_dn,375,Mace Damage,Mace 피해,
tree_dn,37509,Shapeshifting Critical Hit Chance,Shapeshifting 치명타 확률,
tree_dn,37514,Whirling Assault,Whirling Assault,
tree_dn,37519,Movement Speed ,이동 속도,
tree_dn,37523,"Cannons, Ready!","Cannons, Ready!",
tree_dn,37532,Lightning Mastery,번개 숙련,
tree_dn,37543,Full Recovery,Full Recovery,
tree_dn,37548,Mana Leech,마나 흡수,
tree_dn,37568,Strength and Critical Damage Bonus on You,Strength 및 치명타 피해 보너스 시 You,
tree_dn,37593,Remnant Pickup Range,Remnant Pickup Range,
tree_dn,37594,Minion Damage,소환수 피해,
tree_dn,37608,Physical Damage,물리 피해,
tree_dn,37612,Attribute,능력치,
tree_dn,37616,Trap Mastery,덫 숙련,
tree_dn,3762,Ancestral Empowerment,선조 Empowerment,
tree_dn,37629,Attribute,능력치,
tree_dn,37641,Armour and Energy Shield Mastery,방어도 및 에너지 보호막 숙련,
tree_dn,37644,Physical Attack Damage,물리 공격 피해,
tree_dn,37665,Area Damage and Armour Break,범위 피해 및 방어도 파괴,
tree_dn,37688,Devestating Devices,Devestating Devices,
tree_dn,37691,Attack Damage,공격 피해,
tree_dn,37694,Fire Damage,화염 피해,
tree_dn,37695,Evasion,회피,
tree_dn,37742,Manifold Method,Manifold Method,
tree_dn,37746,Flammability Magnitude,Flammability Magnitude,
tree_dn,3775,Life Flask Charges,생명력 플라스크 충전,
tree_dn,37767,Attack Speed,공격 속도,
tree_dn,37778,Self Sacrificing,Self Sacrificing,
tree_dn,37780,Combo Gain,Combo 획득,
tree_dn,37782,Fateful Vision,Fateful Vision,
tree_dn,37795,Shield Mastery,방패 숙련,
tree_dn,378,Critical Hit Chance,치명타 확률,
tree_dn,37806,Branching Bolts,Branching 화살,
tree_dn,3781,Unravelling,Unravelling,
tree_dn,37813,Shock Duration,감전 지속시간,
tree_dn,37869,Later Rage Loss Start,Later 격노 Loss Start,
tree_dn,37872,Presence Present,Presence Present,
tree_dn,37876,Spell Damage,주문 피해,
tree_dn,37888,Limitless Pursuit,Limitless Pursuit,
tree_dn,37905,Flammability Magnitude,Flammability Magnitude,
tree_dn,37946,Projectile Stun Buildup,투사체 기절 누적,
tree_dn,37951,Deflection,Deflection,
tree_dn,37956,Reduced Duration,감소 지속시간,
tree_dn,37963,Sword Damage,Sword 피해,
tree_dn,37971,Companion Mastery,동료 숙련,
tree_dn,37972,Charm Charges,참 충전,
tree_dn,37974,Energy Shield,에너지 보호막,
tree_dn,37991,Curse Effect,저주 효과,
tree_dn,38003,Stun Threshold,기절 한계값,
tree_dn,38004,Explosive Concoction,Explosive 혼합물,
tree_dn,38010,Glory Generation and Attack Damage,Glory Generation 및 공격 피해,
tree_dn,38014,Slam Area of Effect,강타 범위의 효과,
tree_dn,38044,Evasion,회피,
tree_dn,38053,Deafening Cries,Deafening Cries,
tree_dn,38057,Armour and Evasion,방어도 및 회피,
tree_dn,38066,Armour Break and Armour,방어도 파괴 및 방어도,
tree_dn,38068,Elemental Ailment Chance,원소 상태 이상 확률,
tree_dn,38069,Energy,에너지,
tree_dn,38103,Increased Duration and Stun Threshold,증가 지속시간 및 기절 한계값,
tree_dn,38105,Energy Shield,에너지 보호막,
tree_dn,38111,Pliable Flesh,Pliable Flesh,
tree_dn,38124,Totem Damage,토템 피해,
tree_dn,38130,Warcry Cooldown Speed,Warcry Cooldown 속도,
tree_dn,38138,Reduced Attribute Requirements,감소 능력치 Requirements,
tree_dn,38143,Attribute,능력치,
tree_dn,38172,Totem Placement Speed,토템 Placement 속도,
tree_dn,38212,Life Recoup,생명력 회생,
tree_dn,38215,Lightning Penetration,번개 Penetration,
tree_dn,3823,Elemental Force,원소 Force,
tree_dn,38235,Life Mastery,생명력 숙련,
tree_dn,38270,Lightning Damage,번개 피해,
tree_dn,38292,Flammability Magnitude,Flammability Magnitude,
tree_dn,38300,Flammability Magnitude,Flammability Magnitude,
tree_dn,38313,Projectile Speed,투사체 속도,
tree_dn,38320,Fire Mastery,화염 숙련,
tree_dn,38323,Attribute,능력치,
tree_dn,38329,Biting Frost,Biting 서리,
tree_dn,38338,Elemental Damage,원소 피해,
tree_dn,38342,Stupefy,Stupefy,
tree_dn,38365,Recover Life on consuming Endurance Charge,Recover 생명력 시 consuming 인내 충전,
tree_dn,38368,Life Recoup,생명력 회생,
tree_dn,38369,Spear Critical Chance,창 치명타 확률,
tree_dn,38398,Apocalypse,종말,
tree_dn,38420,Mana Regeneration,마나 재생,
tree_dn,3843,Parry Stun Buildup,Parry 기절 누적,
tree_dn,38430,Trap Mastery,덫 숙련,
tree_dn,38433,Minion Life,소환수 생명력,
tree_dn,38459,Disorientation,Disorientation,
tree_dn,38463,Attribute,능력치,
tree_dn,38474,Bleed Mastery,출혈 숙련,
tree_dn,38479,Close Confines,Close Confines,
tree_dn,38493,Critical Damage,치명타 피해,
tree_dn,38497,Charm Charges Used,참 충전 Used,
tree_dn,38501,Attack Speed,공격 속도,
tree_dn,38532,Thirst for Power,Thirst 동안 권능,
tree_dn,38535,Stormcharged,Stormcharged,
tree_dn,38537,Heartstopping,Heartstopping,
tree_dn,38541,Critical Chance,치명타 확률,
tree_dn,38564,Sword Damage,Sword 피해,
tree_dn,38568,Blind Mastery,Blind 숙련,
tree_dn,38570,Demolitionist,Demolitionist,
tree_dn,38578,Multiplying Squalls,Multiplying Squalls,
tree_dn,38596,Curse Effect on Self,저주 효과 시 Self,
tree_dn,38601,Obsessive Rituals,Obsessive Rituals,
tree_dn,38614,Psychic Fragmentation,Psychic Fragmentation,
tree_dn,38628,Escalating Toxins,Escalating Toxins,
tree_dn,38646,Armour,방어도,
tree_dn,3866,Minion Life,소환수 생명력,
tree_dn,38663,Melee Critical Chance,근접 치명타 확률,
tree_dn,38668,Energy Shield Delay,에너지 보호막 Delay,
tree_dn,38670,Armour if Hit,방어도 if 명중,
tree_dn,38676,Attack Damage,공격 피해,
tree_dn,38678,Ailment Threshold,상태 이상 한계값,
tree_dn,38694,Herald Damage,Herald 피해,
tree_dn,38697,Block Chance,막기 확률,
tree_dn,38703,Accuracy and Attack Critical Chance,정확도 및 공격 치명타 확률,
tree_dn,38707,Attribute,능력치,
tree_dn,38728,Deflection and Evasion,Deflection 및 회피,
tree_dn,38732,Attribute,능력치,
tree_dn,38763,Herald Reservation,Herald Reservation,
tree_dn,38769,Armour Break,방어도 파괴,
tree_dn,38776,Dexterity,Dexterity,
tree_dn,38779,Armour and Evasion,방어도 및 회피,
tree_dn,38814,Attribute,능력치,
tree_dn,38827,Armour and Energy Shield,방어도 및 에너지 보호막,
tree_dn,38856,Attribute,능력치,
tree_dn,38876,Attribute,능력치,
tree_dn,38878,Debuff Expiry,Debuff Expiry,
tree_dn,38888,Unerring Impact,Unerring Impact,
tree_dn,38895,Crystal Elixir,Crystal Elixir,
tree_dn,38921,Block Mastery,막기 숙련,
tree_dn,38923,Skill Speed,Skill 속도,
tree_dn,3893,Deflection,Deflection,
tree_dn,3894,Eldritch Will,Eldritch Will,
tree_dn,38944,Shock Chance and Lightning Damage,감전 확률 및 번개 피해,
tree_dn,3896,Vale Dweller,Vale Dweller,
tree_dn,38965,Infused Limits,Infused Limits,
tree_dn,38966,Stun Threshold and Evasion Rating,기절 한계값 및 회피 Rating,
tree_dn,38969,Finesse,Finesse,
tree_dn,38972,Restless Dead,Restless 시체,
tree_dn,38993,Bow Critical Damage,활 치명타 피해,
tree_dn,39037,Attribute,능력치,
tree_dn,39050,Exploit,Exploit,
tree_dn,39083,Blood Rush,피 Rush,
tree_dn,39102,Gain Maximum Power Charges on Gaining Power Charge,획득 최대 권능 충전 시 Gaining 권능 충전,
tree_dn,39116,Physical Mastery,물리 숙련,
tree_dn,39128,Daze Magnitude,Daze Magnitude,
tree_dn,39130,Life Spell Damage,생명력 주문 피해,
tree_dn,39131,Attribute,능력치,
tree_dn,3918,Mana Regeneration,마나 재생,
tree_dn,39190,Melee Damage,근접 피해,
tree_dn,39204,Force of Will,Force의 Will,
tree_dn,39207,Slow Effect on You,Slow 효과 시 You,
tree_dn,3921,Fate Finding,Fate Finding,
tree_dn,39228,Fire Penetration,화염 Penetration,
tree_dn,39237,Critical Mastery,치명타 숙련,
tree_dn,39241,Energy Shield,에너지 보호막,
tree_dn,39274,Life Leech,생명력 흡수,
tree_dn,39280,Increased Duration,증가 지속시간,
tree_dn,39292,Evasion,회피,
tree_dn,39298,Attribute,능력치,
tree_dn,39307,Physical Damage,물리 피해,
tree_dn,39347,Breaking Blows,Breaking Blows,
tree_dn,3936,Melee Damage,근접 피해,
tree_dn,39365,Totem Life,토템 생명력,
tree_dn,39369,Struck Through,Struck Through,
tree_dn,39411,Answered Call,Answered 부름,
tree_dn,39423,Lightning Penetration,번개 Penetration,
tree_dn,39431,Crossbow Mastery,쇠뇌 숙련,
tree_dn,39448,Axe Attack Speed,Axe 공격 속도,
tree_dn,39461,Minion Damage and Life,소환수 피해 및 생명력,
tree_dn,39470,Minion Life,소환수 생명력,
tree_dn,3949,Empowered Attack Damage and Power Counted,Empowered 공격 피해 및 권능 Counted,
tree_dn,39495,Companion Damage,동료 피해,
tree_dn,39515,Fire Damage,화염 피해,
tree_dn,39517,Block,막기,
tree_dn,39540,Critical Chance,치명타 확률,
tree_dn,39564,Melee Damage,근접 피해,
tree_dn,39567,Ingenuity,Ingenuity,
tree_dn,39569,Critical Damage,치명타 피해,
tree_dn,39570,Bleeding Chance on Critical,출혈 확률 시 치명타,
tree_dn,39581,Stun Buildup,기절 누적,
tree_dn,39594,Fire Penetration,화염 Penetration,
tree_dn,39598,Empowered Attack Damage and Power Counted,Empowered 공격 피해 및 권능 Counted,
tree_dn,39607,Flask Charges Gained,플라스크 충전 획득,
tree_dn,39608,Hazard Duration,Hazard 지속시간,
tree_dn,39621,Later Rage Loss Start,Later 격노 Loss Start,
tree_dn,39640,Shaper of Storms,Shaper의 Storms,
tree_dn,39658,Block,막기,
tree_dn,39659,Spell Damage,주문 피해,
tree_dn,39710,Attribute,능력치,
tree_dn,39716,Flammability Magnitude,Flammability Magnitude,
tree_dn,39723,Projectile Damage,투사체 피해,
tree_dn,39732,Accuracy,정확도,
tree_dn,39752,Elemental Ailment Duration,원소 상태 이상 지속시간,
tree_dn,39759,Life Regeneration,생명력 재생,
tree_dn,39839,Stun Threshold if no recent Stun,기절 한계값 if no recent 기절,
tree_dn,3985,Forces of Nature,Forces의 Nature,
tree_dn,39857,Mentorship,Mentorship,
tree_dn,3987,Skill Speed,Skill 속도,
tree_dn,3988,Empowered Attack Damage,Empowered 공격 피해,
tree_dn,39881,Staggering Palm,Staggering Palm,
tree_dn,39884,Searing Heat,Searing Heat,
tree_dn,39886,Attribute,능력치,
tree_dn,39911,Frantic Reach,Frantic Reach,
tree_dn,39935,Necromantic Talisman,Necromantic 부적,
tree_dn,3994,Deflection,Deflection,
tree_dn,3995,Crossbow Reload Speed,쇠뇌 Reload 속도,
tree_dn,39964,Mana Regeneration,마나 재생,
tree_dn,39986,Companion Damage,동료 피해,
tree_dn,39987,Chaos Damage and Duration,카오스 피해 및 지속시간,
tree_dn,3999,Area Damage,범위 피해,
tree_dn,39990,Chronomancy,Chronomancy,
tree_dn,4,Shock Chance,감전 확률,
tree_dn,40,Sustainable Practices,Sustainable Practices,
tree_dn,40006,Life Regeneration Rate and Presence,생명력 재생 Rate 및 Presence,
tree_dn,40024,Poison Chance,독 확률,
tree_dn,40043,Bleeding Damage,출혈 피해,
tree_dn,40068,Freeze Buildup,동결 누적,
tree_dn,40073,Drenched,Drenched,
tree_dn,40105,Attack Speed and Minion Attack Speed,공격 속도 및 소환수 공격 속도,
tree_dn,40110,Blind Effect,Blind 효과,
tree_dn,40117,Spiked Armour,Spiked 방어도,
tree_dn,4015,Warcry Cooldown,Warcry Cooldown,
tree_dn,40166,Deep Trance,Deep Trance,
tree_dn,4017,Energy Shield Recharge,에너지 보호막 재충전,
tree_dn,40196,Caster Mastery,시전자 숙련,
tree_dn,40200,Minion Damage,소환수 피해,
tree_dn,40213,Taste for Blood,Taste 동안 피,
tree_dn,40244,One Handed Attack Speed,One Handed 공격 속도,
tree_dn,40270,Frenetic,Frenetic,
tree_dn,40271,Fire Mastery,화염 숙련,
tree_dn,40276,Bleed Chance,출혈 확률,
tree_dn,40292,Nimble Strength,Nimble Strength,
tree_dn,4031,Icebreaker,Icebreaker,
tree_dn,40313,Archon Effect and Duration,Archon 효과 및 지속시간,
tree_dn,40325,Resolution,Resolution,
tree_dn,40328,Warcry Speed,Warcry 속도,
tree_dn,40333,Damage with Companion in Presence,피해 보유 동료 in Presence,
tree_dn,40336,Bleeding Chance,출혈 확률,
tree_dn,40341,Movement Speed,이동 속도,
tree_dn,40345,Master of Hexes,Master의 Hexes,
tree_dn,40395,Attack Mastery,공격 숙련,
tree_dn,40399,Energise,Energise,
tree_dn,40453,Energy,에너지,
tree_dn,4046,Electrocute Buildup,Electrocute 누적,
tree_dn,40471,Dexterity,Dexterity,
tree_dn,40480,Harmonic Generator,Harmonic Generator,
tree_dn,40511,Minion Life,소환수 생명력,
tree_dn,40550,Totem Mastery,토템 숙련,
tree_dn,4059,Attribute,능력치,
tree_dn,40596,Stun Threshold,기절 한계값,
tree_dn,40597,Ballista Attack Speed,Ballista 공격 속도,
tree_dn,4061,Energy Shield,에너지 보호막,
tree_dn,40626,Trap Mastery,덫 숙련,
tree_dn,40630,Flask Charges Gained,플라스크 충전 획득,
tree_dn,40632,Deflection,Deflection,
tree_dn,40687,Lead by Example,Lead by Example,
tree_dn,40691,Energy Shield Recharge,에너지 보호막 재충전,
tree_dn,40719,Damage vs Low Life Enemies,피해 상대 Low 생명력 Enemies,
tree_dn,40721,Stormweaver,Stormweaver,
tree_dn,40736,Glory Generation and Attack Damage,Glory Generation 및 공격 피해,
tree_dn,40760,Critical Chance,치명타 확률,
tree_dn,40783,Attribute,능력치,
tree_dn,40803,Sigil of Ice,Sigil의 Ice,
tree_dn,4083,Poison Damage,독 피해,
tree_dn,4086,Strategic Embankments,Strategic Embankments,
tree_dn,40894,Minion Life,소환수 생명력,
tree_dn,40915,Wooden Wall,Wooden Wall,
tree_dn,40918,Ailment Effect and Duration,상태 이상 효과 및 지속시간,
tree_dn,40929,Archon Duration,Archon 지속시간,
tree_dn,40975,Ballista Damage,Ballista 피해,
tree_dn,40985,Empowering Remnants,Empowering Remnants,
tree_dn,40990,Exposed to the Storm,Exposed에 the 폭풍,
tree_dn,41008,Penetrate,Penetrate,
tree_dn,41012,Fire Damage and Armour ,화염 피해 및 방어도,
tree_dn,41016,Flask Mastery,플라스크 숙련,
tree_dn,41017,Attribute,능력치,
tree_dn,41020,Deflection,Deflection,
tree_dn,41029,Attribute,능력치,
tree_dn,41031,Attribute,능력치,
tree_dn,41033,Utmost Offering,Utmost 공물,
tree_dn,41044,Mana Recoup,마나 회생,
tree_dn,41062,Projectile Mastery,투사체 숙련,
tree_dn,41076,Embrace the Darkness,Embrace the Darkness,
tree_dn,41096,Elemental Damage and Shock Chance,원소 피해 및 감전 확률,
tree_dn,41105,Life Recoup,생명력 회생,
tree_dn,41126,Area Damage,범위 피해,
tree_dn,41129,Damage against Ailments,피해 against 상태 이상,
tree_dn,4113,Freeze Buildup,동결 누적,
tree_dn,41130,Spell and Minion Damage,주문 및 소환수 피해,
tree_dn,41147,Armour and  Applies to Lightning Damage,방어도 및 Applies에 번개 피해,
tree_dn,41154,Freeze Buildup,동결 누적,
tree_dn,41159,Lightning Damage and Mana Regeneration,번개 피해 및 마나 재생,
tree_dn,41163,Evasion Mastery,회피 숙련,
tree_dn,41171,Attack Speed,공격 속도,
tree_dn,41180,Shapeshifting Mastery,Shapeshifting 숙련,
tree_dn,41186,Totem Placement Speed,토템 Placement 속도,
tree_dn,41210,Ricochet,Ricochet,
tree_dn,41225,Minion Defence Mastery,소환수 Defence 숙련,
tree_dn,4128,Armour,방어도,
tree_dn,41298,Attack Mastery,공격 숙련,
tree_dn,41338,Shapeshifting Armour applies to Elemental Damage Hits,Shapeshifting 방어도 applies에 원소 피해 명중,
tree_dn,41363,Lightning Resistance,번개 저항,
tree_dn,41372,Energy Shield and Mana Regeneration,에너지 보호막 및 마나 재생,
tree_dn,4139,Life Mastery,생명력 숙련,
tree_dn,41394,Invigorating Archon,Invigorating Archon,
tree_dn,4140,Attribute,능력치,
tree_dn,41414,Cold Resistance,냉기 저항,
tree_dn,41415,Life Mastery,생명력 숙련,
tree_dn,41442,Block and Stun Threshold,막기 및 기절 한계값,
tree_dn,41447,Attack Area and Flammability Magnitude,공격 범위 및 Flammability Magnitude,
tree_dn,41493,Attack Area Damage and Area,공격 범위 피해 및 범위,
tree_dn,41497,Minion Life and Chaos Resistance,소환수 생명력 및 카오스 저항,
tree_dn,41511,Command Skill Damage,Command Skill 피해,
tree_dn,41512,Heavy Weaponry,Heavy Weaponry,
tree_dn,41522,Duration Mastery,지속시간 숙련,
tree_dn,41529,Critical Damage,치명타 피해,
tree_dn,41538,Ailment Threshold,상태 이상 한계값,
tree_dn,4157,Critical Chance,치명타 확률,
tree_dn,41573,Fire Penetration,화염 Penetration,
tree_dn,41580,Maiming Strike,Maiming Strike,
tree_dn,41609,Shapeshifted Energy Shield Recharge,Shapeshifted 에너지 보호막 재충전,
tree_dn,41615,Totem Placement Speed,토템 Placement 속도,
tree_dn,41619,Enduring Elixirs,Enduring Elixirs,
tree_dn,41620,Bear's Roar,Bear's Roar,
tree_dn,41645,Physical Damage,물리 피해,
tree_dn,41646,Attribute,능력치,
tree_dn,41651,Banner Area,깃발 범위,
tree_dn,41654,Offering Life,공물 생명력,
tree_dn,41657,Armour,방어도,
tree_dn,41665,Critical Damage,치명타 피해,
tree_dn,41669,Cold Damage,냉기 피해,
tree_dn,41701,Endurance Charge Duration and Armour,인내 충전 지속시간 및 방어도,
tree_dn,41736,Amazon,Amazon,
tree_dn,41739,Stun Buildup,기절 누적,
tree_dn,41747,Flail Critical Chance,도리깨 치명타 확률,
tree_dn,41753,Evocational Practitioner,Evocational Practitioner,
tree_dn,41768,Attribute,능력치,
tree_dn,41770,Parry Area and Debuff Magnitude,Parry 범위 및 Debuff Magnitude,
tree_dn,41811,Shatter Palm,Shatter Palm,
tree_dn,41821,Attack Mastery,공격 숙련,
tree_dn,41838,Increased Duration and Stun Threshold,증가 지속시간 및 기절 한계값,
tree_dn,41861,Trusted Kinship,Trusted Kinship,
tree_dn,41873,Frenzy Charge Duration,격분 충전 지속시간,
tree_dn,41875,Point Blank,Point Blank,
tree_dn,41877,Attribute,능력치,
tree_dn,41886,Chaos Damage and Resistance,카오스 피해 및 저항,
tree_dn,419,Non-Damaging Ailment Magnitude,Non-Damaging 상태 이상 Magnitude,
tree_dn,41905,Gravedigger,Gravedigger,
tree_dn,41935,Hide of the Bear,Hide의 the Bear,
tree_dn,41965,Spell Damage,주문 피해,
tree_dn,4197,Converging Paths,Converging Paths,
tree_dn,41972,Glaciation,Glaciation,
tree_dn,41991,Minion Attack and Cast Speed,소환수 공격 및 시전 속도,
tree_dn,42017,Reduced Spirit,감소 정신력,
tree_dn,42026,Warcry Speed,Warcry 속도,
tree_dn,4203,Attribute,능력치,
tree_dn,42032,Escalating Mayhem,Escalating Mayhem,
tree_dn,42035,Inevitability,Inevitability,
tree_dn,42036,Off-Balancing Retort,Off-Balancing Retort,
tree_dn,42045,Archon of the Blizzard,Archon의 the Blizzard,
tree_dn,42059,Empowered Attack Damage,Empowered 공격 피해,
tree_dn,42065,Surging Currents,Surging Currents,
tree_dn,42070,Saqawal's Guidance,Saqawal's Guidance,
tree_dn,42076,Energy Shield Recharge and Mana Flask Recovery,에너지 보호막 재충전 및 마나 플라스크 Recovery,
tree_dn,42077,Essence Infusion,Essence Infusion,
tree_dn,42103,Enduring Deflection,Enduring Deflection,
tree_dn,42111,Armour Break,방어도 파괴,
tree_dn,42118,Attribute,능력치,
tree_dn,42127,Fire Penetration,화염 Penetration,
tree_dn,42177,Blurred Motion,Blurred Motion,
tree_dn,42205,Elemental Mastery,원소 숙련,
tree_dn,42226,Intelligence,지능,
tree_dn,42245,Efficient Inscriptions,Efficient Inscriptions,
tree_dn,42250,Attribute,능력치,
tree_dn,42253,Wisdom of the Maji,Wisdom의 the Maji,
tree_dn,42275,Earthbreaker,Earthbreaker,
tree_dn,42280,All Attributes,모든 능력치,
tree_dn,42290,Curse Effect,저주 효과,
tree_dn,42302,Split Shot,Split Shot,
tree_dn,42339,Additional Remnant Chance,추가 Remnant 확률,
tree_dn,42347,Chakra of Sight,Chakra의 Sight,
tree_dn,42350,Attribute,능력치,
tree_dn,42354,Blinding Flash,Blinding Flash,
tree_dn,42361,Chaos Mastery,카오스 숙련,
tree_dn,42379,Attribute,능력치,
tree_dn,4238,Versatile Arms,Versatile Arms,
tree_dn,42390,Overheating Blow,Overheating Blow,
tree_dn,42410,Area Damage and Armour Break,범위 피해 및 방어도 파괴,
tree_dn,42416,Projectile Proximity Specialisation,투사체 Proximity Specialisation,
tree_dn,42441,Surging Avatar,Surging 화신,
tree_dn,4245,Pin Buildup,Pin 누적,
tree_dn,42452,Shapeshifting Attack Damage,Shapeshifting 공격 피해,
tree_dn,42460,Ailment Chance,상태 이상 확률,
tree_dn,42500,Attribute,능력치,
tree_dn,42522,Refracted Infusion,Refracted Infusion,
tree_dn,42578,Block,막기,
tree_dn,42583,Life Regeneration Rate,생명력 재생 Rate,
tree_dn,42604,Fire Mastery,화염 숙련,
tree_dn,42614,Offering Duration,공물 지속시간,
tree_dn,42635,Channelling Damage,집중 유지 피해,
tree_dn,42658,Attribute,능력치,
tree_dn,42660,Commanding Rage,Commanding 격노,
tree_dn,42680,Blackflame Covenant,Blackflame Covenant,
tree_dn,4271,Minion Resistances,소환수 저항,
tree_dn,42710,Totem Placement Speed,토템 Placement 속도,
tree_dn,42714,Thousand Cuts,Thousand Cuts,
tree_dn,42736,Attribute,능력치,
tree_dn,42737,Crossbow Mastery,쇠뇌 숙련,
tree_dn,42750,Attack Damage,공격 피해,
tree_dn,42760,Chakra of Stability,Chakra의 Stability,
tree_dn,42761,Oracle,Oracle,
tree_dn,42762,Physical Damage,물리 피해,
tree_dn,42781,Clean Shot,Clean Shot,
tree_dn,42794,Elemental Attack Damage,원소 공격 피해,
tree_dn,42802,Critical Mastery,치명타 숙련,
tree_dn,42805,Evasion and Energy Shield,회피 및 에너지 보호막,
tree_dn,42813,Tides of Change,Tides의 Change,
tree_dn,42825,Energy Shield Delay,에너지 보호막 Delay,
tree_dn,42845,Banner Area,깃발 범위,
tree_dn,42857,Skill Speed,Skill 속도,
tree_dn,42914,Ball and Chain,Ball 및 연쇄,
tree_dn,42916,Energy Shield Delay,에너지 보호막 Delay,
tree_dn,4295,Adverse Growth,Adverse Growth,
tree_dn,42959,Low Tolerance,Low Tolerance,
tree_dn,42974,Blind Chance,Blind 확률,
tree_dn,42981,Cruel Methods,Cruel Methods,
tree_dn,42984,Attack Area,공격 범위,
tree_dn,42998,Damage with Companion in Presence,피해 보유 동료 in Presence,
tree_dn,42999,Chaos Damage,카오스 피해,
tree_dn,43014,Attack Damage,공격 피해,
tree_dn,43036,Mana Regeneration,마나 재생,
tree_dn,43044,Attribute,능력치,
tree_dn,43082,Acceleration,Acceleration,
tree_dn,43088,Agonising Calamity,Agonising Calamity,
tree_dn,43090,Electrotherapy,Electrotherapy,
tree_dn,43095,Skill Speed,Skill 속도,
tree_dn,43102,Damage with Companion in Presence,피해 보유 동료 in Presence,
tree_dn,43128,Cast Speed and Area of Effect,시전 속도 및 범위의 효과,
tree_dn,4313,Projectile Damage,투사체 피해,
tree_dn,43131,Damage vs Low Life Enemies,피해 상대 Low 생명력 Enemies,
tree_dn,43139,Stormbreaker,Stormbreaker,
tree_dn,43142,Critical Mastery,치명타 숙련,
tree_dn,43149,Attack Damage and Accuracy,공격 피해 및 정확도,
tree_dn,43155,Crossbow Critical Chance,쇠뇌 치명타 확률,
tree_dn,43164,Melee Damage,근접 피해,
tree_dn,43174,Armour Break Effect,방어도 파괴 효과,
tree_dn,43183,Attack Speed and Accuracy,공격 속도 및 정확도,
tree_dn,43201,Ailment Chance,상태 이상 확률,
tree_dn,43238,Hazard Rearm Chance,Hazard Rearm 확률,
tree_dn,43250,Adaptive Skin,Adaptive Skin,
tree_dn,43254,Parry Debuff Magnitude,Parry Debuff Magnitude,
tree_dn,43263,One Handed Attack Speed,One Handed 공격 속도,
tree_dn,4328,Attribute,능력치,
tree_dn,43281,Triggered Spell Damage,Triggered 주문 피해,
tree_dn,43282,Shapeshifted Elemental Damage,Shapeshifted 원소 피해,
tree_dn,4331,Guided Hand,Guided Hand,
tree_dn,43324,Life Costs,생명력 Costs,
tree_dn,43338,Shock Chance and Lightning Damage,감전 확률 및 번개 피해,
tree_dn,43366,Minion Physical Damage Reduction,소환수 물리 피해 Reduction,
tree_dn,43383,Exposed Wounds,Exposed Wounds,
tree_dn,43385,Minion Damage,소환수 피해,
tree_dn,43396,Ancestral Reach,선조 Reach,
tree_dn,43423,Emboldened Avatar,Emboldened 화신,
tree_dn,43426,Navira's Well,Navira's Well,
tree_dn,43443,Flail Critical Chance,도리깨 치명타 확률,
tree_dn,43444,Knockback,Knockback,
tree_dn,43453,Sprint Movement Speed,Sprint 이동 속도,
tree_dn,4346,Damage on Critical,피해 시 치명타,
tree_dn,43460,Shapeshifted Armour,Shapeshifted 방어도,
tree_dn,43461,Fire Damage and Attack Damage,화염 피해 및 공격 피해,
tree_dn,43486,Gain Maximum Power Charges on Gaining Power Charge,획득 최대 권능 충전 시 Gaining 권능 충전,
tree_dn,43507,Attack Damage and Accuracy,공격 피해 및 정확도,
tree_dn,43522,Charm Charges Used,참 충전 Used,
tree_dn,43557,Minion Critical Damage,소환수 치명타 피해,
tree_dn,43562,Blind Chance,Blind 확률,
tree_dn,43575,Melee Damage ,근접 피해,
tree_dn,43576,Mana Regeneration,마나 재생,
tree_dn,43578,Projectile Damage,투사체 피해,
tree_dn,43579,Mana Mastery,마나 숙련,
tree_dn,43584,Flare,Flare,
tree_dn,43588,Attack and Spell Damage,공격 및 주문 피해,
tree_dn,43633,Energising Archon,Energising Archon,
tree_dn,4364,Reduced Movement Penalty and Attack Damage while Moving,감소 이동 Penalty 및 공격 피해 동안 Moving,
tree_dn,43647,Minion Offence Mastery,소환수 Offence 숙련,
tree_dn,43650,Critical Chance and Damage,치명타 확률 및 피해,
tree_dn,43653,Cold Damage,냉기 피해,
tree_dn,43677,Crippling Toxins,Crippling Toxins,
tree_dn,43691,Attribute,능력치,
tree_dn,43711,Thornhide,Thornhide,
tree_dn,43713,Offering Area,공물 범위,
tree_dn,43720,Mana Leech and Cold Resistance,마나 흡수 및 냉기 저항,
tree_dn,43721,Life Costs and Chaos Damage,생명력 Costs 및 카오스 피해,
tree_dn,43736,Energy Shield Delay,에너지 보호막 Delay,
tree_dn,43746,Attribute,능력치,
tree_dn,4377,Dual Wielding Accuracy,Dual Wielding 정확도,
tree_dn,43778,Bleed Chance,출혈 확률,
tree_dn,4378,Accuracy,정확도,
tree_dn,43791,Rallying Icon,Rallying Icon,
tree_dn,43818,Life Mastery,생명력 숙련,
tree_dn,43829,Advanced Munitions,Advanced Munitions,
tree_dn,43842,Archon Effect,Archon 효과,
tree_dn,43843,Projectile Speed and Physical Damage,투사체 속도 및 물리 피해,
tree_dn,43854,All For One,모든 For One,
tree_dn,43867,Fire Penetration,화염 Penetration,
tree_dn,43877,Attack Speed,공격 속도,
tree_dn,43893,Elemental Damage,원소 피해,
tree_dn,43895,Life Regeneration on Low Life,생명력 재생 시 Low 생명력,
tree_dn,43923,Accuracy,정확도,
tree_dn,43938,Trap Throw Speed,덫 Throw 속도,
tree_dn,43939,Melting Flames,Melting 화염,
tree_dn,43941,Shapeshifted Skill Speed,Shapeshifted Skill 속도,
tree_dn,43944,Instability,Instability,
tree_dn,43964,Armour Break,방어도 파괴,
tree_dn,440,Shield Defences,방패 Defences,
tree_dn,44005,Casting Cascade,Casting Cascade,
tree_dn,44014,Accuracy,정확도,
tree_dn,44017,Resolute Technique,Resolute Technique,
tree_dn,44069,Stun Buildup,기절 누적,
tree_dn,4407,Minion Physical Damage Reduction,소환수 물리 피해 Reduction,
tree_dn,44082,Energy Shield Recharge,에너지 보호막 재충전,
tree_dn,44092,Ignite Magnitude,점화 Magnitude,
tree_dn,44098,Stun and Ailment Threshold from Energy Shield,기절 및 상태 이상 한계값에서 에너지 보호막,
tree_dn,44141,Bow Speed,활 속도,
tree_dn,44176,All Attributes,모든 능력치,
tree_dn,44179,Cold Mastery,냉기 숙련,
tree_dn,44188,Infusion and Power Charge Duration,Infusion 및 권능 충전 지속시간,
tree_dn,44201,Additional Spell Projectiles,추가 주문 투사체,
tree_dn,44204,Elemental Damage and Flammability Magnitude,원소 피해 및 Flammability Magnitude,
tree_dn,44213,Armour and Energy Shield Delay,방어도 및 에너지 보호막 Delay,
tree_dn,44223,Critical Damage,치명타 피해,
tree_dn,4423,Coated Knife,Coated Knife,
tree_dn,44239,Pin Buildup,Pin 누적,
tree_dn,44255,Minion Revive Speed,소환수 Revive 속도,
tree_dn,44280,Mark Effect and Blind Chance,징표 효과 및 Blind 확률,
tree_dn,44293,Hastening Barrier,Hastening 방벽,
tree_dn,44298,Elemental Mastery,원소 숙련,
tree_dn,44299,Enhanced Barrier,Enhanced 방벽,
tree_dn,44309,Companion Damage,동료 피해,
tree_dn,44316,Life Mastery,생명력 숙련,
tree_dn,44330,Coated Arms,Coated Arms,
tree_dn,44343,Attribute,능력치,
tree_dn,44344,Attribute,능력치,
tree_dn,44345,Lightning Damage,번개 피해,
tree_dn,44357,Critical Chance,치명타 확률,
tree_dn,44359,Energy Shield Mastery,에너지 보호막 숙련,
tree_dn,44369,Volatility on Kill,Volatility 시 Kill,
tree_dn,44371,Polish That Gear,Polish That Gear,
tree_dn,44372,Spell Damage and Cast Speed,주문 피해 및 시전 속도,
tree_dn,44373,Wither Away,Wither Away,
tree_dn,44406,Stun Buildup,기절 누적,
tree_dn,44419,Life Leech,생명력 흡수,
tree_dn,4442,Armour Applies to Lightning Damage Hits,방어도 Applies에 번개 피해 명중,
tree_dn,44420,Critical Chance,치명타 확률,
tree_dn,44423,Attack Mastery,공격 숙련,
tree_dn,44430,Crossbow Damage,쇠뇌 피해,
tree_dn,44452,Physical Damage and Increased Duration,물리 피해 및 증가 지속시간,
tree_dn,44453,Stun Threshold,기절 한계값,
tree_dn,44455,Cold Damage,냉기 피해,
tree_dn,44461,Increased Duration,증가 지속시간,
tree_dn,4447,Pin their Motivation,Pin their Motivation,
tree_dn,44484,Remnant Range,Remnant Range,
tree_dn,44485,Companion Damage,동료 피해,
tree_dn,44487,Ignite Magnitude,점화 Magnitude,
tree_dn,44490,Lightning Damage and Electrocute Buildup,번개 피해 및 Electrocute 누적,
tree_dn,44498,Exposure Effect,Exposure 효과,
tree_dn,44516,Quarterstaff Speed,육척봉 속도,
tree_dn,44522,Deflection,Deflection,
tree_dn,44527,Cautious Concoctions,Cautious Concoctions,
tree_dn,44540,Trap Mastery,덫 숙련,
tree_dn,4456,Attribute,능력치,
tree_dn,44560,Cold Damage,냉기 피해,
tree_dn,44563,Slow Effect and Hinder Duration,Slow 효과 및 Hinder 지속시간,
tree_dn,44566,Lightning Rod,번개 Rod,
tree_dn,44573,Disciplined Training,Disciplined Training,
tree_dn,44605,Remorseless,Remorseless,
tree_dn,44608,Critical Mastery,치명타 숙련,
tree_dn,44612,Spell Suppression Mastery,주문 Suppression 숙련,
tree_dn,44628,Attack Speed,공격 속도,
tree_dn,44659,Attribute,능력치,
tree_dn,44669,Increased Duration,증가 지속시간,
tree_dn,4467,Damage vs Blinded,피해 상대 실명,
tree_dn,44683,SIX,SIX,
tree_dn,44690,Reduced Duration,감소 지속시간,
tree_dn,44699,Companion Reservation,동료 Reservation,
tree_dn,44707,Shield Damage,방패 피해,
tree_dn,44733,Attribute,능력치,
tree_dn,44746,Suppressing Fire,Suppressing 화염,
tree_dn,44753,One With Flame,One With 화염,
tree_dn,44756,Marked Agility,Marked Agility,
tree_dn,44765,Distracting Presence,Distracting Presence,
tree_dn,44776,Evasion,회피,
tree_dn,44783,Area Damage,범위 피해,
tree_dn,44787,Totem Placement Speed,토템 Placement 속도,
tree_dn,44836,Feel no Pain,Feel no Pain,
tree_dn,44841,Mark Duration,징표 지속시간,
tree_dn,44850,Recovery Mastery,Recovery 숙련,
tree_dn,44871,Energy Shield,에너지 보호막,
tree_dn,44872,Attribute,능력치,
tree_dn,44875,Evasion Mastery,회피 숙련,
tree_dn,44891,Cold Penetration,냉기 Penetration,
tree_dn,44902,Attack and Spell Damage,공격 및 주문 피해,
tree_dn,44917,Self Mortification,Self Mortification,
tree_dn,4492,Attributes Mastery,능력치 숙련,
tree_dn,44932,Shock Effect,감전 효과,
tree_dn,44948,Mana Mastery,마나 숙련,
tree_dn,44951,Minion Damage,소환수 피해,
tree_dn,44952,Made to Last,Made에 Last,
tree_dn,44974,Hail,Hail,
tree_dn,44983,All Attributes,모든 능력치,
tree_dn,45012,Attack Damage,공격 피해,
tree_dn,45013,Finishing Blows,Finishing Blows,
tree_dn,45019,Flask Mastery,플라스크 숙련,
tree_dn,45037,Armour and Evasion,방어도 및 회피,
tree_dn,45075,Attack Damage and Accuracy,공격 피해 및 정확도,
tree_dn,45086,Physical as Extra Chaos Damage,물리 as Extra 카오스 피해,
tree_dn,45090,Attack Damage,공격 피해,
tree_dn,45100,Attack Speed and Flask Duration,공격 속도 및 플라스크 지속시간,
tree_dn,45111,Curse Duration,저주 지속시간,
tree_dn,45137,Ignite Magnitude,점화 Magnitude,
tree_dn,45162,Presence Area,Presence 범위,
tree_dn,45177,Strike True,Strike True,
tree_dn,4519,Damage on Critical,피해 시 치명타,
tree_dn,45193,Poison Damage,독 피해,
tree_dn,45202,Ancestral Bond,선조 Bond,
tree_dn,45215,Attack Damage with Ally,공격 피해 보유 동료,
tree_dn,45226,Bow Damage,활 피해,
tree_dn,45227,Armour Break,방어도 파괴,
tree_dn,45230,Curse Area,저주 범위,
tree_dn,45244,Refills,Refills,
tree_dn,45248,Skill Gem Quality,Skill 젬 Quality,
tree_dn,4527,Attribute,능력치,
tree_dn,45272,All Attributes,모든 능력치,
tree_dn,45278,Reduced Attribute Requirements,감소 능력치 Requirements,
tree_dn,45301,Slow Effect on You,Slow 효과 시 You,
tree_dn,45304,Poison Duration,독 지속시간,
tree_dn,45319,Spell Damage,주문 피해,
tree_dn,45327,Stun Buildup,기절 누적,
tree_dn,45329,Delayed Danger,Delayed Danger,
tree_dn,45331,Chaining Projectiles,Chaining 투사체,
tree_dn,4534,Piercing Shot,Piercing Shot,
tree_dn,45343,Minion Area,소환수 범위,
tree_dn,45350,Invocation Spell Damage,Invocation 주문 피해,
tree_dn,45354,Aura Effect,오라 효과,
tree_dn,4536,Quarterstaff Speed,육척봉 속도,
tree_dn,45363,Smash,Smash,
tree_dn,45370,The Raging Ox,The Raging Ox,
tree_dn,45382,Ailment Chance and Elemental Damage,상태 이상 확률 및 원소 피해,
tree_dn,45383,Lightning Damage,번개 피해,
tree_dn,45390,Mark Use Speed,징표 사용 속도,
tree_dn,45400,Mighty Trunk,Mighty Trunk,
tree_dn,45422,Anger Management,Anger Management,
tree_dn,4544,The Ancient Serpent,The 고대 Serpent,
tree_dn,4547,Unnatural Resilience,Unnatural Resilience,
tree_dn,45481,Mana Regeneration,마나 재생,
tree_dn,45488,Cross Strike,Cross Strike,
tree_dn,45494,Ballista Immobilisation Buildup,Ballista Immobilisation 누적,
tree_dn,45497,Elemental Damage,원소 피해,
tree_dn,45503,Flammability Magnitude,Flammability Magnitude,
tree_dn,4552,Mana Regeneration,마나 재생,
tree_dn,45522,Infused Spell Damage,Infused 주문 피해,
tree_dn,45530,Minion Stun Buildup,소환수 기절 누적,
tree_dn,45569,Spell Critical Damage,주문 치명타 피해,
tree_dn,45570,Offering Area,공물 범위,
tree_dn,45576,Projectile Mastery,투사체 숙련,
tree_dn,45585,Armour and Evasion while Surrounded,방어도 및 회피 동안 포위,
tree_dn,45586,Ally Attack Damage,동료 공격 피해,
tree_dn,45599,Lay Siege,Lay Siege,
tree_dn,45602,Navira's Oasis,Navira's Oasis,
tree_dn,45609,Critical Damage,치명타 피해,
tree_dn,45612,Defensive Reflexes,Defensive Reflexes,
tree_dn,45631,Evasion and Energy Shield Recharge,회피 및 에너지 보호막 재충전,
tree_dn,45632,Mind Eraser,Mind Eraser,
tree_dn,45650,Melee Damage if Projectile Hit,근접 피해 if 투사체 명중,
tree_dn,45693,Shield Defences,방패 Defences,
tree_dn,45702,Critical Chance,치명타 확률,
tree_dn,45709,Life Flask Charges,생명력 플라스크 충전,
tree_dn,45712,Elemental Damage and Flammability Magnitude,원소 피해 및 Flammability Magnitude,
tree_dn,45713,Savouring,Savouring,
tree_dn,45751,Frightening Shield,Frightening 방패,
tree_dn,4577,Attack Area,공격 범위,
tree_dn,45774,Slow Effect,Slow 효과,
tree_dn,45777,Hidden Barb,Hidden Barb,
tree_dn,4579,Unbothering Cold,Unbothering 냉기,
tree_dn,45798,Volatility on Kill,Volatility 시 Kill,
tree_dn,45824,Sword Damage,Sword 피해,
tree_dn,45874,Proliferating Weeds,Proliferating Weeds,
tree_dn,45885,Attribute,능력치,
tree_dn,45899,Fire Damage and Area,화염 피해 및 범위,
tree_dn,45916,Life Regeneration,생명력 재생,
tree_dn,45918,Mind Over Matter,Mind Over Matter,
tree_dn,45923,Attribute,능력치,
tree_dn,45962,Life Flask Recovery,생명력 플라스크 Recovery,
tree_dn,45969,Attribute,능력치,
tree_dn,45990,Axe Attack Speed,Axe 공격 속도,
tree_dn,45992,Armour,방어도,
tree_dn,46016,Life,생명력,
tree_dn,46017,Life Regeneration while Stationary,생명력 재생 동안 Stationary,
tree_dn,46023,Armour,방어도,
tree_dn,46024,Sigil of Lightning,Sigil의 번개,
tree_dn,46034,Attribute,능력치,
tree_dn,46051,Thorns Mastery,Thorns 숙련,
tree_dn,46060,Voracious,Voracious,
tree_dn,46069,Poison Damage,독 피해,
tree_dn,46071,Accuracy,정확도,
tree_dn,46088,Spell Critical Chance,주문 치명타 확률,
tree_dn,46091,The Fourth Teaching,The Fourth Teaching,
tree_dn,46124,Arcane Remnants,Arcane Remnants,
tree_dn,46146,Mana Leech,마나 흡수,
tree_dn,46152,Blind Effect,Blind 효과,
tree_dn,46157,Lightning Skill Chain Chance,번개 Skill 연쇄 확률,
tree_dn,46171,Critical Chance,치명타 확률,
tree_dn,46182,Intense Dose,Intense Dose,
tree_dn,46197,Careful Assassin,Careful Assassin,
tree_dn,46205,Totem Damage,토템 피해,
tree_dn,4621,Stun and Elemental Threshold,기절 및 원소 한계값,
tree_dn,46224,Arcane Alchemy,Arcane 연금술,
tree_dn,4623,Life Spell Costs,생명력 주문 Costs,
tree_dn,4624,Rage on Hit,격노 시 명중,
tree_dn,46268,Attack Damage while no remaining Life Flasks,공격 피해 동안 no remaining 생명력 Flasks,
tree_dn,4627,Climate Change,Climate Change,
tree_dn,46275,Stun and Ailment Threshold from Energy Shield,기절 및 상태 이상 한계값에서 에너지 보호막,
tree_dn,46296,Short Shot,Short Shot,
tree_dn,46300,Flammability Magnitude,Flammability Magnitude,
tree_dn,46325,Melee Damage,근접 피해,
tree_dn,46343,Two Hand Mastery,Two Hand 숙련,
tree_dn,46358,Attribute,능력치,
tree_dn,46365,Gigantic Following,Gigantic Following,
tree_dn,46380,Energy Shield if Consumed Power Charge,에너지 보호막 if Consumed 권능 충전,
tree_dn,46384,Wide Barrier,Wide 방벽,
tree_dn,46386,Companion Damage,동료 피해,
tree_dn,46399,Rage on Melee Hit,격노 시 근접 명중,
tree_dn,46402,Evasion,회피,
tree_dn,46421,Aura Mastery,오라 숙련,
tree_dn,46431,Hazard Damage,Hazard 피해,
tree_dn,46454,Traveller's Wisdom,Traveller's Wisdom,
tree_dn,46475,Armour and Evasion,방어도 및 회피,
tree_dn,46499,Guts,Guts,
tree_dn,46522,Pin Buildup,Pin 누적,
tree_dn,46533,Stun and Freeze Buildup,기절 및 동결 누적,
tree_dn,46535,No Mercy,No Mercy,
tree_dn,46554,Attribute,능력치,
tree_dn,46561,Recovery Mastery,Recovery 숙련,
tree_dn,46565,Stance Breaker,Stance Breaker,
tree_dn,46601,Mana Leech,마나 흡수,
tree_dn,46604,Chaos Damage,카오스 피해,
tree_dn,4661,Inspiring Leader,Inspiring Leader,
tree_dn,46615,Volatility when Stunned,Volatility when Stunned,
tree_dn,46628,Attribute,능력치,
tree_dn,4663,Minion Mastery,소환수 숙련,
tree_dn,4664,Trap Throw Speed,덫 Throw 속도,
tree_dn,46644,Beidat's Will,Beidat's Will,
tree_dn,4665,Life Regeneration,생명력 재생,
tree_dn,46654,Elemental Resistances,원소 저항,
tree_dn,46665,Flask Mastery,플라스크 숙련,
tree_dn,46674,Attack Area,공격 범위,
tree_dn,46683,Inherited Strength ,Inherited Strength,
tree_dn,46688,One Handed Attack Speed,One Handed 공격 속도,
tree_dn,46692,Efficient Alchemy,Efficient 연금술,
tree_dn,46696,Impair,Impair,
tree_dn,46705,Projectile Damage if Melee Hit,투사체 피해 if 근접 명중,
tree_dn,46726,Reformed Barrier,Reformed 방벽,
tree_dn,4673,Hulking Smash,Hulking Smash,
tree_dn,46741,Stun Buildup,기절 누적,
tree_dn,46742,Elemental Equilibrium,원소 Equilibrium,
tree_dn,46748,Totem Life,토템 생명력,
tree_dn,46760,Critical Chance,치명타 확률,
tree_dn,46761,Flask Mastery,플라스크 숙련,
tree_dn,46782,Attack Damage,공격 피해,
tree_dn,4681,Gain Maximum Frenzy Charges on Gaining Frenzy Charge,획득 최대 격분 충전 시 Gaining 격분 충전,
tree_dn,46819,Attribute,능력치,
tree_dn,46854,Projectile Speed,투사체 속도,
tree_dn,46857,Energy Shield Delay,에너지 보호막 Delay,
tree_dn,46874,Physical Attack Damage,물리 공격 피해,
tree_dn,46882,Jewel Socket,주얼 Socket,
tree_dn,46887,Mana Leech,마나 흡수,
tree_dn,46931,Attack Damage while Surrounded,공격 피해 동안 포위,
tree_dn,46972,Arcane Mixtures,Arcane Mixtures,
tree_dn,46989,Spell Area of Effect,주문 범위의 효과,
tree_dn,46990,Deadeye,Deadeye,
tree_dn,47006,Armour Break Effect,방어도 파괴 효과,
tree_dn,47009,Attack Area Damage,공격 범위 피해,
tree_dn,47021,Volatility Detonation Time,Volatility Detonation Time,
tree_dn,47088,Sic 'Em,Sic 'Em,
tree_dn,4709,Near Sighted,Near Sighted,
tree_dn,47097,Warcaller's Bellow,Warcaller's Bellow,
tree_dn,47150,Armour and Evasion,방어도 및 회피,
tree_dn,47155,Minion Damage,소환수 피해,
tree_dn,47157,Projectile Damage,투사체 피해,
tree_dn,4716,Afterimage,Afterimage,
tree_dn,47168,Attribute,능력치,
tree_dn,47173,Warcry Mastery,Warcry 숙련,
tree_dn,47175,MARAUDER,MARAUDER,
tree_dn,47177,Attribute,능력치,
tree_dn,47184,Living Weapon,Living 무기,
tree_dn,47190,Passive Point,Passive Point,
tree_dn,47191,Fire Damage,화염 피해,
tree_dn,472,Dexterity,Dexterity,
tree_dn,47212,Projectile Mastery,투사체 숙련,
tree_dn,47235,Blinded Enemies Critical,실명 Enemies 치명타,
tree_dn,47236,Melee Damage,근접 피해,
tree_dn,47242,Minion Offence Mastery,소환수 Offence 숙련,
tree_dn,4725,Sentinels,Sentinels,
tree_dn,47252,Mana Regeneration,마나 재생,
tree_dn,47263,Attribute,능력치,
tree_dn,47270,Inescapable Cold,Inescapable 냉기,
tree_dn,47284,Minion Cold Resistance,소환수 냉기 저항,
tree_dn,47307,Cast Speed,시전 속도,
tree_dn,47312,Azmeri Brew,Azmeri Brew,
tree_dn,47316,Goring,Goring,
tree_dn,47344,Chaos Damage,카오스 피해,
tree_dn,47359,Triggered Spell Damage,Triggered 주문 피해,
tree_dn,47363,Colossal Weapon,Colossal 무기,
tree_dn,47371,Empowered Attack Damage and Bleeding Chance,Empowered 공격 피해 및 출혈 확률,
tree_dn,47374,Projectile Damage,투사체 피해,
tree_dn,47375,Defences and Companion Life,Defences 및 동료 생명력,
tree_dn,4739,Spell Damage,주문 피해,
tree_dn,47418,Warding Potions,Warding Potions,
tree_dn,47420,Expendable Army,Expendable Army,
tree_dn,47429,Warcry Cooldown,Warcry Cooldown,
tree_dn,47441,Stigmata,Stigmata,
tree_dn,47442,Life Flasks,생명력 Flasks,
tree_dn,47443,Companion Reservation,동료 Reservation,
tree_dn,47477,Volatility Detonation Time,Volatility Detonation Time,
tree_dn,4748,Energy Shield Delay,에너지 보호막 Delay,
tree_dn,47514,Dizzying Hits,Dizzying 명중,
tree_dn,47555,Attribute,능력치,
tree_dn,47560,Multi Shot,Multi Shot,
tree_dn,47591,Mana Recoup,마나 회생,
tree_dn,47606,Rage Mastery,격노 숙련,
tree_dn,47614,Triggered Spell Damage,Triggered 주문 피해,
tree_dn,47623,Grenade Damage,수류탄 피해,
tree_dn,47633,Thorns,Thorns,
tree_dn,47635,Overload,Overload,
tree_dn,47677,Projectile Speed,투사체 속도,
tree_dn,47683,Chaining Projectiles,Chaining 투사체,
tree_dn,47709,Bleeding Chance,출혈 확률,
tree_dn,47722,Warcry Damage,Warcry 피해,
tree_dn,47733,One Handed Ailment Chance,One Handed 상태 이상 확률,
tree_dn,47753,Fire Penetration,화염 Penetration,
tree_dn,47754,Cold Damage,냉기 피해,
tree_dn,47759,Whispers of Doom,Whispers의 Doom,
tree_dn,4776,Lightning Penetration,번개 Penetration,
tree_dn,47782,Steady Footing,Steady Footing,
tree_dn,47790,Rage on Hit,격노 시 명중,
tree_dn,47796,Attack Speed,공격 속도,
tree_dn,47821,Offering Effect,공물 효과,
tree_dn,47831,Deflection,Deflection,
tree_dn,47833,Critical Mastery,치명타 숙련,
tree_dn,47856,Two Handed Damage,Two Handed 피해,
tree_dn,47893,Dual Wielding Speed,Dual Wielding 속도,
tree_dn,47895,Evasion Rating on Hit Recently,회피 Rating 시 명중 Recently,
tree_dn,479,Hidden Forms,Hidden Forms,
tree_dn,47931,Attribute,능력치,
tree_dn,47976,Attribute,능력치,
tree_dn,48006,Devastation,Devastation,
tree_dn,48007,Mana Mastery,마나 숙련,
tree_dn,48014,Honourless,Honourless,
tree_dn,48026,Banner Glory Gained,깃발 Glory 획득,
tree_dn,48030,Energy Shield,에너지 보호막,
tree_dn,48035,Life Regeneration,생명력 재생,
tree_dn,4806,Cold Penetration,냉기 Penetration,
tree_dn,48079,Bleed Duration,출혈 지속시간,
tree_dn,4810,Sanguine Tolerance,Sanguine Tolerance,
tree_dn,48103,Forcewave,Forcewave,
tree_dn,48116,Attribute,능력치,
tree_dn,48121,Totem Elemental Resistance,토템 원소 저항,
tree_dn,48135,Charm Charges,참 충전,
tree_dn,48137,Crossbow Reload Speed,쇠뇌 Reload 속도,
tree_dn,48160,Ally Damage,동료 피해,
tree_dn,48171,Cold Damage,냉기 피해,
tree_dn,48198,Step Like Mist,Step Like Mist,
tree_dn,48215,Headshot,Headshot,
tree_dn,48240,Quick Recovery,Quick Recovery,
tree_dn,48264,Aura Effect,오라 효과,
tree_dn,48267,Fire Mastery,화염 숙련,
tree_dn,4828,Mana Regeneration,마나 재생,
tree_dn,48290,Minion Defence Mastery,소환수 Defence 숙련,
tree_dn,483,Gain Maximum Endurance Charges on Gaining Endurance Charge,획득 최대 인내 충전 시 Gaining 인내 충전,
tree_dn,48305,Attribute,능력치,
tree_dn,48314,Shapeshifted Skill Speed,Shapeshifted Skill 속도,
tree_dn,48387,Physical Damage,물리 피해,
tree_dn,48401,Attribute,능력치,
tree_dn,48418,Hefty Unit,Hefty Unit,
tree_dn,48429,Grenade Cooldown Recovery Rate,수류탄 Cooldown Recovery Rate,
tree_dn,4844,Projectile Damage,투사체 피해,
tree_dn,48462,Charm Effect,참 효과,
tree_dn,4847,Cast Speed,시전 속도,
tree_dn,4850,Shock Effect and Mana Regeneration,감전 효과 및 마나 재생,
tree_dn,48505,Life Mastery,생명력 숙련,
tree_dn,48524,Blood Transfusion,피 Transfusion,
tree_dn,48530,Life Spell Damage and Costs,생명력 주문 피해 및 Costs,
tree_dn,48531,Melee Attack Speed,근접 공격 속도,
tree_dn,48537,Forged in Flame,Forged in 화염,
tree_dn,48544,Attack Mastery,공격 숙련,
tree_dn,48551,Spell Critical Chance,주문 치명타 확률,
tree_dn,48552,Attribute,능력치,
tree_dn,48565,Bringer of Order,Bringer의 Order,
tree_dn,48568,Attribute,능력치,
tree_dn,48581,Exploit the Elements,Exploit the Elements,
tree_dn,48583,Life Leech. Armour and Evasion while Leeching,생명력 흡수. 방어도 및 회피 동안 Leeching,
tree_dn,48585,Evasion and Reduced Movement Penalty,회피 및 감소 이동 Penalty,
tree_dn,48588,Projectile Damage,투사체 피해,
tree_dn,48589,Life Flask Recovery,생명력 플라스크 Recovery,
tree_dn,48611,Minion Resistances,소환수 저항,
tree_dn,48614,Area and Presence,범위 및 Presence,
tree_dn,48617,Hunter,Hunter,
tree_dn,48618,Mana Regeneration,마나 재생,
tree_dn,48631,Attribute,능력치,
tree_dn,48635,Attribute,능력치,
tree_dn,48649,Insulating Hide,Insulating Hide,
tree_dn,48658,Shattering,Shattering,
tree_dn,48660,Elemental Mastery,원소 숙련,
tree_dn,48670,Attribute,능력치,
tree_dn,48682,Totem Life,토템 생명력,
tree_dn,48699,Frostwalker,Frostwalker,
tree_dn,48714,Attack Speed,공격 속도,
tree_dn,48717,Armour Mastery,방어도 숙련,
tree_dn,4873,Energy,에너지,
tree_dn,48734,The Howling Primate,The Howling Primate,
tree_dn,48745,Shield Block,방패 막기,
tree_dn,48761,Thorns Mastery,Thorns 숙련,
tree_dn,48773,Attribute,능력치,
tree_dn,48774,Taut Flesh,Taut Flesh,
tree_dn,48805,Spell Critical Chance,주문 치명타 확률,
tree_dn,4882,Totem Damage,토템 피해,
tree_dn,48821,Spell Critical Damage,주문 치명타 피해,
tree_dn,48828,Gain Maximum Frenzy Charges on Gaining Frenzy Charge,획득 최대 격분 충전 시 Gaining 격분 충전,
tree_dn,48833,Lightning Damage,번개 피해,
tree_dn,48836,Surpassing Arrow Chance,Surpassing 화살 확률,
tree_dn,48846,Lightning Damage,번개 피해,
tree_dn,48856,Grenade Damage,수류탄 피해,
tree_dn,48889,Deflection,Deflection,
tree_dn,4891,Intricate Sigils,Intricate Sigils,
tree_dn,48925,Blessing of the Moon,축복의 the Moon,
tree_dn,48935,Attack Added Lighting Damage,공격 Added Lighting 피해,
tree_dn,48974,Altered Brain Chemistry,Altered Brain Chemistry,
tree_dn,48979,Totem Life,토템 생명력,
tree_dn,49023,Shield Block,방패 막기,
tree_dn,49046,Attribute,능력치,
tree_dn,49049,Apex of the Moment,Apex의 the Moment,
tree_dn,49088,Splintering Force,Splintering Force,
tree_dn,49107,Critical Chance,치명타 확률,
tree_dn,49110,Ailment Chance and Effect,상태 이상 확률 및 효과,
tree_dn,49111,Attack Mastery,공격 숙련,
tree_dn,49130,Reduced Projectile Speed,감소 투사체 속도,
tree_dn,49136,Life Leech,생명력 흡수,
tree_dn,49150,Precise Invocations,Precise Invocations,
tree_dn,49153,Comradery,Comradery,
tree_dn,49165,Mark Effect,징표 효과,
tree_dn,49172,Channelling Speed,집중 유지 속도,
tree_dn,49189,Storm's Recollection,Storm's Recollection,
tree_dn,49192,Totem Placement Speed,토템 Placement 속도,
tree_dn,49198,Shield Block,방패 막기,
tree_dn,4921,Presence Area,Presence 범위,
tree_dn,49214,Blood of the Wolf,피의 the Wolf,
tree_dn,49220,Flow Like Water,Flow Like Water,
tree_dn,49231,Attack Speed,공격 속도,
tree_dn,49235,Energy Shield Delay,에너지 보호막 Delay,
tree_dn,4925,Chaos Damage,카오스 피해,
tree_dn,49256,Armour and Energy Shield,방어도 및 에너지 보호막,
tree_dn,49258,Life Costs and Chaos Damage,생명력 Costs 및 카오스 피해,
tree_dn,49259,Warcry Mastery,Warcry 숙련,
tree_dn,49280,Armour and Evasion,방어도 및 회피,
tree_dn,49285,Strength,Strength,
tree_dn,49291,Life Flask Charge Generation,생명력 플라스크 충전 Generation,
tree_dn,4931,Dependable Ward,Dependable Ward,
tree_dn,49320,Dagger Critical Chance,Dagger 치명타 확률,
tree_dn,49340,Support Straps,보조 Straps,
tree_dn,49357,Attribute,능력치,
tree_dn,49363,Wildsurge Incantation,Wildsurge Incantation,
tree_dn,49370,Morning Star,Morning Star,
tree_dn,49380,Armour Break,방어도 파괴,
tree_dn,49388,Elemental,원소,
tree_dn,49391,Block Mastery,막기 숙련,
tree_dn,49394,Critical Bleeding Effect,치명타 출혈 효과,
tree_dn,49406,Projectile Damage,투사체 피해,
tree_dn,49455,Energy Shield,에너지 보호막,
tree_dn,49461,Attack Speed,공격 속도,
tree_dn,49466,Life Flasks,생명력 Flasks,
tree_dn,49473,Incision Chance,Incision 확률,
tree_dn,4948,Armour Break,방어도 파괴,
tree_dn,49485,Dexterity,Dexterity,
tree_dn,49497,Culling Strike Threshold,Culling Strike 한계값,
tree_dn,49503,Mana Flask Charges,마나 플라스크 충전,
tree_dn,49512,Attribute,능력치,
tree_dn,49537,Speed with Elemental Skills,속도 보유 원소 Skills,
tree_dn,49543,Ally Attack and Cast Speed,동료 공격 및 시전 속도,
tree_dn,49545,Parry Damage,Parry 피해,
tree_dn,49547,Scarred Faith,Scarred Faith,
tree_dn,49550,Prolonged Fury,Prolonged Fury,
tree_dn,4956,Recovery Mastery,Recovery 숙련,
tree_dn,4959,Heavy Frost,Heavy 서리,
tree_dn,49593,Sentinels,Sentinels,
tree_dn,49618,Deadly Flourish,Deadly Flourish,
tree_dn,49633,Energy Shield Mastery,에너지 보호막 숙련,
tree_dn,49642,Totem Damage,토템 피해,
tree_dn,49657,Attribute,능력치,
tree_dn,49661,Perfectly Placed Knife,Perfectly Placed Knife,
tree_dn,49691,Evasion,회피,
tree_dn,49696,All Attributes,모든 능력치,
tree_dn,4970,Life and Mana Regeneration Rate,생명력 및 마나 재생 Rate,
tree_dn,49734,Attribute,능력치,
tree_dn,49740,Shattered Crystal,Shattered Crystal,
tree_dn,49759,Shock Chance,감전 확률,
tree_dn,49769,Corruption Endures,Corruption Endures,
tree_dn,49799,Mana Flask Recovery,마나 플라스크 Recovery,
tree_dn,49804,Exposure Effect,Exposure 효과,
tree_dn,4985,Flip the Script,Flip the Script,
tree_dn,49929,Everlasting Bloom,Everlasting Bloom,
tree_dn,49938,Attribute,능력치,
tree_dn,49952,Ailment Effect,상태 이상 효과,
tree_dn,49968,Melee Stun Buildup,근접 기절 누적,
tree_dn,49976,Damage from Mana,피해에서 마나,
tree_dn,49984,Spellblade,Spellblade,
tree_dn,49993,Deflection,Deflection,
tree_dn,49996,Attribute,능력치,
tree_dn,50023,Invigorating Grandeur,Invigorating Grandeur,
tree_dn,50062,Reinforced Barrier,Reinforced 방벽,
tree_dn,50084,Spell and Attack Damage,주문 및 공격 피해,
tree_dn,5009,Seeing Stars,Seeing Stars,
tree_dn,50098,Waking Dream,Waking Dream,
tree_dn,50104,Attribute,능력치,
tree_dn,50107,Curse Effect on Self,저주 효과 시 Self,
tree_dn,50118,Companion Resistance and Life,동료 저항 및 생명력,
tree_dn,50121,Cold Damage,냉기 피해,
tree_dn,50142,Lightning Damage,번개 피해,
tree_dn,50146,Buckler Mastery,버클러 숙련,
tree_dn,50150,Lightning Damage and Mana Regeneration,번개 피해 및 마나 재생,
tree_dn,50184,Poison Damage,독 피해,
tree_dn,50192,Life,생명력,
tree_dn,50216,Mana Regeneration and Skill Speed,마나 재생 및 Skill 속도,
tree_dn,50219,Curse Delay,저주 Delay,
tree_dn,50228,Fire Damage,화염 피해,
tree_dn,50253,Aftershocks,Aftershocks,
tree_dn,50268,Cold and Lightning Damage,냉기 및 번개 피해,
tree_dn,50273,Dual Wielding Damage,Dual Wielding 피해,
tree_dn,50277,Shock Effect,감전 효과,
tree_dn,50302,Life Costs,생명력 Costs,
tree_dn,50328,Life and Mana Flask Recovery,생명력 및 마나 플라스크 Recovery,
tree_dn,50342,Evasion,회피,
tree_dn,50383,Infusion Mastery,Infusion 숙련,
tree_dn,50392,Brute Strength,Brute Strength,
tree_dn,50403,Cold Mastery,냉기 숙련,
tree_dn,50420,Charm Charges,참 충전,
tree_dn,50423,Attribute,능력치,
tree_dn,50437,Evasion,회피,
tree_dn,50459,RANGER,RANGER,
tree_dn,50469,Attribute,능력치,
tree_dn,5048,Poison Damage,독 피해,
tree_dn,50483,Minion Area,소환수 범위,
tree_dn,50485,Zone of Control,Zone의 Control,
tree_dn,5049,Attack Speed and Dexterity,공격 속도 및 Dexterity,
tree_dn,50510,Shield Block,방패 막기,
tree_dn,50516,Attack Area and Flammability Magnitude,공격 범위 및 Flammability Magnitude,
tree_dn,50535,Archon Effect,Archon 효과,
tree_dn,50540,Curse Mastery,저주 숙련,
tree_dn,50558,Aura Effect,오라 효과,
tree_dn,50561,Empowered Attack Damage,Empowered 공격 피해,
tree_dn,50562,Barbaric Strength,Barbaric Strength,
tree_dn,50574,Physical Damage and Life Recoup,물리 피해 및 생명력 회생,
tree_dn,50588,Accuracy,정확도,
tree_dn,506,Armour and Energy Shield,방어도 및 에너지 보호막,
tree_dn,50609,Hard to Kill,Hard에 Kill,
tree_dn,50616,Attack Mastery,공격 숙련,
tree_dn,50626,Armour and Energy Shield,방어도 및 에너지 보호막,
tree_dn,50629,Elemental Damage,원소 피해,
tree_dn,50635,Attack Speed,공격 속도,
tree_dn,5066,Curse Effect on you,저주 효과 시 you,
tree_dn,50673,Avoiding Deflection,Avoiding Deflection,
tree_dn,50687,Coursing Energy,Coursing 에너지,
tree_dn,50701,Shock Effect,감전 효과,
tree_dn,50715,Frozen Limit,동결 Limit,
tree_dn,50720,Minion Damage,소환수 피해,
tree_dn,50755,Intelligence,지능,
tree_dn,50757,Evasion Mastery,회피 숙련,
tree_dn,50767,Shapeshifting Mastery,Shapeshifting 숙련,
tree_dn,5077,Parry Area,Parry 범위,
tree_dn,50795,Careful Aim,Careful Aim,
tree_dn,50816,Intelligence,지능,
tree_dn,50817,Damage from Mana,피해에서 마나,
tree_dn,50820,Glory Generation,Glory Generation,
tree_dn,5084,Flammability Magnitude,Flammability Magnitude,
tree_dn,50847,Flail Damage,도리깨 피해,
tree_dn,50879,Hazard Damage,Hazard 피해,
tree_dn,5088,Elemental,원소,
tree_dn,50881,Curse Effect on Self,저주 효과 시 Self,
tree_dn,50884,Primal Sundering,Primal Sundering,
tree_dn,50908,Strength of the Deep,Strength의 the Deep,
tree_dn,50912,Imbibed Power,Imbibed 권능,
tree_dn,5098,Banner Area,깃발 범위,
tree_dn,50986,DUELIST,DUELIST,
tree_dn,51006,Mana Flask Charges Used,마나 플라스크 충전 Used,
tree_dn,5101,Minion Revive Speed and Energy Shield Recharge,소환수 Revive 속도 및 에너지 보호막 재충전,
tree_dn,51040,Deflection,Deflection,
tree_dn,51048,Attribute,능력치,
tree_dn,51052,Attribute,능력치,
tree_dn,5108,One Handed Ailment Chance,One Handed 상태 이상 확률,
tree_dn,511,Attack and Spell Damage,공격 및 주문 피해,
tree_dn,51105,Spirit Bond,정신력 Bond,
tree_dn,51129,Pile On,Pile On,
tree_dn,51142,Mana,마나,
tree_dn,51169,Soul Bloom,Soul Bloom,
tree_dn,51183,Armour and Energy Shield,방어도 및 에너지 보호막,
tree_dn,51184,Raw Power,Raw 권능,
tree_dn,51194,Infusion Duration,Infusion 지속시간,
tree_dn,51206,Totem Damage,토템 피해,
tree_dn,51210,Caster Mastery,시전자 숙련,
tree_dn,51213,Wasting,Wasting,
tree_dn,51234,Archon Effect,Archon 효과,
tree_dn,51241,Charm Charges,참 충전,
tree_dn,51248,Fire Damage,화염 피해,
tree_dn,51267,Stun Buildup,기절 누적,
tree_dn,51299,Attribute,능력치,
tree_dn,51303,Infusion Duration,Infusion 지속시간,
tree_dn,51335,Affliction Enforcer,Affliction Enforcer,
tree_dn,51336,Elemental Attack Damage,원소 공격 피해,
tree_dn,51369,Damage against Burning Enemies,피해 against Burning Enemies,
tree_dn,51394,Unimpeded,Unimpeded,
tree_dn,51416,Cast Speed,시전 속도,
tree_dn,51446,Leather Bound Gauntlets,Leather Bound Gauntlets,
tree_dn,51454,Life Mastery,생명력 숙련,
tree_dn,51463,Attack Damage while Moving,공격 피해 동안 Moving,
tree_dn,51485,Shapeshifting Mastery,Shapeshifting 숙련,
tree_dn,51509,Waters of Life,Waters의 생명력,
tree_dn,51522,Attack Speed,공격 속도,
tree_dn,51534,Critical Chance,치명타 확률,
tree_dn,51535,Life Leech and Slower Leech,생명력 흡수 및 Slower 흡수,
tree_dn,51561,Attribute,능력치,
tree_dn,51565,Additional Spell Projectiles,추가 주문 투사체,
tree_dn,51583,Critical Mastery,치명타 숙련,
tree_dn,516,Projectile Damage,투사체 피해,
tree_dn,51602,Unsight,Unsight,
tree_dn,51606,Freedom of Movement,Freedom의 이동,
tree_dn,51618,Life Costs and Regeneration,생명력 Costs 및 재생,
tree_dn,5163,Knockback and Stun Buildup,Knockback 및 기절 누적,
tree_dn,51683,Totem Damage,토템 피해,
tree_dn,51690,Life Regeneration,생명력 재생,
tree_dn,517,Energy Shield Recharge,에너지 보호막 재충전,
tree_dn,51702,Strength,Strength,
tree_dn,51707,Enhanced Reflexes,Enhanced Reflexes,
tree_dn,51708,Evasion Mastery,회피 숙련,
tree_dn,51728,Pierce Chance,Pierce 확률,
tree_dn,51732,Attack Speed,공격 속도,
tree_dn,51735,Shield Damage,방패 피해,
tree_dn,51737,Cooldown Recovery Rate,Cooldown Recovery Rate,
tree_dn,51741,Attribute,능력치,
tree_dn,51743,Shapeshifting Attack Damage,Shapeshifting 공격 피해,
tree_dn,51749,Blood Magic,피 Magic,
tree_dn,51774,Volatility Detonation Time,Volatility Detonation Time,
tree_dn,51788,Curse Effect on you,저주 효과 시 you,
tree_dn,51795,Flammability Magnitude and Fire Damage,Flammability Magnitude 및 화염 피해,
tree_dn,51797,Life Recoup,생명력 회생,
tree_dn,51807,Defences and Companion Life,Defences 및 동료 생명력,
tree_dn,51812,Attack Mastery,공격 숙련,
tree_dn,51820,Ancestral Conduits,선조 Conduits,
tree_dn,51821,Attribute,능력치,
tree_dn,51825,Two Handed Damage,Two Handed 피해,
tree_dn,51832,Warcry Damage,Warcry 피해,
tree_dn,51847,Attack Damage and Accuracy,공격 피해 및 정확도,
tree_dn,5186,Chaos Damage,카오스 피해,
tree_dn,51867,Finality,Finality,
tree_dn,51868,Molten Carapace,Molten Carapace,
tree_dn,51871,Immortal Thirst,Immortal Thirst,
tree_dn,5188,Energy Shield Recharge and Delay,에너지 보호막 재충전 및 Delay,
tree_dn,51891,Lucidity,Lucidity,
tree_dn,51892,Infusion and Power Charge Duration,Infusion 및 권능 충전 지속시간,
tree_dn,51903,Melee Damage,근접 피해,
tree_dn,51921,Attribute,능력치,
tree_dn,51934,Invocated Efficiency,Invocated 효율,
tree_dn,51944,Projectile Damage,투사체 피해,
tree_dn,51968,Elemental Ailment Chance,원소 상태 이상 확률,
tree_dn,51974,Fortify Mastery,Fortify 숙련,
tree_dn,52,Zealot's Oath,Zealot's Oath,
tree_dn,52003,Cold Mastery,냉기 숙련,
tree_dn,52038,Aura Mastery,오라 숙련,
tree_dn,52053,Mana Regeneration,마나 재생,
tree_dn,52060,Energy Shield Mastery,에너지 보호막 숙련,
tree_dn,52068,Turtle Charm,Turtle 참,
tree_dn,52106,Cast Speed,시전 속도,
tree_dn,52115,Nurturing Nature,Nurturing Nature,
tree_dn,52125,Attribute,능력치,
tree_dn,52126,Stun Threshold and Strength,기절 한계값 및 Strength,
tree_dn,52180,Trained Deflection,Trained Deflection,
tree_dn,52191,Event Horizon,Event Horizon,
tree_dn,52199,Overexposure,Overexposure,
tree_dn,52215,Dagger Critical Chance,Dagger 치명타 확률,
tree_dn,52220,Physical Mastery,물리 숙련,
tree_dn,52229,Secrets of the Orb,Secrets의 the Orb,
tree_dn,52241,Mana on Kill,마나 시 Kill,
tree_dn,52245,Distant Dreamer,Distant Dreamer,
tree_dn,52254,Curse Effect,저주 효과,
tree_dn,52257,Conductive Embrace,Conductive Embrace,
tree_dn,52260,Energy,에너지,
tree_dn,5227,Escape Strategy,Escape Strategy,
tree_dn,52274,Grenade Damage,수류탄 피해,
tree_dn,52298,Attribute,능력치,
tree_dn,52300,Axe Rage on Hit,Axe 격노 시 명중,
tree_dn,52319,Attribute,능력치,
tree_dn,52348,Carved Earth,Carved Earth,
tree_dn,52351,Energy,에너지,
tree_dn,52354,Attack Damage,공격 피해,
tree_dn,52361,Projectile Damage,투사체 피해,
tree_dn,52373,Maximum Rage,최대 격노,
tree_dn,52374,Unnamed Heartwood,Unnamed Heartwood,
tree_dn,52392,Singular Purpose,Singular Purpose,
tree_dn,52395,Lucid Dreaming,Lucid Dreaming,
tree_dn,52399,Quarterstaff Critical Damage,육척봉 치명타 피해,
tree_dn,52410,Stun Threshold during Parry,기절 한계값 during Parry,
tree_dn,52415,Attack Speed with Companion in Presence,공격 속도 보유 동료 in Presence,
tree_dn,52429,Cast Speed,시전 속도,
tree_dn,52440,Damage and Companion Damage,피해 및 동료 피해,
tree_dn,52442,Attack Speed,공격 속도,
tree_dn,52445,Evasion and Energy Shield Mastery,회피 및 에너지 보호막 숙련,
tree_dn,52448,...and Scatter Them to the Winds,...and Scatter Them에 the Winds,
tree_dn,52454,Chaos Damage,카오스 피해,
tree_dn,52462,Armour Mastery,방어도 숙련,
tree_dn,52464,Life on Kill,생명력 시 Kill,
tree_dn,52501,Empowered Attack Freeze Buildup,Empowered 공격 동결 누적,
tree_dn,52537,Cold Penetration,냉기 Penetration,
tree_dn,52556,Maximum Rage,최대 격노,
tree_dn,5257,Echoing Frost,Echoing 서리,
tree_dn,52574,Attack Area Damage and Area,공격 범위 피해 및 범위,
tree_dn,52576,Damage vs Immobilised,피해 상대 Immobilised,
tree_dn,526,Mace Stun Buildup,Mace 기절 누적,
tree_dn,52615,Spell Area of Effect,주문 범위의 효과,
tree_dn,52618,Boon of the Beast,은혜의 the Beast,
tree_dn,52630,Critical Damage vs Full Life,치명타 피해 상대 Full 생명력,
tree_dn,52659,Life Regeneration,생명력 재생,
tree_dn,52676,Minion Duration,소환수 지속시간,
tree_dn,52684,Eroding Chains,Eroding Chains,
tree_dn,52695,Physical Damage,물리 피해,
tree_dn,52703,Gore Spike,Gore Spike,
tree_dn,52743,Energy Shield Recharge,에너지 보호막 재충전,
tree_dn,52746,Fire Damage,화염 피해,
tree_dn,52764,Mystical Rage,Mystical 격노,
tree_dn,52765,Mana Regeneration,마나 재생,
tree_dn,52774,Flammability Magnitude,Flammability Magnitude,
tree_dn,52796,Shield Damage,방패 피해,
tree_dn,52799,Freeze Buildup,동결 누적,
tree_dn,528,Accuracy,정확도,
tree_dn,52800,Surpassing Arrow Chance,Surpassing 화살 확률,
tree_dn,52803,Hale Traveller,Hale Traveller,
tree_dn,52807,Presence Area,Presence 범위,
tree_dn,52829,Mace Damage and Stun Buildup,Mace 피해 및 기절 누적,
tree_dn,52836,Block,막기,
tree_dn,5284,Shredding Force,Shredding Force,
tree_dn,52860,Ballista Damage,Ballista 피해,
tree_dn,52875,Attack Mastery,공격 숙련,
tree_dn,5295,Lightning Penetration,번개 Penetration,
tree_dn,52971,Quick Response,Quick Response,
tree_dn,52973,Impale Chance,Impale 확률,
tree_dn,52980,Evasion and Energy Shield,회피 및 에너지 보호막,
tree_dn,52993,Elemental Damage,원소 피해,
tree_dn,53030,Immolation,Immolation,
tree_dn,5305,Skill Speed,Skill 속도,
tree_dn,53089,Attack Area,공격 범위,
tree_dn,53094,Accuracy,정확도,
tree_dn,53108,Adaptive Capability,Adaptive Capability,
tree_dn,53123,Shaman,Shaman,
tree_dn,53131,Tukohama's Brew,Tukohama's Brew,
tree_dn,5314,Attribute,능력치,
tree_dn,53149,Freeze Buildup,동결 누적,
tree_dn,53150,Sharp Sight,Sharp Sight,
tree_dn,53166,Presence Area,Presence 범위,
tree_dn,53177,Volatility when Stunned,Volatility when Stunned,
tree_dn,53185,The Winter Owl,The Winter Owl,
tree_dn,53187,Warlord Berserker,Warlord Berserker,
tree_dn,53188,Mana Mastery,마나 숙련,
tree_dn,53194,Warcry Cooldown Speed,Warcry Cooldown 속도,
tree_dn,53196,Flask and Charm Charges Gained,플라스크 및 참 충전 획득,
tree_dn,53207,Lightning Penetration,번개 Penetration,
tree_dn,53216,Life Mastery,생명력 숙련,
tree_dn,5324,Attack Damage if Stunned Recently,공격 피해 if Stunned Recently,
tree_dn,53261,Ancestral Boosted Area and Damage,선조 Boosted 범위 및 피해,
tree_dn,53265,Nature's Bite,Nature's Bite,
tree_dn,53266,Lightning Skill Speed,번개 Skill 속도,
tree_dn,53272,Deflection,Deflection,
tree_dn,53294,Burn Away,Burn Away,
tree_dn,53308,Melee Damage,근접 피해,
tree_dn,5332,Crystallised Immunities,Crystallised Immunities,
tree_dn,53320,Banner Glory Gained,깃발 Glory 획득,
tree_dn,53329,Flammability and Ignite Magnitude,Flammability 및 점화 Magnitude,
tree_dn,5335,Shimmering Mirage,Shimmering Mirage,
tree_dn,53354,Shapeshifted Life Leech,Shapeshifted 생명력 흡수,
tree_dn,53367,Symbol of Defiance,Symbol의 Defiance,
tree_dn,53373,Stun Threshold,기절 한계값,
tree_dn,53386,Attack Critical Damage,공격 치명타 피해,
tree_dn,53396,Attribute,능력치,
tree_dn,53405,Attribute,능력치,
tree_dn,53440,Axe Rage on Hit,Axe 격노 시 명중,
tree_dn,53443,Area Damage,범위 피해,
tree_dn,53444,Minion Duration,소환수 지속시간,
tree_dn,53471,Critical vs Blinded,치명타 상대 실명,
tree_dn,5348,Elemental Mastery,원소 숙련,
tree_dn,535,Critical Damage,치명타 피해,
tree_dn,53505,Life Leech,생명력 흡수,
tree_dn,53524,Armour Break,방어도 파괴,
tree_dn,53527,Shattering Blow,Shattering Blow,
tree_dn,53539,Projectile Damage if Melee Hit,투사체 피해 if 근접 명중,
tree_dn,53560,Lightning Skill Chain Chance,번개 Skill 연쇄 확률,
tree_dn,53566,Run and Gun,Run 및 Gun,
tree_dn,53589,Attribute,능력치,
tree_dn,53595,Poison Damage,독 피해,
tree_dn,53607,Fortified Location,Fortified Location,
tree_dn,53632,Fire Damage,화염 피해,
tree_dn,53647,Armour and Evasion,방어도 및 회피,
tree_dn,53675,Presence Area,Presence 범위,
tree_dn,53683,Efficient Loading,Efficient Loading,
tree_dn,53696,Attack Mastery,공격 숙련,
tree_dn,53697,Attribute,능력치,
tree_dn,53698,Attack Damage,공격 피해,
tree_dn,53719,Attribute,능력치,
tree_dn,53762,Reduced Attribute Requirements,감소 능력치 Requirements,
tree_dn,53771,Projectile Damage,투사체 피해,
tree_dn,53785,Attack Area,공격 범위,
tree_dn,53804,Fire Damage,화염 피해,
tree_dn,53822,Rage when Hit,격노 when 명중,
tree_dn,53823,Towering Shield,Towering 방패,
tree_dn,53853,Backup Plan,Backup Plan,
tree_dn,5386,Fire Damage,화염 피해,
tree_dn,53893,Damage and Companion Damage,피해 및 동료 피해,
tree_dn,53895,Grenade Fuse Duration,수류탄 Fuse 지속시간,
tree_dn,5390,Freeze Buildup,동결 누적,
tree_dn,53901,Shield Block,방패 막기,
tree_dn,53910,Forbidden Path,Forbidden Path,
tree_dn,53921,Unbreaking,Unbreaking,
tree_dn,53935,Briny Carapace,Briny Carapace,
tree_dn,53938,Attack Damage,공격 피해,
tree_dn,53941,Shimmering,Shimmering,
tree_dn,53958,Mana Flask Recovery,마나 플라스크 Recovery,
tree_dn,53960,Attribute,능력치,
tree_dn,53965,Lightning Penetration,번개 Penetration,
tree_dn,53975,Spell Damage,주문 피해,
tree_dn,5398,Totem Cast Speed,토템 시전 속도,
tree_dn,53989,Rage on Hit,격노 시 명중,
tree_dn,53996,Melee Damage,근접 피해,
tree_dn,54031,The Great Boar,The Great Boar,
tree_dn,54036,Minion Damage,소환수 피해,
tree_dn,54058,Dagger Critical Damage,Dagger 치명타 피해,
tree_dn,54067,Arcane Surge on Critical Hit,Arcane Surge 시 치명타 명중,
tree_dn,5407,Attack Mastery,공격 숙련,
tree_dn,54099,Attribute,능력치,
tree_dn,541,Shapeshifted Energy Shield Recharge,Shapeshifted 에너지 보호막 재충전,
tree_dn,5410,Channelled Heritage,Channelled Heritage,
tree_dn,54127,Jewel Socket,주얼 Socket,
tree_dn,54138,Sword Speed,Sword 속도,
tree_dn,54148,Smoke Inhalation,Smoke Inhalation,
tree_dn,54152,Sprint Movement Speed,Sprint 이동 속도,
tree_dn,54176,Shock Chance,감전 확률,
tree_dn,54194,Life Recoup,생명력 회생,
tree_dn,54228,Physical Damage,물리 피해,
tree_dn,54232,Attribute,능력치,
tree_dn,54282,Attribute,능력치,
tree_dn,54283,Armour,방어도,
tree_dn,54288,Life Recoup,생명력 회생,
tree_dn,54289,Gift of the Plains,Gift의 the Plains,
tree_dn,54297,Life Costs and Chaos Damage,생명력 Costs 및 카오스 피해,
tree_dn,54311,Flammability Magnitude,Flammability Magnitude,
tree_dn,54340,Armour Mastery,방어도 숙련,
tree_dn,54351,Life on Kill,생명력 시 Kill,
tree_dn,54378,Recover Mana on consuming Power Charge,Recover 마나 시 consuming 권능 충전,
tree_dn,54380,Poison Mastery,독 숙련,
tree_dn,54413,Spell Suppression Mastery,주문 Suppression 숙련,
tree_dn,54416,Armour,방어도,
tree_dn,54417,Attribute,능력치,
tree_dn,54437,Attack Damage on Low Life,공격 피해 시 Low 생명력,
tree_dn,54447,WITCH,WITCH,
tree_dn,54453,Minion Damage and Life,소환수 피해 및 생명력,
tree_dn,54485,Strength,Strength,
tree_dn,54512,Maximum Rage,최대 격노,
tree_dn,54521,Attribute,능력치,
tree_dn,54545,Daze Magnitude,Daze Magnitude,
tree_dn,54557,Cold Penetration,냉기 Penetration,
tree_dn,54562,Critical Chance,치명타 확률,
tree_dn,54631,Quiver Effect,화살통 효과,
tree_dn,54632,Minion Life and Chaos Resistance,소환수 생명력 및 카오스 저항,
tree_dn,54640,Constricting,Constricting,
tree_dn,54675,Lightning Damage,번개 피해,
tree_dn,54676,Life Regeneration,생명력 재생,
tree_dn,54678,Shock Chance,감전 확률,
tree_dn,54701,Thorns,Thorns,
tree_dn,54708,Mana Regeneration,마나 재생,
tree_dn,54725,Curse Activation Speed and Effect,저주 Activation 속도 및 효과,
tree_dn,54746,Ailment Chance and Effect,상태 이상 확률 및 효과,
tree_dn,54783,Energy Shield Mastery,에너지 보호막 숙련,
tree_dn,54785,Shield Block,방패 막기,
tree_dn,54805,Hindered Capabilities,Hindered Capabilities,
tree_dn,54811,Attribute,능력치,
tree_dn,54814,Profane Commander,Profane Commander,
tree_dn,54818,Attribute,능력치,
tree_dn,54838,Right Where We Want Them,Right Where We Want Them,
tree_dn,54849,Minion Offence Mastery,소환수 Offence 숙련,
tree_dn,54883,Chaos Damage,카오스 피해,
tree_dn,54886,Two Handed Damage and Stun,Two Handed 피해 및 기절,
tree_dn,54887,Cold Mastery,냉기 숙련,
tree_dn,54892,Armour and Evasion,방어도 및 회피,
tree_dn,54911,Firestarter,Firestarter,
tree_dn,54923,Glory Generation,Glory Generation,
tree_dn,54934,Fire Damage when consuming an Endurance Charge,화염 피해 when consuming an 인내 충전,
tree_dn,54937,Vengeful Fury,Vengeful Fury,
tree_dn,54962,Life Regeneration while Stationary,생명력 재생 동안 Stationary,
tree_dn,54964,Sentinels,Sentinels,
tree_dn,54975,Slow Effect,Slow 효과,
tree_dn,54982,Fire Resistance,화염 저항,
tree_dn,54983,Attack Critical Chance,공격 치명타 확률,
tree_dn,54984,Attribute,능력치,
tree_dn,54985,Bolt Speed,화살 속도,
tree_dn,54990,Bloodletting,Bloodletting,
tree_dn,54998,Protraction,Protraction,
tree_dn,54999,Ancestral Boosted Attack Damage and Stun,선조 Boosted 공격 피해 및 기절,
tree_dn,55,Fast Acting Toxins,Fast Acting Toxins,
tree_dn,5501,Critical Overload,치명타 Overload,
tree_dn,55011,Caster Mastery,시전자 숙련,
tree_dn,55033,Channelling Life Recoup,집중 유지 생명력 회생,
tree_dn,55041,Spell Damage and Projectile Speed,주문 피해 및 투사체 속도,
tree_dn,55048,Pain Attunement,Pain 조율,
tree_dn,55058,Melee Damage against Immobilised,근접 피해 against Immobilised,
tree_dn,55060,Shrapnel,Shrapnel,
tree_dn,55063,Life Leech and Slower Leech,생명력 흡수 및 Slower 흡수,
tree_dn,55066,Attack Damage vs Bleeding Enemies,공격 피해 상대 출혈 Enemies,
tree_dn,55088,Critical Chance,치명타 확률,
tree_dn,55101,Elemental Damage,원소 피해,
tree_dn,55104,Spell Damage,주문 피해,
tree_dn,55118,Charm Charges,참 충전,
tree_dn,55131,Light on your Feet,Light 시 your Feet,
tree_dn,55135,Forced Outcome,Forced Outcome,
tree_dn,55149,Pure Chaos,Pure 카오스,
tree_dn,55152,Totem Mastery,토템 숙련,
tree_dn,55180,Relentless Fallen,Relentless Fallen,
tree_dn,55190,Jewel Socket,주얼 Socket,
tree_dn,55193,Subterfuge Mask,Subterfuge Mask,
tree_dn,55227,Mana Leech,마나 흡수,
tree_dn,55231,Bleeding Chance,출혈 확률,
tree_dn,55235,Mark Mastery,징표 숙련,
tree_dn,55241,Additional Spell Projectiles,추가 주문 투사체,
tree_dn,55250,Cold Penetration,냉기 Penetration,
tree_dn,55260,Freeze Threshold,동결 한계값,
tree_dn,55270,Pin Buildup,Pin 누적,
tree_dn,55275,Evasion,회피,
tree_dn,55276,Attribute,능력치,
tree_dn,55308,Sling Shots,Sling Shots,
tree_dn,55329,Parried Duration,Parried 지속시간,
tree_dn,55342,Attribute,능력치,
tree_dn,55348,Attack Mastery,공격 숙련,
tree_dn,55375,Licking Wounds,Licking Wounds,
tree_dn,55377,Attack Area and Combo,공격 범위 및 Combo,
tree_dn,55397,Flask Charges Gained,플라스크 충전 획득,
tree_dn,55400,Lightning Penetration,번개 Penetration,
tree_dn,55405,Corpses,Corpses,
tree_dn,55412,Slow Effect on You,Slow 효과 시 You,
tree_dn,55420,Curse Effect,저주 효과,
tree_dn,55422,Physical Damage,물리 피해,
tree_dn,55429,Projectile Damage,투사체 피해,
tree_dn,5544,Thorn Critical Damage,Thorn 치명타 피해,
tree_dn,55450,Rallying Form,Rallying Form,
tree_dn,55463,Shock Chance,감전 확률,
tree_dn,55473,Melee Damage,근접 피해,
tree_dn,55478,Attack Area Damage and Area,공격 범위 피해 및 범위,
tree_dn,55491,Reservation Mastery,Reservation 숙련,
tree_dn,55507,Elemental Damage,원소 피해,
tree_dn,55536,Gemling Legionnaire,Gemling Legionnaire,
tree_dn,55554,Shock Chance,감전 확률,
tree_dn,55568,Forthcoming,Forthcoming,
tree_dn,55572,Cold and Fire Damage,냉기 및 화염 피해,
tree_dn,55575,Physical as Extra Chaos Damage,물리 as Extra 카오스 피해,
tree_dn,55582,Skill Gem Quality,Skill 젬 Quality,
tree_dn,55596,Critical Damage,치명타 피해,
tree_dn,55598,Ailment Threshold,상태 이상 한계값,
tree_dn,55611,Elemental Damage,원소 피해,
tree_dn,55617,Armour and Evasion while Surrounded,방어도 및 회피 동안 포위,
tree_dn,55621,Critical Chance,치명타 확률,
tree_dn,5563,Flask Recovery,플라스크 Recovery,
tree_dn,55635,Damage and Companion Damage,피해 및 동료 피해,
tree_dn,5564,Electrocute Buildup,Electrocute 누적,
tree_dn,55664,Presence Area and Companion Area,Presence 범위 및 동료 범위,
tree_dn,55668,Attribute,능력치,
tree_dn,55672,Shapeshifted Accuracy Rating,Shapeshifted 정확도 Rating,
tree_dn,55680,Spear Attack Speed,창 공격 속도,
tree_dn,55700,All Attributes,모든 능력치,
tree_dn,55708,Electric Amplification,Electric Amplification,
tree_dn,5571,The Unseen Path,The Unseen Path,
tree_dn,55724,Incision Chance,Incision 확률,
tree_dn,55746,Rage on Hit,격노 시 명중,
tree_dn,55789,Critical Damage,치명타 피해,
tree_dn,55796,Predatory Instinct,Predatory Instinct,
tree_dn,558,Fire Damage,화염 피해,
tree_dn,5580,Watchtowers,Watchtowers,
tree_dn,55802,Attribute,능력치,
tree_dn,55807,Mana Regeneration,마나 재생,
tree_dn,55817,Alchemical Oil,Alchemical Oil,
tree_dn,55829,Attack Area,공격 범위,
tree_dn,55835,Exposed to the Cosmos,Exposed에 the Cosmos,
tree_dn,55843,Armour and Energy Shield Mastery,방어도 및 에너지 보호막 숙련,
tree_dn,55846,Life on Kill,생명력 시 Kill,
tree_dn,55847,Ice Walls,Ice Walls,
tree_dn,55872,Offering Effect,공물 효과,
tree_dn,55888,Armour and Energy Shield,방어도 및 에너지 보호막,
tree_dn,55897,Shapeshifted Mana Regeneration,Shapeshifted 마나 재생,
tree_dn,55909,Infused Spell Damage,Infused 주문 피해,
tree_dn,55925,Maximum Rage while Shapeshifted,최대 격노 동안 Shapeshifted,
tree_dn,55930,Glory Generation,Glory Generation,
tree_dn,55931,Armour Applies to Fire Damage Hits,방어도 Applies에 화염 피해 명중,
tree_dn,55933,Attribute,능력치,
tree_dn,55938,Archon Effect,Archon 효과,
tree_dn,5594,Decrepifying Curse,Decrepifying 저주,
tree_dn,55947,Spell Critical Chance,주문 치명타 확률,
tree_dn,55995,Frenzy Charge Duration,격분 충전 지속시간,
tree_dn,56016,Passthrough Rounds,Passthrough Rounds,
tree_dn,56023,Projectile Mastery,투사체 숙련,
tree_dn,56045,Attribute,능력치,
tree_dn,56061,Damage against Burning Enemies,피해 against Burning Enemies,
tree_dn,56063,Lingering Horror,Lingering Horror,
tree_dn,56090,Chance to Poison and Spell Damage,확률에 독 및 주문 피해,
tree_dn,56104,Armour Break,방어도 파괴,
tree_dn,56112,Extinguishing Exhalation,Extinguishing Exhalation,
tree_dn,56118,Damage against Enemies on Low Life,피해 against Enemies 시 Low 생명력,
tree_dn,56162,Grasping Wounds,Grasping Wounds,
tree_dn,56174,Armour,방어도,
tree_dn,56214,Ignite Duration,점화 지속시간,
tree_dn,56216,Attribute,능력치,
tree_dn,56219,Rage Decay,격노 Decay,
tree_dn,56237,Enhancing Attacks,Enhancing 공격,
tree_dn,56265,Throatseeker,Throatseeker,
tree_dn,56284,Minion Attack and Cast Speed,소환수 공격 및 시전 속도,
tree_dn,56320,Armour Mastery,방어도 숙련,
tree_dn,56325,Evasion and Reduced Movement Penalty,회피 및 감소 이동 Penalty,
tree_dn,56330,Bleeding Chance on Critical,출혈 확률 시 치명타,
tree_dn,56331,Choice of Life,Choice의 생명력,
tree_dn,56334,Energy and Critical Chance,에너지 및 치명타 확률,
tree_dn,56336,Curse Activation Speed and Effect,저주 Activation 속도 및 효과,
tree_dn,56342,Rage when Hit,격노 when 명중,
tree_dn,56349,Chaos Inoculation,카오스 Inoculation,
tree_dn,56360,Power Charge Duration,권능 충전 지속시간,
tree_dn,56366,Silent Shiv,Silent Shiv,
tree_dn,56368,Shapeshifted Life Regeneration,Shapeshifted 생명력 재생,
tree_dn,56388,Reinforced Rallying,Reinforced Rallying,
tree_dn,56409,Elemental Ailment Chance,원소 상태 이상 확률,
tree_dn,5642,Behemoth,Behemoth,
tree_dn,56453,Killer Instinct,Killer Instinct,
tree_dn,56466,Night's Bite,Night's Bite,
tree_dn,56472,Projectile Mastery,투사체 숙련,
tree_dn,56488,Glancing Deflection,Glancing Deflection,
tree_dn,56493,Agile Succession,Agile Succession,
tree_dn,56505,Immobilisation Buildup,Immobilisation 누적,
tree_dn,56547,Plant Skill Damage,Plant Skill 피해,
tree_dn,56564,Energy Shield Recharge,에너지 보호막 재충전,
tree_dn,56567,Accuracy,정확도,
tree_dn,56595,Attack Mastery,공격 숙련,
tree_dn,56605,Bulwark,Bulwark,
tree_dn,56616,Desperate Times,Desperate Times,
tree_dn,56618,Fulminating Concoction,Fulminating 혼합물,
tree_dn,5663,Endurance,인내,
tree_dn,56638,Stun Threshold if not Stunned recently,기절 한계값 if not Stunned recently,
tree_dn,56640,Spell Critical Damage,주문 치명타 피해,
tree_dn,56649,Cold Penetration,냉기 Penetration,
tree_dn,56651,Projectile Damage,투사체 피해,
tree_dn,56703,Cast Speed,시전 속도,
tree_dn,56714,Swift Flight,Swift Flight,
tree_dn,56729,Reduced Attribute Requirements and All Attributes,감소 능력치 Requirements 및 모든 능력치,
tree_dn,56757,Totem Placement Speed,토템 Placement 속도,
tree_dn,56761,Melee Damage,근접 피해,
tree_dn,56762,Cast Speed,시전 속도,
tree_dn,56767,Electrifying Daze,Electrifying Daze,
tree_dn,56776,Cooked,Cooked,
tree_dn,56783,Area of Effect,범위의 효과,
tree_dn,56806,Swift Blocking,Swift Blocking,
tree_dn,5681,Fortify Mastery,Fortify 숙련,
tree_dn,56818,Elemental Attack Damage,원소 공격 피해,
tree_dn,56838,Evasion and Energy Shield,회피 및 에너지 보호막,
tree_dn,56841,Frenzy Charge Duration,격분 충전 지속시간,
tree_dn,56842,Stun Buildup,기절 누적,
tree_dn,56844,Archon Duration,Archon 지속시간,
tree_dn,56847,Herald Damage,Herald 피해,
tree_dn,56857,Sacred Rituals,Sacred Rituals,
tree_dn,5686,Chillproof,Chillproof,
tree_dn,56860,Resolute Reprisal,Resolute Reprisal,
tree_dn,56876,Energy Shield if Consumed Power Charge,에너지 보호막 if Consumed 권능 충전,
tree_dn,56890,Endlessly Soaring,Endlessly Soaring,
tree_dn,56893,Thicket Warding,Thicket Warding,
tree_dn,56897,Ballista Critical Damage,Ballista 치명타 피해,
tree_dn,56910,Battle-hardened,Battle-hardened,
tree_dn,56914,Lightning Penetration,번개 Penetration,
tree_dn,5692,Chill Magnitude,냉각 Magnitude,
tree_dn,56926,Minion Defence Mastery,소환수 Defence 숙련,
tree_dn,56928,Attack Speed and Flask Duration,공격 속도 및 플라스크 지속시간,
tree_dn,56933,Druidic Champion,Druidic Champion,
tree_dn,56934,Fire Mastery,화염 숙련,
tree_dn,56935,Attribute,능력치,
tree_dn,5695,Archon Duration,Archon 지속시간,
tree_dn,56956,Minion Life and Chaos Resistance,소환수 생명력 및 카오스 저항,
tree_dn,56978,Attribute,능력치,
tree_dn,56988,Electric Blood,Electric 피,
tree_dn,56996,Totem Life,토템 생명력,
tree_dn,56997,Heavy Contact,Heavy Contact,
tree_dn,56999,Locked On,Locked On,
tree_dn,57002,Rough Carapace,Rough Carapace,
tree_dn,5702,Attribute,능력치,
tree_dn,57021,Minion Area,소환수 범위,
tree_dn,5703,Echoing Thunder,Echoing Thunder,
tree_dn,57039,Cooldown Recovery Rate,Cooldown Recovery Rate,
tree_dn,5704,Accuracy and Attack Speed,정확도 및 공격 속도,
tree_dn,57047,Polymathy,Polymathy,
tree_dn,57069,Lightning Damage and Resistance,번개 피해 및 저항,
tree_dn,57079,Known by All,Known by 모든,
tree_dn,57088,Cold Penetration,냉기 Penetration,
tree_dn,57089,Defences and Companion Life,Defences 및 동료 생명력,
tree_dn,5710,Brutal,Brutal,
tree_dn,57110,Infused Flesh,Infused Flesh,
tree_dn,57141,Brew Concoction,Brew 혼합물,
tree_dn,57178,Spell Critical Chance and Critical Ailment Effect,주문 치명타 확률 및 치명타 상태 이상 효과,
tree_dn,57181,Critical Chance,치명타 확률,
tree_dn,57190,Doomsayer,Doomsayer,
tree_dn,57196,Attack Speed,공격 속도,
tree_dn,57202,Stun Threshold,기절 한계값,
tree_dn,57204,Critical Exploit,치명타 Exploit,
tree_dn,57227,Attack Critical Chance,공격 치명타 확률,
tree_dn,57230,Physical Damage,물리 피해,
tree_dn,57253,Path of the Warrior,Path의 the 전사,
tree_dn,5726,Elemental Mastery,원소 숙련,
tree_dn,57273,Shapeshifted Damage,Shapeshifted 피해,
tree_dn,5728,Ancient Aegis,고대 수호,
tree_dn,57320,Armour and Evasion Mastery,방어도 및 회피 숙련,
tree_dn,57373,Flammability Magnitude,Flammability Magnitude,
tree_dn,57379,In Your Face,In Your Face,
tree_dn,57386,Elemental Threshold,원소 한계값,
tree_dn,57388,Overwhelming Strike,Overwhelming Strike,
tree_dn,5740,Presence Area,Presence 범위,
tree_dn,57405,Area Damage,범위 피해,
tree_dn,57462,Projectile Speed,투사체 속도,
tree_dn,57471,Hunker Down,Hunker Down,
tree_dn,57513,Eldritch Battery,Eldritch Battery,
tree_dn,57517,Bleeding Damage,출혈 피해,
tree_dn,57518,Parry Damage,Parry 피해,
tree_dn,57552,One Handed Damage,One Handed 피해,
tree_dn,57555,Impale Chance,Impale 확률,
tree_dn,57571,Flammability Magnitude,Flammability Magnitude,
tree_dn,57596,Life Costs,생명력 Costs,
tree_dn,57608,Shapeshifted Physical Damage,Shapeshifted 물리 피해,
tree_dn,57615,Surpassing Arrow Chance,Surpassing 화살 확률,
tree_dn,57616,Banner Duration,깃발 지속시간,
tree_dn,57617,Shifted Strikes,Shifted Strikes,
tree_dn,57626,Cold and Fire Damage,냉기 및 화염 피해,
tree_dn,5766,Spell Damage,주문 피해,
tree_dn,57683,Life Recoup,생명력 회생,
tree_dn,57703,Attribute,능력치,
tree_dn,57710,Attribute,능력치,
tree_dn,57724,Chaos Damage,카오스 피해,
tree_dn,5777,Deadly Swarm,Deadly Swarm,
tree_dn,57774,Dual Wielding Speed,Dual Wielding 속도,
tree_dn,57775,Aura Mastery,오라 숙련,
tree_dn,57776,Energy Shield and Mana Regeneration,에너지 보호막 및 마나 재생,
tree_dn,57785,Trained Turrets,Trained Turrets,
tree_dn,57791,Spell Damage and Cast Speed,주문 피해 및 시전 속도,
tree_dn,57805,Clear Space,Clear Space,
tree_dn,57810,Shock Chance,감전 확률,
tree_dn,57816,Dexterity,Dexterity,
tree_dn,57819,Integrated Efficiency,Integrated 효율,
tree_dn,57821,Attribute,능력치,
tree_dn,57832,Ignite Magnitude,점화 Magnitude,
tree_dn,57846,Stun Buildup,기절 누적,
tree_dn,57863,Detonator Area,Detonator 범위,
tree_dn,57880,Axe Damage,Axe 피해,
tree_dn,57921,Wolf's Howl,Wolf's Howl,
tree_dn,57933,Companion Damage,동료 피해,
tree_dn,57945,Life Flask Charge Generation,생명력 플라스크 충전 Generation,
tree_dn,57959,Coal Stoker,Coal Stoker,
tree_dn,57966,Critical Mastery,치명타 숙련,
tree_dn,57967,Sturdy Mind,Sturdy Mind,
tree_dn,5797,Freeze Buildup and Cold Damage,동결 누적 및 냉기 피해,
tree_dn,57970,Frenzy Charge Duration,격분 충전 지속시간,
tree_dn,5800,Attack Damage and Accuracy,공격 피해 및 정확도,
tree_dn,58002,Physical Damage,물리 피해,
tree_dn,58013,Projectile Damage,투사체 피해,
tree_dn,58016,All Natural,모든 Natural,
tree_dn,5802,Stand and Deliver,Stand 및 Deliver,
tree_dn,58022,Chaos Damage,카오스 피해,
tree_dn,58038,Attack Damage while Surrounded,공격 피해 동안 포위,
tree_dn,58058,Bow Mastery,활 숙련,
tree_dn,58088,Block and Movement Penalty with Raised Shield,막기 및 이동 Penalty 보유 Raised 방패,
tree_dn,58090,Life Recoup,생명력 회생,
tree_dn,58096,Lasting Incantations,Lasting Incantations,
tree_dn,58109,Attribute,능력치,
tree_dn,58115,Mana on Kill,마나 시 Kill,
tree_dn,58117,Totem Damage,토템 피해,
tree_dn,58125,Shield Defences,방패 Defences,
tree_dn,58138,Armour and Energy Shield Mastery,방어도 및 에너지 보호막 숙련,
tree_dn,58149,Life Recovery Rate,생명력 Recovery Rate,
tree_dn,58157,Stun Recovery,기절 Recovery,
tree_dn,5817,Mirage Deadeye,Mirage Deadeye,
tree_dn,58170,Spell Damage,주문 피해,
tree_dn,58182,Life on Kill,생명력 시 Kill,
tree_dn,58183,Blood Tearing,피 Tearing,
tree_dn,58197,Unquenchable Iron,Unquenchable Iron,
tree_dn,58198,Well of Power,Well의 권능,
tree_dn,58215,Sanguimantic Rituals,Sanguimantic Rituals,
tree_dn,5826,Projectile Mastery,투사체 숙련,
tree_dn,58295,Attribute,능력치,
tree_dn,58312,Culling Strike Threshold,Culling Strike 한계값,
tree_dn,58329,Attribute,능력치,
tree_dn,58362,Elemental Ailment Chance,원소 상태 이상 확률,
tree_dn,58363,Archon Effect,Archon 효과,
tree_dn,58368,Minion Life,소환수 생명력,
tree_dn,58379,Acidic Concoction,Acidic 혼합물,
tree_dn,58387,Chaos Damage,카오스 피해,
tree_dn,58388,Life Flasks,생명력 Flasks,
tree_dn,58397,Proficiency,Proficiency,
tree_dn,58416,Projectile Speed,투사체 속도,
tree_dn,58426,Pocket Sand,Pocket Sand,
tree_dn,58496,Shapeshifted Damage against Immobilised,Shapeshifted 피해 against Immobilised,
tree_dn,58513,Evasion and Movement Speed,회피 및 이동 속도,
tree_dn,5852,Smith of Kitava,Smith의 Kitava,
tree_dn,58526,Deflection,Deflection,
tree_dn,58528,Melee Damage,근접 피해,
tree_dn,58539,Reduced Movement Penalty,감소 이동 Penalty,
tree_dn,58574,Reduced Mana,감소 마나,
tree_dn,58591,Enhanced Effectiveness,Enhanced Effectiveness,
tree_dn,5862,Lightning Resistance,번개 저항,
tree_dn,58644,Bleeding Damage,출혈 피해,
tree_dn,58646,Reactive Growth,Reactive Growth,
tree_dn,58651,Minion Damage,소환수 피해,
tree_dn,58674,Elemental Mastery,원소 숙련,
tree_dn,58704,Anvil's Weight,Anvil's Weight,
tree_dn,58714,Grenadier,Grenadier,
tree_dn,58718,Bleeding Damage,출혈 피해,
tree_dn,58747,Ultimate Command,Ultimate Command,
tree_dn,58751,Energy Shield,에너지 보호막,
tree_dn,58779,Deflection,Deflection,
tree_dn,58783,Life Leech. Armour and Evasion while Leeching,생명력 흡수. 방어도 및 회피 동안 Leeching,
tree_dn,58789,Stun and Ailment Threshold from Energy Shield,기절 및 상태 이상 한계값에서 에너지 보호막,
tree_dn,58814,Attribute,능력치,
tree_dn,58817,Artillery Strike,Artillery Strike,
tree_dn,58838,Stun Threshold,기절 한계값,
tree_dn,58848,Incision Chance,Incision 확률,
tree_dn,58855,Armour Mastery,방어도 숙련,
tree_dn,58884,Two Hand Mastery,Two Hand 숙련,
tree_dn,589,Rage on Melee Hit,격노 시 근접 명중,
tree_dn,58926,Freeze Buildup,동결 누적,
tree_dn,58930,Cast Speed,시전 속도,
tree_dn,58932,Eldritch Empowerment,Eldritch Empowerment,
tree_dn,58939,Dispatch Foes,Dispatch Foes,
tree_dn,58971,Ailment Threshold,상태 이상 한계값,
tree_dn,59,Incessant Cacophony,Incessant Cacophony,
tree_dn,59006,Reduced Duration,감소 지속시간,
tree_dn,59028,Projectile Damage,투사체 피해,
tree_dn,59039,Critical Damage,치명타 피해,
tree_dn,59053,Slow Effect and Hinder Duration,Slow 효과 및 Hinder 지속시간,
tree_dn,59061,Critical Damage,치명타 피해,
tree_dn,59064,Mark Effect,징표 효과,
tree_dn,59070,Enduring Archon,Enduring Archon,
tree_dn,59083,Ignite Magnitude,점화 Magnitude,
tree_dn,59093,Attribute,능력치,
tree_dn,59136,Chance to Poison and Spell Damage,확률에 독 및 주문 피해,
tree_dn,59180,Attack Damage,공격 피해,
tree_dn,5920,Attack Area Damage and Area,공격 범위 피해 및 범위,
tree_dn,59208,Frantic Fighter,Frantic Fighter,
tree_dn,59213,Stun Recovery,기절 Recovery,
tree_dn,59214,Fated End,Fated End,
tree_dn,59256,Critical Chance,치명타 확률,
tree_dn,59263,Ripping Blade,Ripping Blade,
tree_dn,59289,Immobilisation Buildup,Immobilisation 누적,
tree_dn,59303,Lucky Rabbit Foot,Lucky Rabbit Foot,
tree_dn,59342,Life Leech,생명력 흡수,
tree_dn,59355,Attack Mastery,공격 숙련,
tree_dn,59356,Flask Mastery,플라스크 숙련,
tree_dn,5936,Elemental Damage,원소 피해,
tree_dn,59362,Attribute,능력치,
tree_dn,59367,Slow Effect on You,Slow 효과 시 You,
tree_dn,59368,Stun Threshold,기절 한계값,
tree_dn,59372,Crushing Impacts,Crushing Impacts,
tree_dn,59376,Attribute,능력치,
tree_dn,59387,Infusion of Power,Infusion의 권능,
tree_dn,59390,Evasion if Consumed Frenzy Charge,회피 if Consumed 격분 충전,
tree_dn,59425,Life Recoup,생명력 회생,
tree_dn,59433,Thirst for Endurance,Thirst 동안 인내,
tree_dn,59446,Life Flask Charges,생명력 플라스크 충전,
tree_dn,59466,Empowered Attack Damage,Empowered 공격 피해,
tree_dn,59480,Area Damage,범위 피해,
tree_dn,59498,Presence Area,Presence 범위,
tree_dn,59501,Blind Mastery,Blind 숙련,
tree_dn,59503,Accuracy and Critical Chance,정확도 및 치명타 확률,
tree_dn,59538,Attribute,능력치,
tree_dn,59540,Mountain Splitter,Mountain Splitter,
tree_dn,59541,Necrotised Flesh,Necrotised Flesh,
tree_dn,59542,Far Shot,Far Shot,
tree_dn,59589,Heavy Armour,Heavy 방어도,
tree_dn,59596,Covering Ward,Covering Ward,
tree_dn,59600,Life Flasks,생명력 Flasks,
tree_dn,59603,Life Recoup,생명력 회생,
tree_dn,5961,Lightning Damage,번개 피해,
tree_dn,59636,Open Mind,Open Mind,
tree_dn,59644,Poison Damage,독 피해,
tree_dn,59647,Defences and Companion Life,Defences 및 동료 생명력,
tree_dn,59651,Offering Duration,공물 지속시간,
tree_dn,59653,Movement Speed,이동 속도,
tree_dn,59661,Faster Ignites and Flammability Magnitude,Faster Ignites 및 Flammability Magnitude,
tree_dn,59694,Quarterstaff Critical Damage,육척봉 치명타 피해,
tree_dn,59695,Mana Regeneration,마나 재생,
tree_dn,59710,Shapeshifting Spell Damage,Shapeshifting 주문 피해,
tree_dn,59720,Beastial Skin,Beastial Skin,
tree_dn,59759,Chayula's Gift,Chayula's Gift,
tree_dn,59767,Reverberating Impact,Reverberating Impact,
tree_dn,59775,Chaos Damage,카오스 피해,
tree_dn,59777,Attribute,능력치,
tree_dn,59779,Armour and Evasion,방어도 및 회피,
tree_dn,59785,Attribute,능력치,
tree_dn,59795,Attribute,능력치,
tree_dn,59798,Ailment Threshold from Energy Shield,상태 이상 한계값에서 에너지 보호막,
tree_dn,59799,Stun Threshold from Energy Shield,기절 한계값에서 에너지 보호막,
tree_dn,59822,Blood Mage,피 Mage,
tree_dn,5988,Damage vs Blinded,피해 상대 실명,
tree_dn,59881,Attribute,능력치,
tree_dn,59886,Armour Applies to Lightning Damage Hits,방어도 Applies에 번개 피해 명중,
tree_dn,59908,Totem Area of Effect,토템 범위의 효과,
tree_dn,59909,Corpses,Corpses,
tree_dn,59913,Called Shots,Called Shots,
tree_dn,59915,Projectile Damage,투사체 피해,
tree_dn,59938,Against the Elements,Against the Elements,
tree_dn,59945,Attribute,능력치,
tree_dn,60,Blind Chance,Blind 확률,
tree_dn,60013,Energy Shield,에너지 보호막,
tree_dn,60014,Scent of Blood,Scent의 피,
tree_dn,60034,Falcon Dive,Falcon Dive,
tree_dn,6006,Energy Shield,에너지 보호막,
tree_dn,60064,Physical Damage,물리 피해,
tree_dn,60068,Rage on Hit,격노 시 명중,
tree_dn,6008,Spell Damage,주문 피해,
tree_dn,60083,Pin and Run,Pin 및 Run,
tree_dn,60085,Damage,피해,
tree_dn,6010,Accuracy,정확도,
tree_dn,60107,Critical Chance,치명타 확률,
tree_dn,60138,Stylebender,Stylebender,
tree_dn,6015,Attribute,능력치,
tree_dn,60170,Cold Mastery,냉기 숙련,
tree_dn,60173,One Handed Accuracy,One Handed 정확도,
tree_dn,60191,Bolt Speed,화살 속도,
tree_dn,60203,Strength,Strength,
tree_dn,60210,Poison Mastery,독 숙련,
tree_dn,60230,Elemental Damage,원소 피해,
tree_dn,60241,Bleed Chance,출혈 확률,
tree_dn,60269,Roil,Roil,
tree_dn,60273,Hindering Obstacles,Hindering Obstacles,
tree_dn,60274,Armour,방어도,
tree_dn,60287,Implanted Gems,Implanted Gems,
tree_dn,60298,Against the Anvil,Against the 모루,
tree_dn,6030,Poison Chance,독 확률,
tree_dn,60313,Chaos Mastery,카오스 숙련,
tree_dn,60323,Surpassing Projectile Chance,Surpassing 투사체 확률,
tree_dn,60324,Remnant Pickup Range,Remnant Pickup Range,
tree_dn,60362,Critical Damage,치명타 피해,
tree_dn,60404,Perfect Opportunity,Perfect Opportunity,
tree_dn,60464,Fan the Flames,Fan the 화염,
tree_dn,60480,Herald Reservation,Herald Reservation,
tree_dn,60483,Lightning Damage,번개 피해,
tree_dn,60488,Trap Mastery,덫 숙련,
tree_dn,60505,Attribute,능력치,
tree_dn,60515,Cold Damage,냉기 피해,
tree_dn,60551,Presence Area,Presence 범위,
tree_dn,60560,Damage vs Full Life,피해 상대 Full 생명력,
tree_dn,60568,Totem Placement Speed,토템 Placement 속도,
tree_dn,60619,Scales of the Wyvern,Scales의 the Wyvern,
tree_dn,60620,Strength,Strength,
tree_dn,60634,Colossal Capacity,Colossal Capacity,
tree_dn,60662,Elemental Damage,원소 피해,
tree_dn,60685,Attribute,능력치,
tree_dn,60692,Echoing Flames,Echoing 화염,
tree_dn,60700,Empowered Attack Freeze Buildup,Empowered 공격 동결 누적,
tree_dn,60708,Bow Damage,활 피해,
tree_dn,60735,Jewel Socket,주얼 Socket,
tree_dn,60738,Life Flasks,생명력 Flasks,
tree_dn,60741,Elemental Damage,원소 피해,
tree_dn,60764,Feathered Fletching,Feathered Fletching,
tree_dn,6077,Command Skill Cooldown,Command Skill Cooldown,
tree_dn,6078,Poison Chance,독 확률,
tree_dn,6079,Life Recoup,생명력 회생,
tree_dn,60809,Channelling Mastery,집중 유지 숙련,
tree_dn,60829,Incision Chance,Incision 확률,
tree_dn,60859,Charm Charges,참 충전,
tree_dn,6088,First Sting,First Sting,
tree_dn,60886,Stun Recovery,기절 Recovery,
tree_dn,60891,Accuracy Rating,정확도 Rating,
tree_dn,60899,Reduced Movement Penalty,감소 이동 Penalty,
tree_dn,60913,Kitavan Engraving,Kitavan Engraving,
tree_dn,60916,Endurance Charge Mastery,인내 충전 숙련,
tree_dn,60974,Additional Remnant Chance,추가 Remnant 확률,
tree_dn,60992,Nurturing Guardian,Nurturing Guardian,
tree_dn,6100,Critical Damage,치명타 피해,
tree_dn,61026,Crystalline Flesh,Crystalline Flesh,
tree_dn,61027,Mana Blessing,마나 축복,
tree_dn,61039,Tantalum Alloy,Tantalum 합금,
tree_dn,61042,Attribute,능력치,
tree_dn,61056,Energy,에너지,
tree_dn,61063,Elemental Penetration,원소 Penetration,
tree_dn,61067,Spell Critical Damage,주문 치명타 피해,
tree_dn,6109,Evasion,회피,
tree_dn,61104,Staggering Wounds,Staggering Wounds,
tree_dn,61106,Movement Speed,이동 속도,
tree_dn,61112,Roll and Strike,Roll 및 Strike,
tree_dn,61113,Minion Damage,소환수 피해,
tree_dn,61119,Poison Duration,독 지속시간,
tree_dn,61142,Recover Life on consuming Endurance Charge,Recover 생명력 시 consuming 인내 충전,
tree_dn,61149,Stun Recovery,기절 Recovery,
tree_dn,61170,Fire Damage,화염 피해,
tree_dn,61179,Spell Critical Chance,주문 치명타 확률,
tree_dn,61196,Attribute,능력치,
tree_dn,61215,Stun Threshold,기절 한계값,
tree_dn,61246,Elemental Damage and Freeze Buildup,원소 피해 및 동결 누적,
tree_dn,61263,Poison Duration on You,독 지속시간 시 You,
tree_dn,61267,Mastered Darkness,Mastered Darkness,
tree_dn,6127,Jade Heritage,Jade Heritage,
tree_dn,61281,One Handed Damage,One Handed 피해,
tree_dn,61312,Attribute,능력치,
tree_dn,61318,Armour and Evasion,방어도 및 회피,
tree_dn,6133,Core of the Guardian,Core의 the Guardian,
tree_dn,61333,Critical Chance,치명타 확률,
tree_dn,61338,Breath of Lightning,Breath의 번개,
tree_dn,61347,Projectile Critical Chance,투사체 치명타 확률,
tree_dn,61354,Infernal Limit,Infernal Limit,
tree_dn,61355,Damage from Mana,피해에서 마나,
tree_dn,61356,Quiver Effect,화살통 효과,
tree_dn,61362,Area Damage,범위 피해,
tree_dn,61367,Attack Added Lighting Damage,공격 Added Lighting 피해,
tree_dn,61373,Damage vs Blinded,피해 상대 실명,
tree_dn,61393,Shapeshifted Damage,Shapeshifted 피해,
tree_dn,61396,Armour and Evasion,방어도 및 회피,
tree_dn,61403,Attribute,능력치,
tree_dn,61404,Equilibrium,Equilibrium,
tree_dn,61409,Strength,Strength,
tree_dn,61419,Jewel Socket,주얼 Socket,
tree_dn,61421,Energy and Critical Chance,에너지 및 치명타 확률,
tree_dn,61429,Attack and Spell Damage,공격 및 주문 피해,
tree_dn,61432,Crossbow Mastery,쇠뇌 숙련,
tree_dn,61438,Attribute,능력치,
tree_dn,61441,Sword Speed,Sword 속도,
tree_dn,61444,Wasting Casts,Wasting Casts,
tree_dn,61461,Projectile Speed,투사체 속도,
tree_dn,61471,Damage and Minion Damage,피해 및 소환수 피해,
tree_dn,61472,Strength,Strength,
tree_dn,61487,Damage against Enemies on Low Life,피해 against Enemies 시 Low 생명력,
tree_dn,61490,Attribute,능력치,
tree_dn,61493,Austerity Measures,Austerity Measures,
tree_dn,61525,TEMPLAR,TEMPLAR,
tree_dn,6153,Life Regeneration,생명력 재생,
tree_dn,61534,Life Regeneration,생명력 재생,
tree_dn,61601,True Strike,True Strike,
tree_dn,6161,Bleeding Mastery,출혈 숙련,
tree_dn,61632,Quarterstaff Freeze and Daze Buildup,육척봉 동결 및 Daze 누적,
tree_dn,61703,Sharpened Claw,Sharpened Claw,
tree_dn,61718,Damage vs Dazed Enemies,피해 상대 Dazed Enemies,
tree_dn,61722,Elemental Resistances,원소 저항,
tree_dn,61741,Lasting Toxins,Lasting Toxins,
tree_dn,61768,Minion Cold Resistance,소환수 냉기 저항,
tree_dn,6178,Power Shots,권능 Shots,
tree_dn,61796,Armour Break Duration,방어도 파괴 지속시간,
tree_dn,61800,Critical Damage vs Full Life,치명타 피해 상대 Full 생명력,
tree_dn,61811,Physical Damage and Increased Duration,물리 피해 및 증가 지속시간,
tree_dn,61834,Jewel Socket,주얼 Socket,
tree_dn,61835,Attack and Spell Damage,공격 및 주문 피해,
tree_dn,61836,Aura Effect,오라 효과,
tree_dn,61842,Minion Damage,소환수 피해,
tree_dn,61847,Flail Critical Chance,도리깨 치명타 확률,
tree_dn,61863,Cold Damage and Energy Shield Recharge Rate,냉기 피해 및 에너지 보호막 재충전 Rate,
tree_dn,61896,Shapeshifted Critical Chance,Shapeshifted 치명타 확률,
tree_dn,61897,Armour and Evasion,방어도 및 회피,
tree_dn,61905,Bleed Chance,출혈 확률,
tree_dn,61921,Storm Surge,폭풍 Surge,
tree_dn,61923,Mana Regeneration,마나 재생,
tree_dn,61926,Energy Shield Recoup,에너지 보호막 회생,
tree_dn,61927,Jagged Ground Effect,Jagged Ground 효과,
tree_dn,61934,Stun Threshold,기절 한계값,
tree_dn,61935,Rage on Hit,격노 시 명중,
tree_dn,61938,Jagged Ground Effect,Jagged Ground 효과,
tree_dn,61942,Lord of the Wilds,Lord의 the Wilds,
tree_dn,61973,Pitiless Killer,Pitiless Killer,
tree_dn,61974,Invocation Mastery,Invocation 숙련,
tree_dn,61976,Attribute,능력치,
tree_dn,61977,Damage and Minion Damage,피해 및 소환수 피해,
tree_dn,61983,Avatar of Evolution,화신의 Evolution,
tree_dn,61985,Heavy Snows,Heavy Snows,
tree_dn,61991,Running Assault,Running Assault,
tree_dn,61992,Minion Offence Mastery,소환수 Offence 숙련,
tree_dn,62001,Backstabbing,Backstabbing,
tree_dn,62015,Warcry Mastery,Warcry 숙련,
tree_dn,62023,Attack Mastery,공격 숙련,
tree_dn,62034,Prism Guard,Prism 수호,
tree_dn,62039,Melee Damage,근접 피해,
tree_dn,62051,Movement Speed,이동 속도,
tree_dn,62122,Damage from Mana,피해에서 마나,
tree_dn,62153,Spell Critical Damage,주문 치명타 피해,
tree_dn,62159,Life Recoup,생명력 회생,
tree_dn,62166,Accuracy and Attack Speed,정확도 및 공격 속도,
tree_dn,62185,Rattled,Rattled,
tree_dn,62194,Pin Buildup,Pin 누적,
tree_dn,62200,Warcry Cooldown Speed,Warcry Cooldown 속도,
tree_dn,62216,Empowered Attack Damage,Empowered 공격 피해,
tree_dn,6222,Shapeshifted Damage,Shapeshifted 피해,
tree_dn,62230,Patient Barrier,Patient 방벽,
tree_dn,62235,Armour and Evasion Mastery,방어도 및 회피 숙련,
tree_dn,62258,Banner Glory Gained,깃발 Glory 획득,
tree_dn,6229,Push the Advantage,Push the Advantage,
tree_dn,62303,Ailment Threshold and Slow Effect on You,상태 이상 한계값 및 Slow 효과 시 You,
tree_dn,62310,Incendiary,Incendiary,
tree_dn,62313,Armour Applies to Fire Damage Hits,방어도 Applies에 화염 피해 명중,
tree_dn,62341,Block,막기,
tree_dn,62350,Attack Speed and Flask Duration,공격 속도 및 플라스크 지속시간,
tree_dn,62360,Empowered Attack Damage,Empowered 공격 피해,
tree_dn,62376,Physical Damage and Reduced Duration,물리 피해 및 감소 지속시간,
tree_dn,62378,Thorns,Thorns,
tree_dn,62388,Bleed on Critical Chance,출혈 시 치명타 확률,
tree_dn,62427,Deflection Rating,Deflection Rating,
tree_dn,62431,Anticipation,Anticipation,
tree_dn,62436,Energy Shield,에너지 보호막,
tree_dn,62439,Enraged Reaver,Enraged Reaver,
tree_dn,62455,Bannerman,Bannerman,
tree_dn,62464,Evasion,회피,
tree_dn,62496,Trap Damage,덫 피해,
tree_dn,62498,Attribute,능력치,
tree_dn,62505,Intelligence,지능,
tree_dn,62510,Elemental Attack Damage,원소 공격 피해,
tree_dn,62518,Fire Resistance,화염 저항,
tree_dn,62523,Turning of the Seasons,Turning의 the Seasons,
tree_dn,62542,Flask Charges Gained,플라스크 충전 획득,
tree_dn,62578,Volatility on Kill,Volatility 시 Kill,
tree_dn,62581,Block Mastery,막기 숙련,
tree_dn,62588,Life Mastery,생명력 숙련,
tree_dn,62603,Fire Penetration,화염 Penetration,
tree_dn,62609,Ancestral Unity,선조 Unity,
tree_dn,62624,Evasion and Energy Shield,회피 및 에너지 보호막,
tree_dn,62628,Projectile Mastery,투사체 숙련,
tree_dn,62640,Attack Speed,공격 속도,
tree_dn,6266,Damage,피해,
tree_dn,62661,Critical Mastery,치명타 숙련,
tree_dn,62670,Minion Defence Mastery,소환수 Defence 숙련,
tree_dn,62677,Attribute,능력치,
tree_dn,62679,Remnant Pickup Range,Remnant Pickup Range,
tree_dn,6269,Axe Attack Speed,Axe 공격 속도,
tree_dn,62732,Titan's Determination,Titan's Determination,
tree_dn,6274,Accuracy,정확도,
tree_dn,62748,Life Mastery,생명력 숙련,
tree_dn,62757,Stun Buildup,기절 누적,
tree_dn,62785,Armour Break,방어도 파괴,
tree_dn,62797,Curse Area,저주 범위,
tree_dn,62803,Woodland Aspect,Woodland Aspect,
tree_dn,62804,Wildwood Persistence,Wildwood Persistence,
tree_dn,62841,Evasion and Energy Shield,회피 및 에너지 보호막,
tree_dn,62844,Cold Penetration,냉기 Penetration,
tree_dn,6287,Intelligence,지능,
tree_dn,62887,Living Death,Living Death,
tree_dn,62914,Cold Damage,냉기 피해,
tree_dn,62936,Damage from Mana,피해에서 마나,
tree_dn,6294,Cast Speed,시전 속도,
tree_dn,62963,Flamewalker,Flamewalker,
tree_dn,62973,Warcry Power Counted,Warcry 권능 Counted,
tree_dn,62984,Mindful Awareness,Mindful Awareness,
tree_dn,62986,One Handed Accuracy,One Handed 정확도,
tree_dn,62998,Electrocute Buildup,Electrocute 누적,
tree_dn,630,Critical Damage,치명타 피해,
tree_dn,63002,Buff Expiry Rate,Buff Expiry Rate,
tree_dn,63009,Remnant Pickup Range,Remnant Pickup Range,
tree_dn,63021,Fire Damage,화염 피해,
tree_dn,63031,Glorious Anticipation,Glorious Anticipation,
tree_dn,63037,Sigil of Fire,Sigil의 화염,
tree_dn,6304,Stand Ground,Stand Ground,
tree_dn,63064,Mystic Stance,Mystic Stance,
tree_dn,63074,Dark Entries,Dark Entries,
tree_dn,63085,Shapeshifted Damage,Shapeshifted 피해,
tree_dn,63114,Attribute,능력치,
tree_dn,63170,Totem Cast and Attack Speed and Elemental Resistance,토템 시전 및 공격 속도 및 원소 저항,
tree_dn,63182,Defences and Companion Life,Defences 및 동료 생명력,
tree_dn,632,Dagger Speed,Dagger 속도,
tree_dn,63209,Life Regeneration and Damage,생명력 재생 및 피해,
tree_dn,63236,The Soul Springs Eternal,The Soul Springs Eternal,
tree_dn,63243,Ally Damage,동료 피해,
tree_dn,63246,Ailment Threshold and Companion Resistance,상태 이상 한계값 및 동료 저항,
tree_dn,63254,Stalking Panther,Stalking Panther,
tree_dn,63255,Savagery,Savagery,
tree_dn,63259,Motoric Implants,Motoric Implants,
tree_dn,63267,Dual Wielding Damage,Dual Wielding 피해,
tree_dn,63268,Fire Mastery,화염 숙련,
tree_dn,6330,Accuracy and Attack Damage,정확도 및 공격 피해,
tree_dn,63360,Banner Glory Gained,깃발 Glory 획득,
tree_dn,6338,Energy Shield Mastery,에너지 보호막 숙련,
tree_dn,63393,Stun Threshold,기절 한계값,
tree_dn,63400,Chakra of Elements,Chakra의 Elements,
tree_dn,63401,Fire Resistance,화염 저항,
tree_dn,63402,Arcane Surge Effect,Arcane Surge 효과,
tree_dn,63431,Leeching Toxins,Leeching Toxins,
tree_dn,63445,Attack Speed,공격 속도,
tree_dn,63451,Cranial Impact,Cranial Impact,
tree_dn,63469,Mana Regeneration and Skill Speed,마나 재생 및 Skill 속도,
tree_dn,63470,Life Costs,생명력 Costs,
tree_dn,63484,Flammability Magnitude,Flammability Magnitude,
tree_dn,63517,Mana Flask Recovery,마나 플라스크 Recovery,
tree_dn,63525,Accuracy and Attack Critical Chance,정확도 및 공격 치명타 확률,
tree_dn,63526,Attribute,능력치,
tree_dn,63541,Brush Off,Brush Off,
tree_dn,63545,Minion Damage,소환수 피해,
tree_dn,6355,Totem Damage,토템 피해,
tree_dn,6356,Physical Damage and Increased Duration,물리 피해 및 증가 지속시간,
tree_dn,63566,Attribute,능력치,
tree_dn,63579,Momentum,Momentum,
tree_dn,63585,Thunderstruck,Thunderstruck,
tree_dn,63600,Electrocute Buildup,Electrocute 누적,
tree_dn,63608,Fire Mastery,화염 숙련,
tree_dn,63610,Blind Effect,Blind 효과,
tree_dn,63618,Defences and Companion Life,Defences 및 동료 생명력,
tree_dn,63659,Clever Construction,Clever Construction,
tree_dn,63668,Triggered Spell Damage,Triggered 주문 피해,
tree_dn,63678,Shapeshifted Armour,Shapeshifted 방어도,
tree_dn,63679,Projectile Stun Buildup,투사체 기절 누적,
tree_dn,63713,Sunder my Enemies...,Sunder my Enemies...,
tree_dn,63731,Attack Damage,공격 피해,
tree_dn,63732,Damage against Enemies on Low Life,피해 against Enemies 시 Low 생명력,
tree_dn,63739,Vigorous Remnants,Vigorous Remnants,
tree_dn,63759,Stacking Toxins,Stacking Toxins,
tree_dn,63762,Deflection,Deflection,
tree_dn,63772,Cooldown Recovery Rate,Cooldown Recovery Rate,
tree_dn,63790,Melee Damage against Immobilised,근접 피해 against Immobilised,
tree_dn,63813,Warcry Speed,Warcry 속도,
tree_dn,63814,Bleeding Chance,출혈 확률,
tree_dn,63828,Ballista Critical Strike and Damage,Ballista 치명타 및 피해,
tree_dn,63830,Marked for Sickness,Marked 동안 Sickness,
tree_dn,63861,Critical Mastery,치명타 숙련,
tree_dn,63863,Lightning Damage,번개 피해,
tree_dn,63888,Attribute,능력치,
tree_dn,63891,Chaos Damage,카오스 피해,
tree_dn,63894,Spell Damage,주문 피해,
tree_dn,63926,Minion Lightning Resistance,소환수 번개 저항,
tree_dn,63979,Warcry Cooldown,Warcry Cooldown,
tree_dn,63981,Deft Recovery,Deft Recovery,
tree_dn,64023,Thorns Mastery,Thorns 숙련,
tree_dn,64031,...and I Shall Rage,...and I Shall 격노,
tree_dn,64042,Physical Mastery,물리 숙련,
tree_dn,64046,Principal Infusion,Principal Infusion,
tree_dn,64050,Marathon Runner,Marathon Runner,
tree_dn,64056,Daze Chance,Daze 확률,
tree_dn,64064,Accuracy,정확도,
tree_dn,64083,Lightning Damage,번개 피해,
tree_dn,64119,Rapid Reload,Rapid Reload,
tree_dn,64139,Friend to Many,Friend에 Many,
tree_dn,64140,Elemental Attack Damage,원소 공격 피해,
tree_dn,6416,Armour and Energy Shield,방어도 및 에너지 보호막,
tree_dn,64192,Stun Threshold,기절 한계값,
tree_dn,64213,Elemental Damage and Freeze Buildup,원소 피해 및 동결 누적,
tree_dn,64223,Energy Shield,에너지 보호막,
tree_dn,64239,Innate Rune,Innate Rune,
tree_dn,64240,Battle Fever,Battle Fever,
tree_dn,64284,Melee Damage,근접 피해,
tree_dn,64295,Trap Critical Chance,덫 치명타 확률,
tree_dn,64299,Bolstering Presence,Bolstering Presence,
tree_dn,64312,Two Handed Damage,Two Handed 피해,
tree_dn,64318,Elemental Penetration,원소 Penetration,
tree_dn,64324,Block and Stun Threshold,막기 및 기절 한계값,
tree_dn,64325,Poison Damage,독 피해,
tree_dn,64327,Defender's Resolve,Defender's Resolve,
tree_dn,64345,Attack Damage,공격 피해,
tree_dn,64352,Lightning Damage,번개 피해,
tree_dn,64357,Armour and Energy Shield,방어도 및 에너지 보호막,
tree_dn,64370,Attribute,능력치,
tree_dn,64379,Spell Damage,주문 피해,
tree_dn,64399,Attack Critical Damage,공격 치명타 피해,
tree_dn,64405,Totem Damage,토템 피해,
tree_dn,64415,Shattering Daze,Shattering Daze,
tree_dn,64427,Infusion and Power Charge Duration,Infusion 및 권능 충전 지속시간,
tree_dn,64434,Deflection,Deflection,
tree_dn,64443,Impact Force,Impact Force,
tree_dn,64462,Mana Leech,마나 흡수,
tree_dn,64471,Attribute,능력치,
tree_dn,64474,Energy Shield Delay,에너지 보호막 Delay,
tree_dn,64488,Projectile Critical Chance,투사체 치명타 확률,
tree_dn,64489,Attack Area,공격 범위,
tree_dn,64492,One Handed Attack Speed,One Handed 공격 속도,
tree_dn,64525,Easy Target,Easy Target,
tree_dn,64543,Unbound Forces,Unbound Forces,
tree_dn,64550,Damage vs Immobilised,피해 상대 Immobilised,
tree_dn,64572,Freeze Buildup,동결 누적,
tree_dn,64591,Ruzhan's Trap,Ruzhan's 덫,
tree_dn,64601,Hollow Palm Technique,Hollow Palm Technique,
tree_dn,64637,Slow Effect on You,Slow 효과 시 You,
tree_dn,64643,Power Charge Duration,권능 충전 지속시간,
tree_dn,64650,Wary Dodging,Wary Dodging,
tree_dn,64653,Minion Damage,소환수 피해,
tree_dn,64659,Lasting Boons,Lasting Boons,
tree_dn,64665,Attack Damage and Accuracy,공격 피해 및 정확도,
tree_dn,64683,Armour Mastery,방어도 숙련,
tree_dn,64690,Energy Shield Recharge,에너지 보호막 재충전,
tree_dn,64700,Quarterstaff Freeze and Daze Buildup,육척봉 동결 및 Daze 누적,
tree_dn,64724,Flammability and Ignite Magnitude,Flammability 및 점화 Magnitude,
tree_dn,64726,Projectile Mastery,투사체 숙련,
tree_dn,64747,Ailment Chance and Duration,상태 이상 확률 및 지속시간,
tree_dn,64789,Mana Regeneration,마나 재생,
tree_dn,64807,Attack Area Damage and Area,공격 범위 피해 및 범위,
tree_dn,64819,Fire Damage and Armour ,화염 피해 및 방어도,
tree_dn,64851,Flashy Parrying,Flashy Parrying,
tree_dn,64870,Armour and Applies to Fire Damage,방어도 및 Applies에 화염 피해,
tree_dn,6490,Critical Damage,치명타 피해,
tree_dn,64900,Ancestral Boosted Attack Damage and Stun,선조 Boosted 공격 피해 및 기절,
tree_dn,64927,Mana Leech,마나 흡수,
tree_dn,64939,Two Handed Damage,Two Handed 피해,
tree_dn,64948,Aura Effect,오라 효과,
tree_dn,64962,Dedication to Kitava,Dedication에 Kitava,
tree_dn,64990,Intelligence,지능,
tree_dn,64995,Damage against Enemies on Low Life,피해 against Enemies 시 Low 생명력,
tree_dn,64996,Bleed Chance,출혈 확률,
tree_dn,65,Freeze Buildup,동결 누적,
tree_dn,65009,Attribute,능력치,
tree_dn,65016,Intense Flames,Intense 화염,
tree_dn,6502,Flail Mastery,도리깨 숙련,
tree_dn,65023,Impenetrable Shell,Impenetrable Shell,
tree_dn,65042,Rage Mastery,격노 숙련,
tree_dn,6505,Pierce Chance,Pierce 확률,
tree_dn,65091,Evasion,회피,
tree_dn,6514,Cacophony,Cacophony,
tree_dn,65149,Armour Break Effect,방어도 파괴 효과,
tree_dn,65154,Totem Mastery,토템 숙련,
tree_dn,6516,Stun Threshold if no recent Stun,기절 한계값 if no recent 기절,
tree_dn,65160,Titanic,Titanic,
tree_dn,65161,Deflection,Deflection,
tree_dn,65173,...and Protect me from Harm,...and Protect me에서 Harm,
tree_dn,65176,Projectile Damage,투사체 피해,
tree_dn,65189,Shapeshifted Elemental Penetration,Shapeshifted 원소 Penetration,
tree_dn,65192,Totem Cast and Attack Speed,토템 시전 및 공격 속도,
tree_dn,65193,Viciousness,Viciousness,
tree_dn,65204,Overflowing Power,Overflowing 권능,
tree_dn,65207,Slow Effect on You,Slow 효과 시 You,
tree_dn,65212,Slow Effect on You,Slow 효과 시 You,
tree_dn,65226,Infusion Mastery,Infusion 숙련,
tree_dn,65243,Enveloping Presence,Enveloping Presence,
tree_dn,65248,Elemental Ailment Duration,원소 상태 이상 지속시간,
tree_dn,65256,Widespread Coverage,Widespread Coverage,
tree_dn,65265,Swift Interruption,Swift Interruption,
tree_dn,65287,Totem Damage,토템 피해,
tree_dn,6529,Armour,방어도,
tree_dn,65290,Lightning Damage and Resistance,번개 피해 및 저항,
tree_dn,65310,Additional Spell Projectiles,추가 주문 투사체,
tree_dn,65322,Bleeding Chance,출혈 확률,
tree_dn,65328,Sentinels,Sentinels,
tree_dn,65353,Banner Mastery,깃발 숙련,
tree_dn,65393,Mana Cost Efficiency,마나 Cost 효율,
tree_dn,65413,Spell Critical Chance,주문 치명타 확률,
tree_dn,65424,Dual Wielding Damage,Dual Wielding 피해,
tree_dn,65437,Energy Shield Delay,에너지 보호막 Delay,
tree_dn,65439,Banner Aura Effect,깃발 오라 효과,
tree_dn,6544,Burning Strikes,Burning Strikes,
tree_dn,65468,Repeating Explosives,Repeating Explosives,
tree_dn,65472,Glory Generation,Glory Generation,
tree_dn,65493,Area and Presence,범위 및 Presence,
tree_dn,65498,Armour Break,방어도 파괴,
tree_dn,65518,Sanguine Tides,Sanguine Tides,
tree_dn,6570,Curse Mastery,저주 숙련,
tree_dn,6588,Caster Mastery,시전자 숙련,
tree_dn,6596,Attack Speed,공격 속도,
tree_dn,6623,Banner Aura Effect,깃발 오라 효과,
tree_dn,6626,Armour and Evasion,방어도 및 회피,
tree_dn,664,Choice of Power,Choice의 권능,
tree_dn,6655,Aggravation,Aggravation,
tree_dn,6660,Damage against Ailments,피해 against 상태 이상,
tree_dn,6686,Mana Regeneration,마나 재생,
tree_dn,6689,Shield Damage,방패 피해,
tree_dn,6714,Curse Effect on you and Life Regeneration Rate,저주 효과 시 you 및 생명력 재생 Rate,
tree_dn,6715,Energy Shield and Mana Regeneration,에너지 보호막 및 마나 재생,
tree_dn,6735,Shapeshifted Armour,Shapeshifted 방어도,
tree_dn,6744,Attribute,능력치,
tree_dn,6748,Damage from Mana,피해에서 마나,
tree_dn,6752,Fire Damage,화염 피해,
tree_dn,6772,Attribute,능력치,
tree_dn,6789,Projectile Damage,투사체 피해,
tree_dn,6792,Projectile Damage,투사체 피해,
tree_dn,6800,Chaos Damage,카오스 피해,
tree_dn,6839,Stun Buildup,기절 누적,
tree_dn,6842,Stun and Freeze Buildup,기절 및 동결 누적,
tree_dn,6872,Armour Applies to Cold Damage Hits,방어도 Applies에 냉기 피해 명중,
tree_dn,6874,Channelling Life Recoup,집중 유지 생명력 회생,
tree_dn,6891,Critical Damage,치명타 피해,
tree_dn,6898,Relentless Vindicator,Relentless Vindicator,
tree_dn,6900,Maximum Block,최대 막기,
tree_dn,6912,Two Hand Mastery,Two Hand 숙련,
tree_dn,6923,Two Handed Damage,Two Handed 피해,
tree_dn,6935,Ceremonial Ablution,Ceremonial Ablution,
tree_dn,6950,Exposure Effect,Exposure 효과,
tree_dn,6951,Poison Damage,독 피해,
tree_dn,6952,Attack Area,공격 범위,
tree_dn,6988,Herald Mastery,Herald 숙련,
tree_dn,6999,Totem Elemental Resistance,토템 원소 저항,
tree_dn,7023,Cold Mastery,냉기 숙련,
tree_dn,703,Stun Threshold from Energy Shield,기절 한계값에서 에너지 보호막,
tree_dn,7049,Armour while Surrounded,방어도 동안 포위,
tree_dn,7054,Attack Area Damage and Area,공격 범위 피해 및 범위,
tree_dn,7060,Life Flasks,생명력 Flasks,
tree_dn,7062,Reusable Ammunition,Reusable Ammunition,
tree_dn,7066,Bow Attack Speed,활 공격 속도,
tree_dn,7068,Mystic Attunement,Mystic 조율,
tree_dn,71,Physical Damage and Reduced Duration,물리 피해 및 감소 지속시간,
tree_dn,7120,Witchhunter,Witchhunter,
tree_dn,7128,Dangerous Blossom,Dangerous Blossom,
tree_dn,7163,Stimulants,Stimulants,
tree_dn,7183,Life Flask Recovery,생명력 플라스크 Recovery,
tree_dn,7201,Projectile Damage,투사체 피해,
tree_dn,7204,Stun Buildup,기절 누적,
tree_dn,7218,Strength,Strength,
tree_dn,722,Attribute,능력치,
tree_dn,7246,Mana Regeneration,마나 재생,
tree_dn,7251,Attack Damage,공격 피해,
tree_dn,7258,Strength and Spell Damage,Strength 및 주문 피해,
tree_dn,7275,Electrocuting Exposure,Electrocuting Exposure,
tree_dn,7294,Armour Break and Physical Damage,방어도 파괴 및 물리 피해,
tree_dn,7302,Echoing Pulse,Echoing Pulse,
tree_dn,7333,Elemental Mastery,원소 숙련,
tree_dn,7338,Abasement,Abasement,
tree_dn,7341,Ignore Pain,Ignore Pain,
tree_dn,7344,Life from Death,생명력에서 Death,
tree_dn,7353,Critical Chance,치명타 확률,
tree_dn,7378,Fire Damage,화염 피해,
tree_dn,7390,Armour and Evasion,방어도 및 회피,
tree_dn,7392,Stun Threshold,기절 한계값,
tree_dn,7395,Retaliation,Retaliation,
tree_dn,74,Acolyte of Chayula,Acolyte의 Chayula,
tree_dn,7405,Shock Effect and Mana Regeneration,감전 효과 및 마나 재생,
tree_dn,7412,Life Flask Charges,생명력 플라스크 충전,
tree_dn,7424,Energy Shield,에너지 보호막,
tree_dn,7449,Splinters,Splinters,
tree_dn,7465,Critical Chance,치명타 확률,
tree_dn,7473,Herald Damage,Herald 피해,
tree_dn,7488,Leech Mastery,흡수 숙련,
tree_dn,750,Tribal Fury,Tribal Fury,
tree_dn,752,Minion Damage and Duration,소환수 피해 및 지속시간,
tree_dn,7526,Attribute,능력치,
tree_dn,7542,Encompassing Domain,Encompassing Domain,
tree_dn,7553,Trusted Partner,Trusted Partner,
tree_dn,7576,Attack Damage,공격 피해,
tree_dn,7604,Rapid Strike,Rapid Strike,
tree_dn,761,Command Skill Cooldown,Command Skill Cooldown,
tree_dn,762,Minion Damage,소환수 피해,
tree_dn,7621,I am the Thunder...,I am the Thunder...,
tree_dn,7628,Attribute,능력치,
tree_dn,7642,Physical Mastery,물리 숙련,
tree_dn,7651,Pierce the Heart,Pierce the Heart,
tree_dn,7668,Internal Bleeding,Internal 출혈,
tree_dn,770,Mana,마나,
tree_dn,7716,Armour,방어도,
tree_dn,7720,Rage on Ignite,격노 시 점화,
tree_dn,7721,Relentless,Relentless,
tree_dn,7741,Attribute,능력치,
tree_dn,7777,Breaking Point,Breaking Point,
tree_dn,7782,Rupturing Pins,Rupturing Pins,
tree_dn,7788,Knockback,Knockback,
tree_dn,7793,Life,생명력,
tree_dn,7809,Wild Storm,Wild 폭풍,
tree_dn,7847,The Fabled Stag,The Fabled Stag,
tree_dn,7878,Shield Block,방패 막기,
tree_dn,7888,Combo Gain,Combo 획득,
tree_dn,7922,Flask Duration,플라스크 지속시간,
tree_dn,7947,Energy Shield as Freeze Threshold,에너지 보호막 as 동결 한계값,
tree_dn,7960,Jewel Socket,주얼 Socket,
tree_dn,7971,Mana Regeneration,마나 재생,
tree_dn,7972,Endurance Charge Duration,인내 충전 지속시간,
tree_dn,7979,Elemental Surge,원소 Surge,
tree_dn,7998,Shock Chance,감전 확률,
tree_dn,8045,Mana Leech,마나 흡수,
tree_dn,8092,Projectile Damage,투사체 피해,
tree_dn,8107,Glory Generation,Glory Generation,
tree_dn,8115,Pin Buildup,Pin 누적,
tree_dn,8143,Lead me through Grace...,Lead me through Grace...,
tree_dn,8145,Fire Penetration,화염 Penetration,
tree_dn,8154,Herald Mastery,Herald 숙련,
tree_dn,8157,Herald Reservation,Herald Reservation,
tree_dn,8171,Presence Area,Presence 범위,
tree_dn,8194,Stun Threshold if no recent Stun,기절 한계값 if no recent 기절,
tree_dn,8246,Attack Damage,공격 피해,
tree_dn,8248,Bleed Duration,출혈 지속시간,
tree_dn,8249,Accuracy and Attack Critical Chance,정확도 및 공격 치명타 확률,
tree_dn,8260,Armour Break Duration,방어도 파괴 지속시간,
tree_dn,8272,Weapon Master,무기 Master,
tree_dn,8273,Endless Circuit,Endless Circuit,
tree_dn,829,Minion Duration,소환수 지속시간,
tree_dn,8302,Damage vs Blinded,피해 상대 실명,
tree_dn,8305,Disciple of Varashta,Disciple의 Varashta,
tree_dn,8349,Energy Shield Recharge,에너지 보호막 재충전,
tree_dn,8357,Minion Attack and Cast Speed,소환수 공격 및 시전 속도,
tree_dn,8382,Cold Damage and Energy Shield Recharge Rate,냉기 피해 및 에너지 보호막 재충전 Rate,
tree_dn,8397,Empowering Remains,Empowering Remains,
tree_dn,8406,Attribute,능력치,
tree_dn,8415,Sanguimancy,Sanguimancy,
tree_dn,8421,Cold Resistance,냉기 저항,
tree_dn,8423,Bow Attack Speed,활 공격 속도,
tree_dn,8440,Damage against Enemies on Low Life,피해 against Enemies 시 Low 생명력,
tree_dn,8456,Attack Cold Damage and Freeze Buildup,공격 냉기 피해 및 동결 누적,
tree_dn,8460,Warcry Mastery,Warcry 숙련,
tree_dn,8483,Ruin,Ruin,
tree_dn,8493,Attribute,능력치,
tree_dn,8509,Critical Damage,치명타 피해,
tree_dn,8510,Faster Ailments,Faster 상태 이상,
tree_dn,8522,Energy,에너지,
tree_dn,8525,Leather Bindings,Leather Bindings,
tree_dn,8531,Leaping Ambush,Leaping 매복,
tree_dn,8535,Spiked Whip,Spiked Whip,
tree_dn,8540,Curse Area,저주 범위,
tree_dn,8554,Burning Nature,Burning Nature,
tree_dn,8556,Attack Mastery,공격 숙련,
tree_dn,8560,Melee Damage,근접 피해,
tree_dn,8569,Attribute,능력치,
tree_dn,857,Energy Shield Mastery,에너지 보호막 숙련,
tree_dn,8573,Bow Damage,활 피해,
tree_dn,858,Chaos Damage,카오스 피해,
tree_dn,8600,Attribute,능력치,
tree_dn,8606,Attack Mastery,공격 숙련,
tree_dn,8607,Lavianga's Brew,Lavianga's Brew,
tree_dn,8611,Curse Area,저주 범위,
tree_dn,8616,Attribute,능력치,
tree_dn,8629,Attack Mastery,공격 숙련,
tree_dn,8631,Critical Chance,치명타 확률,
tree_dn,8644,Trap Damage,덫 피해,
tree_dn,8660,Reverberation,Reverberation,
tree_dn,869,Armour and Energy Shield Delay,방어도 및 에너지 보호막 Delay,
tree_dn,8693,Armour while Bleeding,방어도 동안 출혈,
tree_dn,8697,Elemental Attack Damage,원소 공격 피해,
tree_dn,872,Channelling Defences,집중 유지 Defences,
tree_dn,8723,Flesh Withstands,Flesh Withstands,
tree_dn,8734,Energy Shield Recharge,에너지 보호막 재충전,
tree_dn,8737,Minion Damage,소환수 피해,
tree_dn,8782,Empowering Infusions,Empowering Infusions,
tree_dn,8785,Curse Mastery,저주 숙련,
tree_dn,8789,Companion Damage and Companion Life,동료 피해 및 동료 생명력,
tree_dn,8791,Sturdy Ally,Sturdy 동료,
tree_dn,8800,Melee Damage,근접 피해,
tree_dn,8810,Multitasking,Multitasking,
tree_dn,8821,Lightning Damage,번개 피해,
tree_dn,8827,Fast Metabolism,Fast Metabolism,
tree_dn,8831,Tempered Mind,Tempered Mind,
tree_dn,8850,Shapeshifted Critical Chance,Shapeshifted 치명타 확률,
tree_dn,8852,Life Leech and Slower Leech,생명력 흡수 및 Slower 흡수,
tree_dn,8854,Life,생명력,
tree_dn,8867,Constant Gale,Constant Gale,
tree_dn,8872,Dual Wielding Mastery,Dual Wielding 숙련,
tree_dn,8875,Electrocute Buildup,Electrocute 누적,
tree_dn,8881,Unforgiving,Unforgiving,
tree_dn,8896,Agile Sprinter,Agile Sprinter,
tree_dn,8904,Death from Afar,Death에서 Afar,
tree_dn,8908,Evasion and Energy Shield,회피 및 에너지 보호막,
tree_dn,8916,Bashing Beast,Bashing Beast,
tree_dn,8938,Bleed Chance,출혈 확률,
tree_dn,8957,Right Hand of Darkness,Right Hand의 Darkness,
tree_dn,8975,Attribute,능력치,
tree_dn,8982,Freeze Buildup and Skill Effect Duration,동결 누적 및 Skill 효과 지속시간,
tree_dn,8983,Minion Damage,소환수 피해,
tree_dn,9009,Return to Nature,Return에 Nature,
tree_dn,9018,Area and Presence,범위 및 Presence,
tree_dn,9020,Giantslayer,Giantslayer,
tree_dn,9037,Shapeshifted Skill Speed,Shapeshifted Skill 속도,
tree_dn,904,Mana Regeneration and Critical Chance,마나 재생 및 치명타 확률,
tree_dn,9040,Shield Mastery,방패 숙련,
tree_dn,9046,Critical Chance,치명타 확률,
tree_dn,9050,Attack Speed,공격 속도,
tree_dn,9065,Minion Damage,소환수 피해,
tree_dn,9069,Triggered Spell Damage,Triggered 주문 피해,
tree_dn,9083,Minion Defence Mastery,소환수 Defence 숙련,
tree_dn,9085,Crimson Assault,Crimson Assault,
tree_dn,9089,Evasion Rating,회피 Rating,
tree_dn,9106,Rage when Hit,격노 when 명중,
tree_dn,9112,Ailment Threshold,상태 이상 한계값,
tree_dn,9141,Elemental Damage,원소 피해,
tree_dn,9151,Forking Projectiles,Forking 투사체,
tree_dn,9163,Armour,방어도,
tree_dn,9164,Two Handed Damage,Two Handed 피해,
tree_dn,917,Stun Threshold,기절 한계값,
tree_dn,9185,Critical Chance,치명타 확률,
tree_dn,9187,Escalation,Escalation,
tree_dn,9199,Surpassing Projectile Chance,Surpassing 투사체 확률,
tree_dn,9212,Minion Mastery,소환수 숙련,
tree_dn,9217,One Handed Damage,One Handed 피해,
tree_dn,9221,Critical Mastery,치명타 숙련,
tree_dn,9226,Mental Perseverance,Mental Perseverance,
tree_dn,9227,Focused Thrust,Focused Thrust,
tree_dn,9240,Spear Damage,창 피해,
tree_dn,9272,Pin Duration,Pin 지속시간,
tree_dn,9275,Accuracy and Attack Speed,정확도 및 공격 속도,
tree_dn,9290,Rusted Pins,Rusted Pins,
tree_dn,9294,Critical Strike,치명타,
tree_dn,9323,Craving Slaughter,Craving Slaughter,
tree_dn,9324,Ignite Duration,점화 지속시간,
tree_dn,9328,Spirit of the Bear,정신력의 the Bear,
tree_dn,934,Natural Immunity,Natural Immunity,
tree_dn,9352,Attack Area,공격 범위,
tree_dn,9393,Flask Mastery,플라스크 숙련,
tree_dn,94,Efficient Killing,Efficient Killing,
tree_dn,9405,Evasion,회피,
tree_dn,9411,Life Flasks,생명력 Flasks,
tree_dn,9414,Elemental Damage,원소 피해,
tree_dn,9417,Totem Life,토템 생명력,
tree_dn,9421,Snowpiercer,Snowpiercer,
tree_dn,9441,Parry Area,Parry 범위,
tree_dn,9442,Warcry Speed,Warcry 속도,
tree_dn,9444,One with the Storm,One 보유 the 폭풍,
tree_dn,9458,Flask Mastery,플라스크 숙련,
tree_dn,9472,Catapult,Catapult,
tree_dn,9485,Attribute,능력치,
tree_dn,95,Minion Damage,소환수 피해,
tree_dn,9510,Energy Shield Recoup,에너지 보호막 회생,
tree_dn,9528,Warcry Cooldown Speed,Warcry Cooldown 속도,
tree_dn,9532,Strength and Dexterity,Strength 및 Dexterity,
tree_dn,9554,Life Costs and Chaos Damage,생명력 Costs 및 카오스 피해,
tree_dn,9568,Totem Life,토템 생명력,
tree_dn,9572,Melee Damage if Projectile Hit,근접 피해 if 투사체 명중,
tree_dn,9583,Life Leech and Physical Damage,생명력 흡수 및 물리 피해,
tree_dn,9586,Critical Mastery,치명타 숙련,
tree_dn,9604,Thirst of Kitava,Thirst의 Kitava,
tree_dn,9638,Skill Speed,Skill 속도,
tree_dn,9642,Dampening Shield,Dampening 방패,
tree_dn,9652,Mending Deflection,Mending Deflection,
tree_dn,9663,Chaos Resistance,카오스 저항,
tree_dn,968,Fire Damage and Area,화염 피해 및 범위,
tree_dn,9698,Critical Mastery,치명타 숙련,
tree_dn,97,Attack Speed,공격 속도,
tree_dn,9703,Poison Duration,독 지속시간,
tree_dn,9710,Bleeding Concoction,출혈 혼합물,
tree_dn,9736,Insulated Treads,Insulated Treads,
tree_dn,9737,Attack Area,공격 범위,
tree_dn,9745,Movement Speed,이동 속도,
tree_dn,9750,Warcry Cooldown,Warcry Cooldown,
tree_dn,9762,Sword Damage,Sword 피해,
tree_dn,9782,Critical Damage,치명타 피해,
tree_dn,9796,Flammability Magnitude,Flammability Magnitude,
tree_dn,9798,Skill Speed,Skill 속도,
tree_dn,9825,Ailment Threshold,상태 이상 한계값,
tree_dn,9843,Mana,마나,
tree_dn,9857,Bleeding Chance,출혈 확률,
tree_dn,989,Life Flasks,생명력 Flasks,
tree_dn,9896,Heartstopping Presence,Heartstopping Presence,
tree_dn,9908,Price of Freedom,Price의 Freedom,
tree_dn,9918,Area Damage,범위 피해,
tree_dn,9928,Embracing Frost,Embracing 서리,
tree_dn,9941,Melee Damage,근접 피해,
tree_dn,9968,Feel the Earth,Feel the Earth,
tree_dn,9988,Smith's Masterwork,Smith's Masterwork,
tree_dn,9994,Invoker,Invoker,
tree_dn,9997,Molten Symbol,Molten Symbol,
tree_sd,10011:1,15% increased Damage with Hits against Blinded Enemies,15% 증가 피해 보유 명중 against 실명 Enemies,
tree_sd,10029:1,Area Skills have 20% chance to Knock Enemies Back on Hit,범위 Skills have 20% 확률에 Knock Enemies Back 시 명중,
tree_sd,10029:2,20% increased Spell Area Damage,20% 증가 주문 범위 피해,
tree_sd,10041:1,8% increased Elemental Ailment Threshold,8% 증가 원소 상태 이상 한계값,
tree_sd,10041:2,Companions have +12% to all Elemental Resistances,Companions have +12%에 모든 원소 저항,
tree_sd,10047:1,15% increased Stun Buildup,15% 증가 기절 누적,
tree_sd,10053:1,10% chance for Flasks you use to not consume Charges,10% 확률 동안 Flasks you 사용에 not consume 충전,
tree_sd,10053:2,20% increased Life and Mana Recovery from Flasks,20% 증가 생명력 및 마나 Recovery에서 Flasks,
tree_sd,10055:1,Minions have 8% increased maximum Life,소환수 have 8% 증가 최대 생명력,
tree_sd,10055:2,Minions have +7% to Chaos Resistance,소환수 have +7%에 카오스 저항,
tree_sd,10072:1,6% increased Block chance,6% 증가 막기 확률,
tree_sd,10079:1,15% increased Energy Shield Recharge Rate,15% 증가 에너지 보호막 재충전 Rate,
tree_sd,10100:1,+5 to any Attribute,+5에 any 능력치,
tree_sd,10131:1,+5 to any Attribute,+5에 any 능력치,
tree_sd,10156:1,+5 to any Attribute,+5에 any 능력치,
tree_sd,10159:1,10% increased Mana Regeneration Rate,10% 증가 마나 재생 Rate,
tree_sd,10192:1,10% increased Elemental Damage,10% 증가 원소 피해,
tree_sd,1019:1,12% increased Armour and Evasion Rating,12% 증가 방어도 및 회피 Rating,
tree_sd,10208:1,Gain additional Ailment Threshold equal to 8% of maximum Energy Shield,획득 추가 상태 이상 한계값 equal에 8%의 최대 에너지 보호막,
tree_sd,10208:2,Gain additional Stun Threshold equal to 8% of maximum Energy Shield,획득 추가 기절 한계값 equal에 8%의 최대 에너지 보호막,
tree_sd,1020:1,6% increased bonuses gained from Equipped Quiver,6% 증가 bonuses 획득에서 Equipped 화살통,
tree_sd,10242:1,3% of Damage taken Recouped as Life,3%의 피해 taken Recouped as 생명력,
tree_sd,10247:1,+5 to any Attribute,+5에 any 능력치,
tree_sd,10251:1,15% increased Stun Buildup,15% 증가 기절 누적,
tree_sd,10260:1,Channelling Skills deal 12% increased Damage,집중 유지 Skills deal 12% 증가 피해,
tree_sd,10265:1,40% increased Critical Damage Bonus with Spears,40% 증가 치명타 피해 보너스 보유 Spears,
tree_sd,10267:1,8% increased Freeze Buildup,8% 증가 동결 누적,
tree_sd,10267:2,8% increased Attack Cold Damage,8% 증가 공격 냉기 피해,
tree_sd,10271:1,25% increased Attack Damage while Surrounded,25% 증가 공격 피해 동안 포위,
tree_sd,10273:1,+3 to all Attributes,+3에 모든 능력치,
tree_sd,10277:1,8% increased Accuracy Rating,8% 증가 정확도 Rating,
tree_sd,10286:1,10% increased Armour,10% 증가 방어도,
tree_sd,10286:2,Break 15% increased Armour,파괴 15% 증가 방어도,
tree_sd,10295:1,16% increased Cast Speed,16% 증가 시전 속도,
tree_sd,10295:2,15% increased Mana Cost of Skills,15% 증가 마나 Cost의 Skills,
tree_sd,10305:1,Allies in your Presence deal 8% increased Damage,동료 in your Presence deal 8% 증가 피해,
tree_sd,10305:2,8% increased Attack Damage while you have an Ally in your Presence,8% 증가 공격 피해 동안 you have an 동료 in your Presence,
tree_sd,10314:1,10% increased Mana Regeneration Rate,10% 증가 마나 재생 Rate,
tree_sd,10315:1,25% increased Reservation Efficiency of Companion Skills,25% 증가 Reservation 효율의 동료 Skills,
tree_sd,10320:1,Minions have 10% increased maximum Life,소환수 have 10% 증가 최대 생명력,
tree_sd,10362:1,15% increased Armour,15% 증가 방어도,
tree_sd,10364:1,4% increased Skill Speed,4% 증가 Skill 속도,
tree_sd,10371:1,Banners gain 5 Glory per second,Banners 획득 5 Glory per second,
tree_sd,10371:2,There is no Limit on the number of Banners you can place,There is no Limit 시 the number의 Banners you can place,
tree_sd,10372:1,12% increased Stun Threshold,12% 증가 기절 한계값,
tree_sd,10382:1,+5 to any Attribute,+5에 any 능력치,
tree_sd,10398:1,16% increased Critical Hit Chance for Spells,16% 증가 치명타 확률 동안 Spells,
tree_sd,10398:2,8% increased Cast Speed if you've dealt a Critical Hit Recently,8% 증가 시전 속도 if you've dealt a 치명타 명중 Recently,
tree_sd,10423:1,Damage Penetrates 18% Fire Resistance,피해 Penetrates 18% 화염 저항,
tree_sd,10423:2,15% increased Duration of Ailments against Enemies with Exposure,15% 증가 지속시간의 상태 이상 against Enemies 보유 Exposure,
tree_sd,10452:1,10% increased Armour,10% 증가 방어도,
tree_sd,10452:2,10% increased maximum Energy Shield,10% 증가 최대 에너지 보호막,
tree_sd,10472:1,10% increased Mana Recovery from Flasks,10% 증가 마나 Recovery에서 Flasks,
tree_sd,10474:1,6% increased Area of Effect for Attacks,6% 증가 범위의 효과 동안 공격,
tree_sd,10484:1,+2 to Maximum Rage,+2에 최대 격노,
tree_sd,10499:1,20% increased Life Regeneration rate,20% 증가 생명력 재생 rate,
tree_sd,10499:2,30% reduced effect of Curses on you,30% 감소 효과의 Curses 시 you,
tree_sd,10499:3,30% increased damage against Undead Enemies,30% 증가 피해 against Undead Enemies,
tree_sd,10500:1,100% chance to Daze Enemies whose Hits you Block with a raised Shield,100% 확률에 Daze Enemies whose 명중 you 막기 보유 a raised 방패,
tree_sd,10508:1,3% increased Attack Speed while holding a Shield,3% 증가 공격 속도 동안 holding a 방패,
tree_sd,10534:1,Spells Cast by Totems have 4% increased Cast Speed,Spells 시전 by Totems have 4% 증가 시전 속도,
tree_sd,10534:2,Attacks used by Totems have 4% increased Attack Speed,공격 used by Totems have 4% 증가 공격 속도,
tree_sd,10552:1,Gain additional Stun Threshold equal to 12% of maximum Energy Shield,획득 추가 기절 한계값 equal에 12%의 최대 에너지 보호막,
tree_sd,10561:1,Grants Skill: Navira's Fracturing,Grants Skill: Navira's Fracturing,
tree_sd,10571:1,12% increased Stun Threshold,12% 증가 기절 한계값,
tree_sd,10576:1,15% increased Magnitude of Bleeding you inflict against Enemies affected by Incision,15% 증가 Magnitude의 출혈 you inflict against Enemies affected by Incision,
tree_sd,10602:1,8% increased Attack Speed with One Handed Weapons,8% 증가 공격 속도 보유 One Handed Weapons,
tree_sd,10602:2,+15 to Dexterity,+15에 Dexterity,
tree_sd,10612:1,Immune to Freeze and Chill while affected by an Archon Buff,Immune에 동결 및 냉각 동안 affected by an Archon Buff,
tree_sd,10635:1,12% increased Armour,12% 증가 방어도,
tree_sd,10635:2,12% increased maximum Energy Shield,12% 증가 최대 에너지 보호막,
tree_sd,10636:1,8% increased Block chance,8% 증가 막기 확률,
tree_sd,10648:1,Projectiles deal 15% increased Damage with Hits against Enemies further than 6m,투사체 deal 15% 증가 피해 보유 명중 against Enemies further than 6m,
tree_sd,10671:1,10% increased Attack Damage,10% 증가 공격 피해,
tree_sd,10677:1,25% increased Stun Threshold if you haven't been Stunned Recently,25% 증가 기절 한계값 if you haven't been Stunned Recently,
tree_sd,10681:1,+4% to maximum Block chance,+4%에 최대 막기 확률,
tree_sd,10694:1,Gain Elemental Archon when you cast a Spell while on High Infernal Flame,획득 원소 Archon when you 시전 a 주문 동안 시 High Infernal 화염,
tree_sd,10694:2,Elemental Archon does not expire while on High Infernal Flame,원소 Archon does not expire 동안 시 High Infernal 화염,
tree_sd,10694:3,Lose Elemental Archon on reaching maximum Infernal Flame,Lose 원소 Archon 시 reaching 최대 Infernal 화염,
tree_sd,10713:1,30% increased Armour while stationary,30% 증가 방어도 동안 stationary,
tree_sd,10727:1,12% increased Attack Damage for each different Non-Instant Spell you've used in the past 8 seconds,12% 증가 공격 피해 동안 each different Non-Instant 주문 you've used in the past 8 seconds,
tree_sd,10731:1,Grants Sands of Time,Grants Sands의 Time,
tree_sd,1073:1,6% increased Ignite Magnitude,6% 증가 점화 Magnitude,
tree_sd,1073:2,6% increased Magnitude of Poison you inflict,6% 증가 Magnitude의 독 you inflict,
tree_sd,10742:1,Minions have 3% increased Attack and Cast Speed,소환수 have 3% 증가 공격 및 시전 속도,
tree_sd,10772:1,20% increased amount of Life Leeched,20% 증가 amount의 생명력 Leeched,
tree_sd,10772:2,Leech Life 25% faster,흡수 생명력 25% faster,
tree_sd,10774:1,15% increased Attack Speed if you've been Hit Recently,15% 증가 공격 속도 if you've been 명중 Recently,
tree_sd,10774:2,8% reduced Slowing Potency of Debuffs on You,8% 감소 Slowing Potency의 Debuffs 시 You,
tree_sd,10783:1,10% increased Damage with Swords,10% 증가 피해 보유 Swords,
tree_sd,10830:1,18% increased Armour,18% 증가 방어도,
tree_sd,10835:1,Banner Skills have 20% increased Duration,깃발 Skills have 20% 증가 지속시간,
tree_sd,10873:1,Gain 1 Rage on Melee Hit,획득 1 격노 시 근접 명중,
tree_sd,10873:2,Every 10 Rage also grants 12% increased Physical Damage,Every 10 격노 also grants 12% 증가 물리 피해,
tree_sd,1087:1,25% increased Area of Effect if you've Stunned an Enemy with a Two Handed Melee Weapon Recently,25% 증가 범위의 효과 if you've Stunned an Enemy 보유 a Two Handed 근접 무기 Recently,
tree_sd,10881:1,40% increased Energy Shield from Equipped Focus,40% 증가 에너지 보호막에서 Equipped 집중구,
tree_sd,10909:1,+5 to any Attribute,+5에 any 능력치,
tree_sd,1091:1,10% reduced Effect of Chill on you,10% 감소 효과의 냉각 시 you,
tree_sd,10927:1,10% increased Pin duration,10% 증가 Pin 지속시간,
tree_sd,10944:1,12% increased Evasion Rating,12% 증가 회피 Rating,
tree_sd,10944:2,12% increased maximum Energy Shield,12% 증가 최대 에너지 보호막,
tree_sd,10987:1,Skills have 33% chance to not consume a Cooldown when used,Skills have 33% 확률에 not consume a Cooldown when used,
tree_sd,10998:1,Gain Stun Threshold equal to the lowest of Evasion and Armour on your Helmet,획득 기절 한계값 equal에 the lowest의 회피 및 방어도 시 your Helmet,
tree_sd,11015:1,16% increased Hazard Damage,16% 증가 Hazard 피해,
tree_sd,11027:1,10% increased Endurance Charge Duration,10% 증가 인내 충전 지속시간,
tree_sd,11027:2,10% increased Armour if you've consumed an Endurance Charge Recently,10% 증가 방어도 if you've consumed an 인내 충전 Recently,
tree_sd,11030:1,15% faster start of Energy Shield Recharge,15% faster start의 에너지 보호막 재충전,
tree_sd,11037:1,8% increased Area of Effect,8% 증가 범위의 효과,
tree_sd,11037:2,10% increased Cooldown Recovery Rate,10% 증가 Cooldown Recovery Rate,
tree_sd,11048:1,Minions deal 8% increased Damage,소환수 deal 8% 증가 피해,
tree_sd,11048:2,8% increased Minion Duration,8% 증가 소환수 지속시간,
tree_sd,1104:1,10% chance when you gain a Power Charge to gain an additional Power Charge,10% 확률 when you 획득 a 권능 충전에 획득 an 추가 권능 충전,
tree_sd,1104:2,+1 to Maximum Power Charges,+1에 최대 권능 충전,
tree_sd,11066:1,5% increased Cooldown Recovery Rate,5% 증가 Cooldown Recovery Rate,
tree_sd,11087:1,Channelling Skills deal 12% increased Damage,집중 유지 Skills deal 12% 증가 피해,
tree_sd,11094:1,Charms applied to you have 10% increased Effect,Charms applied에 you have 10% 증가 효과,
tree_sd,110:1,Body Armour grants Hits against you have 100% reduced Critical Damage Bonus,Body 방어도 grants 명중 against you have 100% 감소 치명타 피해 보너스,
tree_sd,11153:1,2% increased Attack Speed,2% 증가 공격 속도,
tree_sd,11153:2,5% increased Accuracy Rating,5% 증가 정확도 Rating,
tree_sd,11160:1,53% increased Life Cost of Skills,53% 증가 생명력 Cost의 Skills,
tree_sd,11160:2,Gain 21% of Damage as Extra Chaos Damage,획득 21%의 피해 as Extra 카오스 피해,
tree_sd,11178:1,50% chance to gain Onslaught on Killing Blow with Axes,50% 확률에 획득 Onslaught 시 Killing Blow 보유 Axes,
tree_sd,11230:1,Invocation Skills instead Trigger Spells every 2 seconds,Invocation Skills instead Trigger Spells every 2 seconds,
tree_sd,11230:2,Invocation Skills cannot gain Energy while Triggering Spells,Invocation Skills cannot 획득 에너지 동안 Triggering Spells,
tree_sd,11230:3,Invoked Spells consume 50% less Energy,Invoked Spells consume 50% less 에너지,
tree_sd,11248:1,+5 to any Attribute,+5에 any 능력치,
tree_sd,11252:1,6% increased Area of Effect for Attacks,6% 증가 범위의 효과 동안 공격,
tree_sd,11257:1,30% increased Evasion Rating while Surrounded,30% 증가 회피 Rating 동안 포위,
tree_sd,11275:1,Damage Penetrates 6% Fire Resistance,피해 Penetrates 6% 화염 저항,
tree_sd,11284:1,10% increased Elemental Infusion duration,10% 증가 원소 Infusion 지속시간,
tree_sd,11292:1,20% increased Totem Placement speed,20% 증가 토템 Placement 속도,
tree_sd,11306:1,Gain 1 Rage on Melee Axe Hit,획득 1 격노 시 근접 Axe 명중,
tree_sd,1130:1,10% increased Damage with Flails,10% 증가 피해 보유 Flails,
tree_sd,11311:1,+10 to Armour,+10에 방어도,
tree_sd,11311:2,+8 to Evasion Rating,+8에 회피 Rating,
tree_sd,11315:1,12% increased Lightning Damage,12% 증가 번개 피해,
tree_sd,11329:1,10% increased Life Regeneration rate,10% 증가 생명력 재생 rate,
tree_sd,11330:1,Debuffs on you expire 10% faster,Debuffs 시 you expire 10% faster,
tree_sd,11335:1,Grants 1 Passive Skill Point,Grants 1 Passive Skill Point,
tree_sd,11337:1,15% increased Magnitude of Chill you inflict,15% 증가 Magnitude의 냉각 you inflict,
tree_sd,11366:1,Gain 8% of Damage as Extra Fire Damage,획득 8%의 피해 as Extra 화염 피해,
tree_sd,11366:2,+20% to Fire Resistance,+20%에 화염 저항,
tree_sd,11376:1,Minions have 40% increased Critical Hit Chance,소환수 have 40% 증가 치명타 확률,
tree_sd,11392:1,Gain 5% of Damage as Extra Fire Damage,획득 5%의 피해 as Extra 화염 피해,
tree_sd,11392:2,5% of Physical Damage taken as Fire Damage,5%의 물리 피해 taken as 화염 피해,
tree_sd,1140:1,+5 to any Attribute,+5에 any 능력치,
tree_sd,11428:1,Archon recovery period expires 30% slower,Archon recovery period expires 30% slower,
tree_sd,11428:2,Archon Buffs also grant +50% Critical Damage Bonus,Archon Buffs also grant +50% 치명타 피해 보너스,
tree_sd,11428:3,Archon Buffs also grant +30% Critical Hit Chance,Archon Buffs also grant +30% 치명타 확률,
tree_sd,11433:1,12% increased Fire Damage,12% 증가 화염 피해,
tree_sd,1143:1,15% increased Critical Spell Damage Bonus,15% 증가 치명타 주문 피해 보너스,
tree_sd,1144:1,8% increased Accuracy Rating,8% 증가 정확도 Rating,
tree_sd,11463:1,25% reduced Presence Area of Effect,25% 감소 Presence 범위의 효과,
tree_sd,11464:1,3% increased Movement Speed,3% 증가 이동 속도,
tree_sd,11472:1,20% increased Evasion Rating if you've consumed a Frenzy Charge Recently,20% 증가 회피 Rating if you've consumed a 격분 충전 Recently,
tree_sd,11504:1,2% increased Attack Speed,2% 증가 공격 속도,
tree_sd,11504:2,+5 to Dexterity,+5에 Dexterity,
tree_sd,11509:1,12% increased Critical Hit Chance against Enemies that have entered your Presence Recently,12% 증가 치명타 확률 against Enemies that have entered your Presence Recently,
tree_sd,1151:1,15% increased Freeze Buildup,15% 증가 동결 누적,
tree_sd,11525:1,15% increased Flammability Magnitude,15% 증가 Flammability Magnitude,
tree_sd,11525:2,8% increased Ignite Magnitude,8% 증가 점화 Magnitude,
tree_sd,11526:1,"Arrows gain Critical Hit Chance as they travel farther, up to","Arrows 획득 치명타 확률 as they travel farther, up to",
tree_sd,11526:2,40% increased Critical Hit Chance after 7 metres,40% 증가 치명타 확률 after 7 metres,
tree_sd,11572:1,5% increased Life Regeneration rate,5% 증가 생명력 재생 rate,
tree_sd,11572:2,10% increased effect of Arcane Surge on you,10% 증가 효과의 Arcane Surge 시 you,
tree_sd,11578:1,Shocking Hits have a 50% chance to also Shock enemies in a 1.5 metre radius,Shocking 명중 have a 50% 확률에 also 감전 enemies in a 1.5 metre radius,
tree_sd,11580:1,25% increased Life Regeneration rate,25% 증가 생명력 재생 rate,
tree_sd,11598:1,3% increased Attack Speed with Quarterstaves,3% 증가 공격 속도 보유 Quarterstaves,
tree_sd,11604:1,+5 to any Attribute,+5에 any 능력치,
tree_sd,11641:1,+10% to Quality of all Skills,+10%에 Quality의 모든 Skills,
tree_sd,11656:1,Gain 2 Rage when Hit by an Enemy,획득 2 격노 when 명중 by an Enemy,
tree_sd,11666:1,6% reduced Movement Speed Penalty from using Skills while moving,6% 감소 이동 속도 Penalty에서 using Skills 동안 moving,
tree_sd,11667:1,10% increased Immobilisation buildup against Constructs,10% 증가 Immobilisation 누적 against Constructs,
tree_sd,11672:1,+5 to any Attribute,+5에 any 능력치,
tree_sd,11679:1,+5 to any Attribute,+5에 any 능력치,
tree_sd,1169:1,Recover 2% of maximum Life and Mana when you use a Warcry,Recover 2%의 최대 생명력 및 마나 when you 사용 a Warcry,
tree_sd,1169:2,24% increased Warcry Speed,24% 증가 Warcry 속도,
tree_sd,1169:3,18% increased Warcry Cooldown Recovery Rate,18% 증가 Warcry Cooldown Recovery Rate,
tree_sd,116:1,18% increased maximum Energy Shield,18% 증가 최대 에너지 보호막,
tree_sd,116:2,12% increased Mana Regeneration Rate,12% 증가 마나 재생 Rate,
tree_sd,116:3,6% increased Intelligence,6% 증가 지능,
tree_sd,1170:1,10% increased Attack Area Damage,10% 증가 공격 범위 피해,
tree_sd,11722:1,Skills Supported by Unleash have 10% increased Seal gain frequency,Skills Supported by Unleash have 10% 증가 Seal 획득 frequency,
tree_sd,11736:1,12% increased Lightning Damage,12% 증가 번개 피해,
tree_sd,11741:1,+5 to any Attribute,+5에 any 능력치,
tree_sd,11752:1,Banner Skills have 20% increased Duration,깃발 Skills have 20% 증가 지속시간,
tree_sd,11764:1,Debuffs on you expire 10% faster,Debuffs 시 you expire 10% faster,
tree_sd,11771:1,4% increased Skill Speed,4% 증가 Skill 속도,
tree_sd,11774:1,20% chance for Damage of Enemies Hitting you to be Unlucky,20% 확률 동안 피해의 Enemies Hitting you에 be Unlucky,
tree_sd,11774:2,20% chance for Damage with Hits to be Lucky,20% 확률 동안 피해 보유 명중에 be Lucky,
tree_sd,11776:1,15% increased Physical Damage,15% 증가 물리 피해,
tree_sd,11786:1,10% increased Armour,10% 증가 방어도,
tree_sd,11786:2,+5% of Armour also applies to Elemental Damage,+5%의 방어도 also applies에 원소 피해,
tree_sd,11788:1,10% increased Spell Area Damage,10% 증가 주문 범위 피해,
tree_sd,11813:1,15% increased Evasion Rating,15% 증가 회피 Rating,
tree_sd,11825:1,+5 to any Attribute,+5에 any 능력치,
tree_sd,11826:1,5% reduced Attack Speed,5% 감소 공격 속도,
tree_sd,11826:2,40% increased Projectile Damage,40% 증가 투사체 피해,
tree_sd,11826:3,40% increased Projectile Stun Buildup,40% 증가 투사체 기절 누적,
tree_sd,11836:1,12% increased Critical Hit Chance against Blinded Enemies,12% 증가 치명타 확률 against 실명 Enemies,
tree_sd,11838:1,25% increased Spell Damage while on Full Energy Shield,25% 증가 주문 피해 동안 시 Full 에너지 보호막,
tree_sd,11838:2,75% increased Energy Shield from Equipped Focus,75% 증가 에너지 보호막에서 Equipped 집중구,
tree_sd,11855:1,8% increased Accuracy Rating,8% 증가 정확도 Rating,
tree_sd,11861:1,10% increased Spell Damage,10% 증가 주문 피해,
tree_sd,11861:2,+10 to Strength,+10에 Strength,
tree_sd,11871:1,5% chance to Blind Enemies on Hit,5% 확률에 Blind Enemies 시 명중,
tree_sd,11873:1,8% increased Mana Regeneration Rate,8% 증가 마나 재생 Rate,
tree_sd,11873:2,8% increased Elemental Damage,8% 증가 원소 피해,
tree_sd,11882:1,10% increased chance to inflict Ailments,10% 증가 확률에 inflict 상태 이상,
tree_sd,11886:1,40% increased Stun Buildup against enemies within 2 metres,40% 증가 기절 누적 against enemies within 2 metres,
tree_sd,11886:2,20% increased Melee Damage against Heavy Stunned enemies,20% 증가 근접 피해 against Heavy Stunned enemies,
tree_sd,11916:1,Regenerate 0.2% of maximum Life per second,Regenerate 0.2%의 최대 생명력 per second,
tree_sd,11938:1,10% increased Mana Regeneration Rate,10% 증가 마나 재생 Rate,
tree_sd,11980:1,5% increased Block chance,5% 증가 막기 확률,
tree_sd,11984:1,15% increased Physical Damage,15% 증가 물리 피해,
tree_sd,12000:1,15% more Maximum Life,15% more 최대 생명력,
tree_sd,1200:1,+5 to any Attribute,+5에 any 능력치,
tree_sd,12033:1,Skills fire an additional Projectile,Skills 화염 an 추가 투사체,
tree_sd,12054:1,20% increased Totem Damage,20% 증가 토템 피해,
tree_sd,12066:1,Aura Skills have 5% increased Magnitudes,오라 Skills have 5% 증가 Magnitudes,
tree_sd,12078:1,10% increased Projectile Damage,10% 증가 투사체 피해,
tree_sd,1207:1,+5 to any Attribute,+5에 any 능력치,
tree_sd,12116:1,20% increased Parry Hit Area of Effect,20% 증가 Parry 명중 범위의 효과,
tree_sd,12120:1,8% reduced Slowing Potency of Debuffs on You,8% 감소 Slowing Potency의 Debuffs 시 You,
tree_sd,1214:1,4% increased Block chance,4% 증가 막기 확률,
tree_sd,1214:2,15% increased Defences from Equipped Shield,15% 증가 Defences에서 Equipped 방패,
tree_sd,12166:1,3% increased Cast Speed with Cold Skills,3% 증가 시전 속도 보유 냉기 Skills,
tree_sd,12174:1,10% increased Magnitude of Ailments you inflict,10% 증가 Magnitude의 상태 이상 you inflict,
tree_sd,12183:1,Grants 1 Passive Skill Point,Grants 1 Passive Skill Point,
tree_sd,12189:1,12% increased Damage with Plant Skills,12% 증가 피해 보유 Plant Skills,
tree_sd,1218:1,Minions have 10% increased maximum Life,소환수 have 10% 증가 최대 생명력,
tree_sd,12208:1,10% increased Life Recovery from Flasks,10% 증가 생명력 Recovery에서 Flasks,
tree_sd,12232:1,Channelling Skills deal 6% increased Damage,집중 유지 Skills deal 6% 증가 피해,
tree_sd,12232:2,4% increased Global Defences while Channelling,4% 증가 Global Defences 동안 집중 유지,
tree_sd,12245:1,Ignites you inflict deal Damage 18% faster,Ignites you inflict deal 피해 18% faster,
tree_sd,12249:1,12% increased Evasion Rating,12% 증가 회피 Rating,
tree_sd,12249:2,12% increased maximum Energy Shield,12% 증가 최대 에너지 보호막,
tree_sd,12253:1,+5 to any Attribute,+5에 any 능력치,
tree_sd,12255:1,10% increased Life Recovery from Flasks,10% 증가 생명력 Recovery에서 Flasks,
tree_sd,12276:1,8% chance for Mace Slam Skills you use yourself to cause an additional Aftershock,8% 확률 동안 Mace 강타 Skills you 사용 yourself에 cause an 추가 여진,
tree_sd,12311:1,15% increased Crossbow Reload Speed,15% 증가 쇠뇌 Reload 속도,
tree_sd,12322:1,8% increased Flask and Charm Charges gained,8% 증가 플라스크 및 참 충전 획득,
tree_sd,12324:1,5% chance when collecting an Elemental Infusion to gain an,5% 확률 when collecting an 원소 Infusion에 획득 an,
tree_sd,12324:2,additional Elemental Infusion of the same type,추가 원소 Infusion의 the same type,
tree_sd,12329:1,16% increased Hazard Damage,16% 증가 Hazard 피해,
tree_sd,12337:1,30% increased chance to Shock,30% 증가 확률에 감전,
tree_sd,12337:2,Damage Penetrates 15% Lightning Resistance,피해 Penetrates 15% 번개 저항,
tree_sd,12367:1,7% increased Chaos Damage,7% 증가 카오스 피해,
tree_sd,12412:1,16% increased Cooldown Recovery Rate,16% 증가 Cooldown Recovery Rate,
tree_sd,12418:1,Empowered Attacks deal 16% increased Damage,Empowered 공격 deal 16% 증가 피해,
tree_sd,12419:1,5% increased Chaos Damage,5% 증가 카오스 피해,
tree_sd,12419:2,5% increased Skill Effect Duration,5% 증가 Skill 효과 지속시간,
tree_sd,12430:1,10% increased Melee Damage,10% 증가 근접 피해,
tree_sd,12451:1,5% increased Cooldown Recovery Rate,5% 증가 Cooldown Recovery Rate,
tree_sd,12462:1,Aura Skills have 5% increased Magnitudes,오라 Skills have 5% 증가 Magnitudes,
tree_sd,12465:1,Break 20% increased Armour,파괴 20% 증가 방어도,
tree_sd,12471:1,12% increased Elemental Damage with Attacks,12% 증가 원소 피해 보유 공격,
tree_sd,12488:1,Remnants can be collected from 25% further away,Remnants can be collected에서 25% further away,
tree_sd,12498:1,6% increased bonuses gained from Equipped Quiver,6% 증가 bonuses 획득에서 Equipped 화살통,
tree_sd,12526:1,15% increased Elemental Ailment Threshold,15% 증가 원소 상태 이상 한계값,
tree_sd,12565:1,4% increased Block chance,4% 증가 막기 확률,
tree_sd,12565:2,10% increased Thorns damage,10% 증가 Thorns 피해,
tree_sd,12601:1,"2% chance that if you would gain Endurance Charges, you instead gain up to maximum Endurance Charges","2% 확률 that if you would 획득 인내 충전, you instead 획득 up에 최대 인내 충전",
tree_sd,12610:1,Meta Skills gain 20% increased Energy,Meta Skills 획득 20% 증가 에너지,
tree_sd,12611:1,20% increased Damage for each type of Elemental Ailment on Enemy,20% 증가 피해 동안 each type의 원소 상태 이상 시 Enemy,
tree_sd,12661:1,Stun Threshold is based on 30% of your Energy Shield instead of Life,기절 한계값 is based 시 30%의 your 에너지 보호막 instead의 생명력,
tree_sd,12683:1,50% increased Damage if you've Triggered a Skill Recently,50% 증가 피해 if you've Triggered a Skill Recently,
tree_sd,12750:1,Charms gain 0.15 charges per Second,Charms 획득 0.15 충전 per Second,
tree_sd,12751:1,10% increased Critical Hit Chance with One Handed Melee Weapons,10% 증가 치명타 확률 보유 One Handed 근접 Weapons,
tree_sd,12761:1,12% increased Evasion Rating,12% 증가 회피 Rating,
tree_sd,12761:2,12% increased maximum Energy Shield,12% 증가 최대 에너지 보호막,
tree_sd,12777:1,12% increased Armour,12% 증가 방어도,
tree_sd,12777:2,12% increased maximum Energy Shield,12% 증가 최대 에너지 보호막,
tree_sd,12778:1,10% increased Critical Hit Chance for Spells,10% 증가 치명타 확률 동안 Spells,
tree_sd,12795:1,Can Allocate Passives from the Sorceress's starting point,Can Allocate Passives에서 the Sorceress's starting point,
tree_sd,12795:2,Grants 4 Passive Skill Point,Grants 4 Passive Skill Point,
tree_sd,12800:1,25% increased Evasion Rating while Sprinting,25% 증가 회피 Rating 동안 Sprinting,
tree_sd,12817:1,25% increased Defences from Equipped Shield,25% 증가 Defences에서 Equipped 방패,
tree_sd,12821:1,20% increased Glory generation for Banner Skills,20% 증가 Glory generation 동안 깃발 Skills,
tree_sd,12822:1,+4 to Melee Strike Range if you've dealt a Projectile Attack Hit in the past eight seconds,+4에 근접 Strike Range if you've dealt a 투사체 공격 명중 in the past eight seconds,
tree_sd,12822:2,Projectiles have 25% chance to Fork if you've dealt a Melee Hit in the past eight seconds,투사체 have 25% 확률에 Fork if you've dealt a 근접 명중 in the past eight seconds,
tree_sd,12851:1,10% increased Physical Damage,10% 증가 물리 피해,
tree_sd,1286:1,16% increased Thorns damage,16% 증가 Thorns 피해,
tree_sd,12876:1,Grants Skill: Meditate,Grants Skill: Meditate,
tree_sd,12882:1,Trigger Elemental Storm on Critical Hit with Spells,Trigger 원소 폭풍 시 치명타 명중 보유 Spells,
tree_sd,12882:2,Grants Skill: Elemental Storm,Grants Skill: 원소 폭풍,
tree_sd,12890:1,+5 to any Attribute,+5에 any 능력치,
tree_sd,12906:1,35% increased Critical Hit Chance against Immobilised enemies,35% 증가 치명타 확률 against Immobilised enemies,
tree_sd,12906:2,Your Hits cannot be Evaded by Pinned Enemies,Your 명중 cannot be Evaded by Pinned Enemies,
tree_sd,12918:1,15% increased Energy Shield Recharge Rate,15% 증가 에너지 보호막 재충전 Rate,
tree_sd,12925:1,15% increased chance to Shock,15% 증가 확률에 감전,
tree_sd,12940:1,30% increased Fire Damage,30% 증가 화염 피해,
tree_sd,12940:2,30% increased Cold Damage,30% 증가 냉기 피해,
tree_sd,12940:3,30% increased Lightning Damage,30% 증가 번개 피해,
tree_sd,12940:4,30% increased Chaos Damage,30% 증가 카오스 피해,
tree_sd,12940:5,30% increased Physical Damage,30% 증가 물리 피해,
tree_sd,12964:1,Aura Skills have 14% increased Magnitudes,오라 Skills have 14% 증가 Magnitudes,
tree_sd,12964:2,Your Aura Buffs do not affect Allies,Your 오라 Buffs do not affect 동료,
tree_sd,12992:1,Damage Penetrates 6% Lightning Resistance,피해 Penetrates 6% 번개 저항,
tree_sd,12998:1,25% reduced Freeze Duration on you,25% 감소 동결 지속시간 시 you,
tree_sd,12998:2,60% increased Freeze Threshold,60% 증가 동결 한계값,
tree_sd,13030:1,Damaging Ailments deal damage 5% faster,Damaging 상태 이상 deal 피해 5% faster,
tree_sd,13065:1,Triggered Spells deal 16% increased Spell Damage,Triggered Spells deal 16% 증가 주문 피해,
tree_sd,13075:1,+12 to Strength,+12에 Strength,
tree_sd,13081:1,10% increased Projectile Damage,10% 증가 투사체 피해,
tree_sd,13108:1,3% reduced Skill Speed,3% 감소 Skill 속도,
tree_sd,13108:2,Allies in your Presence have 6% increased Attack Speed,동료 in your Presence have 6% 증가 공격 속도,
tree_sd,13108:3,Allies in your Presence have 6% increased Cast Speed,동료 in your Presence have 6% 증가 시전 속도,
tree_sd,13157:1,10% increased Life Recovery from Flasks,10% 증가 생명력 Recovery에서 Flasks,
tree_sd,13171:1,Totems have 12% additional Physical Damage Reduction,Totems have 12% 추가 물리 피해 Reduction,
tree_sd,13174:1,Maximum Mana is replaced by twice as much Maximum Infernal Flame,최대 마나 is replaced by twice as much 최대 Infernal 화염,
tree_sd,13174:2,Gain Infernal Flame instead of spending Mana for Skill costs,획득 Infernal 화염 instead의 spending 마나 동안 Skill costs,
tree_sd,13174:3,Take maximum Life and Energy Shield as Fire Damage when Infernal Flame reaches maximum,Take 최대 생명력 및 에너지 보호막 as 화염 피해 when Infernal 화염 reaches 최대,
tree_sd,13174:4,Lose all Infernal Flame on reaching maximum Infernal Flame,Lose 모든 Infernal 화염 시 reaching 최대 Infernal 화염,
tree_sd,13174:5,25% of Infernal Flame lost per second if none was gained in the past 2 seconds,25%의 Infernal 화염 lost per second if none was 획득 in the past 2 seconds,
tree_sd,13228:1,"2% chance that if you would gain Power Charges, you instead gain up to","2% 확률 that if you would 획득 권능 충전, you instead 획득 up to",
tree_sd,13228:2,your maximum number of Power Charges,your 최대 number의 권능 충전,
tree_sd,13233:1,10% increased Area of Effect,10% 증가 범위의 효과,
tree_sd,13233:2,12% increased Immobilisation buildup,12% 증가 Immobilisation 누적,
tree_sd,13241:1,+5 to any Attribute,+5에 any 능력치,
tree_sd,13279:1,+5 to any Attribute,+5에 any 능력치,
tree_sd,13289:1,"Grants Skill: Kelari, the Tainted Sands","Grants Skill: Kelari, the Tainted Sands",
tree_sd,13293:1,20% increased Armour if you haven't been Hit Recently,20% 증가 방어도 if you haven't been 명중 Recently,
tree_sd,13294:1,10% increased Skill Effect Duration,10% 증가 Skill 효과 지속시간,
tree_sd,13307:1,Gain additional Ailment Threshold equal to 8% of maximum Energy Shield,획득 추가 상태 이상 한계값 equal에 8%의 최대 에너지 보호막,
tree_sd,13307:2,Gain additional Stun Threshold equal to 8% of maximum Energy Shield,획득 추가 기절 한계값 equal에 8%의 최대 에너지 보호막,
tree_sd,13333:1,10% increased Cold Damage,10% 증가 냉기 피해,
tree_sd,13341:1,20% increased Frenzy Charge Duration,20% 증가 격분 충전 지속시간,
tree_sd,13352:1,5% increased Attack Damage,5% 증가 공격 피해,
tree_sd,13352:2,8% increased Glory generation,8% 증가 Glory generation,
tree_sd,13356:1,10% increased Damage with One Handed Weapons,10% 증가 피해 보유 One Handed Weapons,
tree_sd,13359:1,8% increased Energy Shield Recharge Rate,8% 증가 에너지 보호막 재충전 Rate,
tree_sd,13359:2,8% increased Elemental Damage,8% 증가 원소 피해,
tree_sd,13367:1,8% increased Accuracy Rating,8% 증가 정확도 Rating,
tree_sd,13379:1,20% increased Stun Threshold while Parrying,20% 증가 기절 한계값 동안 Parrying,
tree_sd,13397:1,+5 to any Attribute,+5에 any 능력치,
tree_sd,13407:1,25% increased Critical Damage Bonus,25% 증가 치명타 피해 보너스,
tree_sd,13407:2,+10 to Strength,+10에 Strength,
tree_sd,13411:1,+5 to any Attribute,+5에 any 능력치,
tree_sd,13419:1,15% increased Critical Damage Bonus,15% 증가 치명타 피해 보너스,
tree_sd,13425:1,10% increased Bleeding Duration,10% 증가 출혈 지속시간,
tree_sd,13457:1,30% increased Evasion Rating if you have been Hit Recently,30% 증가 회피 Rating if you have been 명중 Recently,
tree_sd,13457:2,60% faster start of Energy Shield Recharge if you've been Stunned Recently,60% faster start의 에너지 보호막 재충전 if you've been Stunned Recently,
tree_sd,13468:1,Allies in your Presence Regenerate 2% of your Maximum Life per second,동료 in your Presence Regenerate 2%의 your 최대 생명력 per second,
tree_sd,13468:2,30% increased Life Cost of Skills,30% 증가 생명력 Cost의 Skills,
tree_sd,13474:1,10% increased Damage with One Handed Weapons,10% 증가 피해 보유 One Handed Weapons,
tree_sd,1347:1,4% increased Skill Speed,4% 증가 Skill 속도,
tree_sd,13482:1,Enemies you Fully Armour Break cannot Regenerate Life,Enemies you Fully 방어도 파괴 cannot Regenerate 생명력,
tree_sd,13482:2,Enemies you Fully Armour Break are Maimed,Enemies you Fully 방어도 파괴 are Maimed,
tree_sd,13500:1,3% of Damage taken Recouped as Mana,3%의 피해 taken Recouped as 마나,
tree_sd,13505:1,20% increased Life Regeneration rate,20% 증가 생명력 재생 rate,
tree_sd,13505:2,5% of Damage taken Recouped as Life,5%의 피해 taken Recouped as 생명력,
tree_sd,13515:1,Gain 15% of Damage as Extra Lightning Damage while on Shocked Ground,획득 15%의 피해 as Extra 번개 피해 동안 시 Shocked Ground,
tree_sd,13515:2,40% reduced effect of Shock on you,40% 감소 효과의 감전 시 you,
tree_sd,13524:1,Skills have a 15% chance to not consume Glory,Skills have a 15% 확률에 not consume Glory,
tree_sd,1352:1,3% increased maximum Life,3% 증가 최대 생명력,
tree_sd,1352:2,"10% increased Stun Threshold for each time you've been Hit by an Enemy Recently, up to 100%","10% 증가 기절 한계값 동안 each time you've been 명중 by an Enemy Recently, up에 100%",
tree_sd,13537:1,15% increased maximum Energy Shield,15% 증가 최대 에너지 보호막,
tree_sd,13542:1,20% of Elemental Damage taken Recouped as Life,20%의 원소 피해 taken Recouped as 생명력,
tree_sd,13562:1,15% increased Life Regeneration Rate while on Low Life,15% 증가 생명력 재생 Rate 동안 시 Low 생명력,
tree_sd,13576:1,3% increased Attack and Cast Speed with Lightning Skills,3% 증가 공격 및 시전 속도 보유 번개 Skills,
tree_sd,13610:1,15% increased Flammability Magnitude,15% 증가 Flammability Magnitude,
tree_sd,13610:2,Ignites you inflict deal Damage 4% faster,Ignites you inflict deal 피해 4% faster,
tree_sd,13619:1,15% increased Life Flask Charges gained,15% 증가 생명력 플라스크 충전 획득,
tree_sd,13624:1,Mark Skills have 25% increased Skill Effect Duration,징표 Skills have 25% 증가 Skill 효과 지속시간,
tree_sd,13634:1,Offering Skills have 30% increased Duration,공물 Skills have 30% 증가 지속시간,
tree_sd,13673:1,25% increased Chill Duration on Enemies,25% 증가 냉각 지속시간 시 Enemies,
tree_sd,13701:1,5% reduced Effect of Chill on you,5% 감소 효과의 냉각 시 you,
tree_sd,13701:2,10% increased Freeze Threshold,10% 증가 동결 한계값,
tree_sd,13708:1,15% increased Accuracy Rating,15% 증가 정확도 Rating,
tree_sd,13708:2,+10 to Dexterity,+10에 Dexterity,
tree_sd,13711:1,12% increased Evasion Rating,12% 증가 회피 Rating,
tree_sd,13711:2,12% increased maximum Energy Shield,12% 증가 최대 에너지 보호막,
tree_sd,13715:1,18% increased Stun Buildup,18% 증가 기절 누적,
tree_sd,13724:1,25% increased Damage if you've dealt a Critical Hit in the past 8 seconds,25% 증가 피해 if you've dealt a 치명타 명중 in the past 8 seconds,
tree_sd,13724:2,10% increased Critical Hit Chance,10% 증가 치명타 확률,
tree_sd,13738:1,14% increased Lightning Damage,14% 증가 번개 피해,
tree_sd,13738:2,8% increased Attack and Cast Speed with Lightning Skills,8% 증가 공격 및 시전 속도 보유 번개 Skills,
tree_sd,13748:1,10% increased Elemental Damage,10% 증가 원소 피해,
tree_sd,13769:1,10% increased Mana Regeneration Rate,10% 증가 마나 재생 Rate,
tree_sd,13772:1,Body Armour grants +50% of Armour also applies to Elemental Damage,Body 방어도 grants +50%의 방어도 also applies에 원소 피해,
tree_sd,13777:1,10% increased Power Charge Duration,10% 증가 권능 충전 지속시간,
tree_sd,13777:2,10% increased maximum Energy Shield if you've consumed a Power Charge Recently,10% 증가 최대 에너지 보호막 if you've consumed a 권능 충전 Recently,
tree_sd,13783:1,10% increased chance to inflict Ailments,10% 증가 확률에 inflict 상태 이상,
tree_sd,13799:1,8% increased Attack Damage,8% 증가 공격 피해,
tree_sd,13799:2,Debuffs you inflict have 4% increased Slow Magnitude,Debuffs you inflict have 4% 증가 Slow Magnitude,
tree_sd,13823:1,25% increased Critical Hit Chance for Spells,25% 증가 치명타 확률 동안 Spells,
tree_sd,13823:2,Hits have 25% reduced Critical Hit Chance against you,명중 have 25% 감소 치명타 확률 against you,
tree_sd,13828:1,+16 to Evasion Rating,+16에 회피 Rating,
tree_sd,13839:1,15% increased Totem Damage,15% 증가 토템 피해,
tree_sd,13845:1,Gain 1 Rage on Melee Hit,획득 1 격노 시 근접 명중,
tree_sd,13855:1,+10 to Armour,+10에 방어도,
tree_sd,13855:2,+5 to maximum Energy Shield,+5에 최대 에너지 보호막,
tree_sd,13856:1,12% increased Magnitude of Ailments you inflict,12% 증가 Magnitude의 상태 이상 you inflict,
tree_sd,13893:1,10% increased Stun Buildup,10% 증가 기절 누적,
tree_sd,13893:2,Damage Penetrates 5% Fire Resistance,피해 Penetrates 5% 화염 저항,
tree_sd,13895:1,25% increased Damage with Spears,25% 증가 피해 보유 Spears,
tree_sd,13895:2,25% increased Accuracy Rating with Spears,25% 증가 정확도 Rating 보유 Spears,
tree_sd,13909:1,Remnants can be collected from 20% further away,Remnants can be collected에서 20% further away,
tree_sd,13937:1,14% increased Damage with Maces,14% 증가 피해 보유 Maces,
tree_sd,13942:1,15% increased Armour,15% 증가 방어도,
tree_sd,13950:1,6% reduced Movement Speed Penalty from using Skills while moving,6% 감소 이동 속도 Penalty에서 using Skills 동안 moving,
tree_sd,13980:1,10% chance for Mace Slam Skills you use yourself to cause an additional Aftershock,10% 확률 동안 Mace 강타 Skills you 사용 yourself에 cause an 추가 여진,
tree_sd,13980:2,Strike Skills you use yourself with Maces have 10% chance to deal Splash Damage,Strike Skills you 사용 yourself 보유 Maces have 10% 확률에 deal Splash 피해,
tree_sd,13987:1,3% increased Melee Attack Speed,3% 증가 근접 공격 속도,
tree_sd,14001:1,6% reduced Charm Charges used,6% 감소 참 충전 used,
tree_sd,14026:1,20% increased Damage against Immobilised Enemies while Shapeshifted,20% 증가 피해 against Immobilised Enemies 동안 Shapeshifted,
tree_sd,14033:1,10% increased Spell Damage,10% 증가 주문 피해,
tree_sd,14033:2,Minions deal 10% increased Damage,소환수 deal 10% 증가 피해,
tree_sd,14045:1,10% increased Projectile Damage,10% 증가 투사체 피해,
tree_sd,14048:1,16% increased Mana Regeneration Rate while not on Low Mana,16% 증가 마나 재생 Rate 동안 not 시 Low 마나,
tree_sd,14082:1,10% increased Physical Damage,10% 증가 물리 피해,
tree_sd,14091:1,Break 10% increased Armour,파괴 10% 증가 방어도,
tree_sd,14091:2,6% increased Physical Damage,6% 증가 물리 피해,
tree_sd,14096:1,3% increased Cast Speed,3% 증가 시전 속도,
tree_sd,14110:1,15% increased Totem Damage,15% 증가 토템 피해,
tree_sd,14127:1,8% reduced Skill Effect Duration,8% 감소 Skill 효과 지속시간,
tree_sd,14131:1,Grants Skill: Ruzhan's Fury,Grants Skill: Ruzhan's Fury,
tree_sd,14176:1,Inherent Rage loss starts 1 second later,Inherent 격노 loss starts 1 second later,
tree_sd,14205:1,Gain 1 Rage when your Hit Ignites a target,획득 1 격노 when your 명중 Ignites a target,
tree_sd,1420:1,15% increased Attack Area Damage,15% 증가 공격 범위 피해,
tree_sd,1420:2,10% increased Area of Effect for Attacks,10% 증가 범위의 효과 동안 공격,
tree_sd,1420:3,5% chance to Daze on Hit,5% 확률에 Daze 시 명중,
tree_sd,14211:1,Enemies affected by your Hazards Recently have 25% reduced Armour,Enemies affected by your Hazards Recently have 25% 감소 방어도,
tree_sd,14211:2,Enemies affected by your Hazards Recently have 25% reduced Evasion Rating,Enemies affected by your Hazards Recently have 25% 감소 회피 Rating,
tree_sd,14226:1,25% more Skill Speed while Off Hand is empty and you have,25% more Skill 속도 동안 Off Hand is empty 및 you have,
tree_sd,14226:2,a One-Handed Martial Weapon equipped in your Main Hand,a One-Handed Martial 무기 equipped in your Main Hand,
tree_sd,14231:1,Triggered Spells deal 14% increased Spell Damage,Triggered Spells deal 14% 증가 주문 피해,
tree_sd,14254:1,3% increased Attack Speed,3% 증가 공격 속도,
tree_sd,14262:1,+5 to any Attribute,+5에 any 능력치,
tree_sd,14267:1,+5 to any Attribute,+5에 any 능력치,
tree_sd,14294:1,15% increased Life Cost of Skills,15% 증가 생명력 Cost의 Skills,
tree_sd,14294:2,40% increased Spell Damage with Spells that cost Life,40% 증가 주문 피해 보유 Spells that cost 생명력,
tree_sd,14324:1,15% increased Mana Recovery rate,15% 증가 마나 Recovery rate,
tree_sd,14328:1,12% increased maximum Energy Shield,12% 증가 최대 에너지 보호막,
tree_sd,14328:2,+5% of Armour also applies to Elemental Damage,+5%의 방어도 also applies에 원소 피해,
tree_sd,1433:1,+5 to any Attribute,+5에 any 능력치,
tree_sd,14340:1,+5 to any Attribute,+5에 any 능력치,
tree_sd,14342:1,12% increased Armour,12% 증가 방어도,
tree_sd,14342:2,12% increased maximum Energy Shield,12% 증가 최대 에너지 보호막,
tree_sd,14343:1,Damaging Ailments Cannot Be inflicted on you while you already have one,Damaging 상태 이상 Cannot Be inflicted 시 you 동안 you already have one,
tree_sd,14343:2,20% increased Magnitude of Damaging Ailments you inflict,20% 증가 Magnitude의 Damaging 상태 이상 you inflict,
tree_sd,14355:1,10% increased Spell Area Damage,10% 증가 주문 범위 피해,
tree_sd,14363:1,Damage Penetrates 6% Lightning Resistance,피해 Penetrates 6% 번개 저항,
tree_sd,14383:1,30% increased amount of Mana Leeched,30% 증가 amount의 마나 Leeched,
tree_sd,14383:2,Unaffected by Chill while Leeching Mana,Unaffected by 냉각 동안 Leeching 마나,
tree_sd,14418:1,15% increased Evasion Rating,15% 증가 회피 Rating,
tree_sd,14428:1,+8 to Intelligence,+8에 지능,
tree_sd,14429:1,Grants Thaumaturgical Dynamism,Grants Thaumaturgical Dynamism,
tree_sd,1442:1,3% increased Attributes,3% 증가 능력치,
tree_sd,14432:1,40% increased Mana Regeneration Rate while Shapeshifted,40% 증가 마나 재생 Rate 동안 Shapeshifted,
tree_sd,14439:1,12% increased Armour,12% 증가 방어도,
tree_sd,14439:2,12% increased maximum Energy Shield,12% 증가 최대 에너지 보호막,
tree_sd,14446:1,+5 to any Attribute,+5에 any 능력치,
tree_sd,14459:1,30% increased Thorns Critical Damage Bonus,30% 증가 Thorns 치명타 피해 보너스,
tree_sd,1447:1,Minions deal 10% increased Damage,소환수 deal 10% 증가 피해,
tree_sd,144:1,10% increased Freeze Buildup,10% 증가 동결 누적,
tree_sd,144:2,8% increased Elemental Damage,8% 증가 원소 피해,
tree_sd,14508:1,12% increased Magnitude of Poison you inflict,12% 증가 Magnitude의 독 you inflict,
tree_sd,14509:1,Gain 1 Rage on Melee Hit,획득 1 격노 시 근접 명중,
tree_sd,14511:1,10% increased Stun Buildup,10% 증가 기절 누적,
tree_sd,14511:2,10% increased Melee Damage,10% 증가 근접 피해,
tree_sd,14515:1,15% increased Magnitude of Jagged Ground you create,15% 증가 Magnitude의 Jagged Ground you create,
tree_sd,14539:1,8% increased Evasion Rating,8% 증가 회피 Rating,
tree_sd,14539:2,Gain Deflection Rating equal to 3% of Evasion Rating,획득 Deflection Rating equal에 3%의 회피 Rating,
tree_sd,14540:1,Cannot be Light Stunned,Cannot be Light Stunned,
tree_sd,14540:2,Cannot Dodge Roll or Sprint,Cannot Dodge Roll or Sprint,
tree_sd,14548:1,Minions have 10% increased maximum Life,소환수 have 10% 증가 최대 생명력,
tree_sd,14572:1,5% increased Cooldown Recovery Rate,5% 증가 Cooldown Recovery Rate,
tree_sd,14575:1,Minions have +20% to Lightning Resistance,소환수 have +20%에 번개 저항,
tree_sd,14575:2,Minions have +3% to Maximum Lightning Resistances,소환수 have +3%에 최대 번개 저항s,
tree_sd,1459:1,16% increased Mana Regeneration Rate while stationary,16% 증가 마나 재생 Rate 동안 stationary,
tree_sd,14602:1,15% increased Bolt Speed,15% 증가 화살 속도,
tree_sd,14602:2,20% increased Damage with Crossbows,20% 증가 피해 보유 Crossbows,
tree_sd,14654:1,+5 to any Attribute,+5에 any 능력치,
tree_sd,14655:1,10% increased Armour,10% 증가 방어도,
tree_sd,14655:2,+10% of Armour also applies to Fire Damage,+10%의 방어도 also applies에 화염 피해,
tree_sd,14658:1,+5 to any Attribute,+5에 any 능력치,
tree_sd,14666:1,15% increased Energy Shield Recharge Rate,15% 증가 에너지 보호막 재충전 Rate,
tree_sd,1468:1,10% increased Mana Regeneration Rate,10% 증가 마나 재생 Rate,
tree_sd,14693:1,14% increased Damage with Maces,14% 증가 피해 보유 Maces,
tree_sd,14712:1,Minions have 12% increased maximum Life,소환수 have 12% 증가 최대 생명력,
tree_sd,14724:1,20% increased Shock Duration,20% 증가 감전 지속시간,
tree_sd,14725:1,3% increased Skill Speed,3% 증가 Skill 속도,
tree_sd,14739:1,15% faster start of Energy Shield Recharge,15% faster start의 에너지 보호막 재충전,
tree_sd,14761:1,Allies in your Presence deal 40% increased Damage,동료 in your Presence deal 40% 증가 피해,
tree_sd,14761:2,40% increased Presence Area of Effect,40% 증가 Presence 범위의 효과,
tree_sd,14769:1,+8 to Dexterity,+8에 Dexterity,
tree_sd,14777:1,Empowered Attacks have 50% increased Stun Buildup,Empowered 공격 have 50% 증가 기절 누적,
tree_sd,14777:2,100% increased Stun Threshold during Empowered Attacks,100% 증가 기절 한계값 during Empowered 공격,
tree_sd,14882:1,10% increased Magnitude of Poison you inflict,10% 증가 Magnitude의 독 you inflict,
tree_sd,14890:1,10% increased Chill Duration on Enemies,10% 증가 냉각 지속시간 시 Enemies,
tree_sd,14890:2,10% increased Magnitude of Chill you inflict,10% 증가 Magnitude의 냉각 you inflict,
tree_sd,14926:1,Regenerate 0.2% of maximum Life per second,Regenerate 0.2%의 최대 생명력 per second,
tree_sd,14934:1,10% increased Cast Speed,10% 증가 시전 속도,
tree_sd,14934:2,+13% to Chaos Resistance,+13%에 카오스 저항,
tree_sd,14945:1,Minions have 20% increased Area of Effect,소환수 have 20% 증가 범위의 효과,
tree_sd,14945:2,Minions have 20% increased Cooldown Recovery Rate,소환수 have 20% 증가 Cooldown Recovery Rate,
tree_sd,14952:1,10% increased Skill Effect Duration,10% 증가 Skill 효과 지속시간,
tree_sd,14958:1,10% increased Critical Hit Chance,10% 증가 치명타 확률,
tree_sd,14960:1,+8% to Fire Resistance,+8%에 화염 저항,
tree_sd,14996:1,20% increased Stun buildup if you have Shapeshifted to an Animal form Recently,20% 증가 기절 누적 if you have Shapeshifted에 an Animal form Recently,
tree_sd,14997:1,10% increased Damage with Two Handed Weapons,10% 증가 피해 보유 Two Handed Weapons,
tree_sd,1499:1,10% increased Life Regeneration rate,10% 증가 생명력 재생 rate,
tree_sd,1502:1,Channelling Skills deal 20% increased Damage,집중 유지 Skills deal 20% 증가 피해,
tree_sd,1502:2,Remove a Curse after Channelling for 2 seconds,Remove a 저주 after 집중 유지 동안 2 seconds,
tree_sd,15030:1,15% increased Parried Debuff Magnitude,15% 증가 Parried Debuff Magnitude,
tree_sd,15030:2,Cannot be Critically Hit while Parrying,Cannot be Critically 명중 동안 Parrying,
tree_sd,15044:1,Persistent Buffs have 50% less Reservation,Persistent Buffs have 50% less Reservation,
tree_sd,1506:1,10% chance to create an additional Remnant,10% 확률에 create an 추가 Remnant,
tree_sd,1506:2,Remnants can be collected from 50% further away,Remnants can be collected에서 50% further away,
tree_sd,15083:1,25% increased Shock Duration,25% 증가 감전 지속시간,
tree_sd,15083:2,25% increased Magnitude of Shock you inflict,25% 증가 Magnitude의 감전 you inflict,
tree_sd,15114:1,Plants have a 20% chance to immediately Overgrow,Plants have a 20% 확률에 immediately Overgrow,
tree_sd,15141:1,30% chance to Impale on Spell Hit,30% 확률에 Impale 시 주문 명중,
tree_sd,15180:1,10% chance to Hinder Enemies on Hit with Spells,10% 확률에 Hinder Enemies 시 명중 보유 Spells,
tree_sd,15182:1,+5 to any Attribute,+5에 any 능력치,
tree_sd,15194:1,Minions have +20% to Fire Resistance,소환수 have +20%에 화염 저항,
tree_sd,151:1,16% increased Accuracy Rating at Close Range,16% 증가 정확도 Rating at Close Range,
tree_sd,15207:1,8% increased Attack Damage,8% 증가 공격 피해,
tree_sd,15207:2,8% increased Accuracy Rating,8% 증가 정확도 Rating,
tree_sd,15247:1,Empowered Attacks deal 16% increased Damage,Empowered 공격 deal 16% 증가 피해,
tree_sd,15275:1,Spells Cast by Totems have 5% increased Cast Speed,Spells 시전 by Totems have 5% 증가 시전 속도,
tree_sd,15275:2,Attacks used by Totems have 5% increased Attack Speed,공격 used by Totems have 5% 증가 공격 속도,
tree_sd,15301:1,8% increased Accuracy Rating,8% 증가 정확도 Rating,
tree_sd,15304:1,3% increased Cast Speed,3% 증가 시전 속도,
tree_sd,15356:1,Damage Penetrates 6% Lightning Resistance,피해 Penetrates 6% 번개 저항,
tree_sd,15358:1,Minions have 10% increased maximum Life,소환수 have 10% 증가 최대 생명력,
tree_sd,15374:1,15% increased Life Recovery rate,15% 증가 생명력 Recovery rate,
tree_sd,15408:1,15% increased maximum Energy Shield,15% 증가 최대 에너지 보호막,
tree_sd,15424:1,15% increased Stun Threshold,15% 증가 기절 한계값,
tree_sd,15427:1,12% increased Melee Damage,12% 증가 근접 피해,
tree_sd,1543:1,3% increased Cast Speed,3% 증가 시전 속도,
tree_sd,15443:1,10% of Physical Damage taken Recouped as Life,10%의 물리 피해 taken Recouped as 생명력,
tree_sd,15443:2,20% increased Physical Damage,20% 증가 물리 피해,
tree_sd,1546:1,3% increased Movement Speed,3% 증가 이동 속도,
tree_sd,1546:2,25% increased Armour,25% 증가 방어도,
tree_sd,1546:3,25% increased maximum Energy Shield,25% 증가 최대 에너지 보호막,
tree_sd,15494:1,3% increased Fire Damage per Endurance Charge consumed Recently,3% 증가 화염 피해 per 인내 충전 consumed Recently,
tree_sd,15507:1,+5 to any Attribute,+5에 any 능력치,
tree_sd,15522:1,12% increased Ignite Magnitude,12% 증가 점화 Magnitude,
tree_sd,15580:1,15% increased Damage,15% 증가 피해,
tree_sd,15580:2,Minions deal 15% increased Damage,소환수 deal 15% 증가 피해,
tree_sd,15590:1,Detonator skills have 8% increased Area of Effect,Detonator skills have 8% 증가 범위의 효과,
tree_sd,15606:1,"Consuming Glory grants you 3% increased Attack damage per Glory consumed for 6 seconds, up to 60%","Consuming Glory grants you 3% 증가 공격 피해 per Glory consumed 동안 6 seconds, up에 60%",
tree_sd,15617:1,20% increased Life Recovery from Flasks,20% 증가 생명력 Recovery에서 Flasks,
tree_sd,15617:2,Life Flasks applied to you grant Guard for 4 seconds equal to 8% of the Life Recovery per Second they apply,생명력 Flasks applied에 you grant 수호 동안 4 seconds equal에 8%의 the 생명력 Recovery per Second they apply,
tree_sd,15618:1,15% increased Critical Spell Damage Bonus,15% 증가 치명타 주문 피해 보너스,
tree_sd,15625:1,15% increased Evasion Rating,15% 증가 회피 Rating,
tree_sd,15628:1,15% increased effect of Arcane Surge on you,15% 증가 효과의 Arcane Surge 시 you,
tree_sd,15644:1,40% increased Elemental Ailment Threshold,40% 증가 원소 상태 이상 한계값,
tree_sd,15644:2,10% reduced Duration of Ailments on You,10% 감소 지속시간의 상태 이상 시 You,
tree_sd,15672:1,Totems gain +2% to all Maximum Elemental Resistances,Totems 획득 +2%에 모든 최대 원소 저항,
tree_sd,15698:1,15% increased Freeze Buildup,15% 증가 동결 누적,
tree_sd,15775:1,+5 to any Attribute,+5에 any 능력치,
tree_sd,15782:1,+5 to any Attribute,+5에 any 능력치,
tree_sd,1579:1,6% increased Cooldown Recovery Rate,6% 증가 Cooldown Recovery Rate,
tree_sd,15809:1,Minions have 20% increased Critical Hit Chance,소환수 have 20% 증가 치명타 확률,
tree_sd,15814:1,25% increased Evasion Rating while Sprinting,25% 증가 회피 Rating 동안 Sprinting,
tree_sd,15829:1,Recover 2% of maximum Mana on Kill,Recover 2%의 최대 마나 시 Kill,
tree_sd,15829:2,25% increased amount of Mana Leeched,25% 증가 amount의 마나 Leeched,
tree_sd,15838:1,10% increased chance to inflict Ailments,10% 증가 확률에 inflict 상태 이상,
tree_sd,15839:1,10% increased Duration of Ailments on Beasts,10% 증가 지속시간의 상태 이상 시 Beasts,
tree_sd,15855:1,10% increased Damage with Swords,10% 증가 피해 보유 Swords,
tree_sd,15876:1,Gain 15% of maximum Energy Shield as additional Freeze Threshold,획득 15%의 최대 에너지 보호막 as 추가 동결 한계값,
tree_sd,15885:1,+5 to any Attribute,+5에 any 능력치,
tree_sd,15892:1,20% increased Damage against Enemies with Fully Broken Armour,20% 증가 피해 against Enemies 보유 Fully Broken 방어도,
tree_sd,15899:1,10% increased Magnitude of Bleeding you inflict,10% 증가 Magnitude의 출혈 you inflict,
tree_sd,15913:1,4% increased Area of Effect,4% 증가 범위의 효과,
tree_sd,15913:2,5% increased Area Damage,5% 증가 범위 피해,
tree_sd,15969:1,12% increased Damage with Hits against Enemies affected by Elemental Ailments,12% 증가 피해 보유 명중 against Enemies affected by 원소 상태 이상,
tree_sd,15975:1,12% increased Evasion Rating,12% 증가 회피 Rating,
tree_sd,15975:2,12% increased maximum Energy Shield,12% 증가 최대 에너지 보호막,
tree_sd,15986:1,25% reduced Poison Duration,25% 감소 독 지속시간,
tree_sd,15986:2,Targets can be affected by +1 of your Poisons at the same time,Targets can be affected by +1의 your Poisons at the same time,
tree_sd,15991:1,Immune to Shock while affected by an Archon Buff,Immune에 감전 동안 affected by an Archon Buff,
tree_sd,1599:1,5% increased Critical Hit Chance,5% 증가 치명타 확률,
tree_sd,1599:2,8% increased Physical Damage,8% 증가 물리 피해,
tree_sd,16013:1,5% chance to Daze on Hit,5% 확률에 Daze 시 명중,
tree_sd,16024:1,Invocation Spells have 20% increased Critical Damage Bonus,Invocation Spells have 20% 증가 치명타 피해 보너스,
tree_sd,1603:1,15% of Elemental Damage taken Recouped as Energy Shield,15%의 원소 피해 taken Recouped as 에너지 보호막,
tree_sd,16051:1,Attacks used by Totems have 4% increased Attack Speed,공격 used by Totems have 4% 증가 공격 속도,
tree_sd,16084:1,10% increased Damage with One Handed Weapons,10% 증가 피해 보유 One Handed Weapons,
tree_sd,16090:1,6% of Skill Mana Costs Converted to Life Costs,6%의 Skill 마나 Costs Converted에 생명력 Costs,
tree_sd,16100:1,20% increased Evasion Rating,20% 증가 회피 Rating,
tree_sd,16111:1,20% increased Attack Damage while Surrounded,20% 증가 공격 피해 동안 포위,
tree_sd,16121:1,Meta Skills gain 8% increased Energy,Meta Skills 획득 8% 증가 에너지,
tree_sd,16140:1,5% chance to Daze on Hit,5% 확률에 Daze 시 명중,
tree_sd,16142:1,20% increased Freeze Buildup,20% 증가 동결 누적,
tree_sd,16142:2,Enemies Frozen by you have -8% to Cold Resistance,Enemies 동결 by you have -8%에 냉기 저항,
tree_sd,16150:1,Increases and Reductions to Companion Damage also apply to you,Increases 및 Reductions에 동료 피해 also apply에 you,
tree_sd,16168:1,+5 to any Attribute,+5에 any 능력치,
tree_sd,16204:1,+40 to Spirit for each of your empty Charm slots,+40에 정신력 동안 each의 your empty 참 slots,
tree_sd,16249:1,Allies in your Presence gain added Attack Damage equal,동료 in your Presence 획득 added 공격 피해 equal,
tree_sd,16249:2,to 25% of your main hand Weapon's Damage,to 25%의 your main hand Weapon's 피해,
tree_sd,16256:1,25% reduced Mana Regeneration Rate while stationary,25% 감소 마나 재생 Rate 동안 stationary,
tree_sd,16256:2,50% increased Mana Regeneration Rate while moving,50% 증가 마나 재생 Rate 동안 moving,
tree_sd,16256:3,5% reduced Movement Speed Penalty from using Skills while moving,5% 감소 이동 속도 Penalty에서 using Skills 동안 moving,
tree_sd,16276:1,Body Armour grants 60% increased Glory generation,Body 방어도 grants 60% 증가 Glory generation,
tree_sd,1628:1,17% increased Stun Threshold,17% 증가 기절 한계값,
tree_sd,16311:1,10% increased Life Regeneration rate,10% 증가 생명력 재생 rate,
tree_sd,1631:1,10% increased Charm Effect Duration,10% 증가 참 효과 지속시간,
tree_sd,16329:1,5% reduced Flask Charges used,5% 감소 플라스크 충전 used,
tree_sd,16332:1,17% increased Stun Threshold,17% 증가 기절 한계값,
tree_sd,16347:1,+2 to Maximum Rage,+2에 최대 격노,
tree_sd,16367:1,10% increased Elemental Damage,10% 증가 원소 피해,
tree_sd,16385:1,20% increased Glory generation for Banner Skills,20% 증가 Glory generation 동안 깃발 Skills,
tree_sd,16401:1,8% increased Lightning Damage,8% 증가 번개 피해,
tree_sd,16401:2,10% increased Electrocute Buildup,10% 증가 Electrocute 누적,
tree_sd,16413:1,8% increased Attack Damage,8% 증가 공격 피해,
tree_sd,16413:2,Minions deal 8% increased Damage,소환수 deal 8% 증가 피해,
tree_sd,16460:1,+5 to any Attribute,+5에 any 능력치,
tree_sd,16466:1,5% increased Cast Speed,5% 증가 시전 속도,
tree_sd,16466:2,15% increased Mana Regeneration Rate,15% 증가 마나 재생 Rate,
tree_sd,16466:3,+10 to Intelligence,+10에 지능,
tree_sd,16484:1,+5 to any Attribute,+5에 any 능력치,
tree_sd,16485:1,Damage Penetrates 6% Lightning Resistance,피해 Penetrates 6% 번개 저항,
tree_sd,16489:1,+5 to any Attribute,+5에 any 능력치,
tree_sd,16499:1,40% increased Curse Duration,40% 증가 저주 지속시간,
tree_sd,16499:2,10% increased Curse Magnitudes,10% 증가 저주 Magnitudes,
tree_sd,16506:1,20% increased chance to inflict Elemental Ailments if you have Shapeshifted to an Animal form Recently,20% 증가 확률에 inflict 원소 상태 이상 if you have Shapeshifted에 an Animal form Recently,
tree_sd,16538:1,10% increased Damage with One Handed Weapons,10% 증가 피해 보유 One Handed Weapons,
tree_sd,16568:1,Minions Revive 15% faster if all your Minions are Companions,소환수 Revive 15% faster if 모든 your 소환수 are Companions,
tree_sd,16596:1,3% increased Attack and Cast Speed with Elemental Skills,3% 증가 공격 및 시전 속도 보유 원소 Skills,
tree_sd,16602:1,15% increased Evasion Rating,15% 증가 회피 Rating,
tree_sd,16615:1,30% increased Armour while stationary,30% 증가 방어도 동안 stationary,
tree_sd,16615:2,30% increased Life Regeneration Rate while stationary,30% 증가 생명력 재생 Rate 동안 stationary,
tree_sd,16618:1,2% increased Damage per 5 of your lowest Attribute,2% 증가 피해 per 5의 your lowest 능력치,
tree_sd,16620:1,10% reduced Movement Speed Penalty while Actively Blocking,10% 감소 이동 속도 Penalty 동안 Actively Blocking,
tree_sd,16626:1,12% increased Area of Effect if you have Stunned an Enemy Recently,12% 증가 범위의 효과 if you have Stunned an Enemy Recently,
tree_sd,16626:2,12% increased Area of Effect for Attacks,12% 증가 범위의 효과 동안 공격,
tree_sd,16680:1,15% increased Crossbow Reload Speed,15% 증가 쇠뇌 Reload 속도,
tree_sd,16691:1,Leech Life 15% faster,흡수 생명력 15% faster,
tree_sd,16695:1,3% of Elemental Damage taken Recouped as Energy Shield,3%의 원소 피해 taken Recouped as 에너지 보호막,
tree_sd,16705:1,+5 to any Attribute,+5에 any 능력치,
tree_sd,16721:1,12% increased Damage with Plant Skills,12% 증가 피해 보유 Plant Skills,
tree_sd,16725:1,+5 to any Attribute,+5에 any 능력치,
tree_sd,16744:1,15% increased Evasion Rating,15% 증가 회피 Rating,
tree_sd,16784:1,16% increased Totem Life,16% 증가 토템 생명력,
tree_sd,16786:1,15% increased Immobilisation buildup,15% 증가 Immobilisation 누적,
tree_sd,16790:1,15% increased Mana Regeneration Rate,15% 증가 마나 재생 Rate,
tree_sd,16790:2,20% increased Mana Cost Efficiency,20% 증가 마나 Cost 효율,
tree_sd,1680:1,20% increased Parry Range,20% 증가 Parry Range,
tree_sd,16816:1,Attacks gain increased Accuracy Rating equal to their Critical Hit Chance,공격 획득 증가 정확도 Rating equal에 their 치명타 확률,
tree_sd,16861:1,10% increased Critical Hit Chance,10% 증가 치명타 확률,
tree_sd,16871:1,+4 to Strength,+4에 Strength,
tree_sd,16871:2,+4 to Dexterity,+4에 Dexterity,
tree_sd,16938:1,Companions deal 12% increased Damage,Companions deal 12% 증가 피해,
tree_sd,16938:2,10% increased Damage while your Companion is in your Presence,10% 증가 피해 동안 your 동료 is in your Presence,
tree_sd,16940:1,12% increased Area of Effect while you have Arcane Surge,12% 증가 범위의 효과 동안 you have Arcane Surge,
tree_sd,16940:2,30% increased Spell Damage while you have Arcane Surge,30% 증가 주문 피해 동안 you have Arcane Surge,
tree_sd,16947:1,40% faster start of Energy Shield Recharge,40% faster start의 에너지 보호막 재충전,
tree_sd,16947:2,15% increased Block chance,15% 증가 막기 확률,
tree_sd,16:1,20% increased Life Flask Charges gained,20% 증가 생명력 플라스크 충전 획득,
tree_sd,1700:1,10% increased Cold Damage,10% 증가 냉기 피해,
tree_sd,17024:1,3% increased Attack and Cast Speed with Lightning Skills,3% 증가 공격 및 시전 속도 보유 번개 Skills,
tree_sd,17025:1,10% increased Lightning Damage,10% 증가 번개 피해,
tree_sd,17026:1,15% increased Cooldown Recovery Rate for Grenade Skills,15% 증가 Cooldown Recovery Rate 동안 수류탄 Skills,
tree_sd,17029:1,Defend with 200% of Armour against Critical Hits,Defend 보유 200%의 방어도 against 치명타,
tree_sd,17029:2,+15 to Strength,+15에 Strength,
tree_sd,17045:1,2% increased Movement Speed,2% 증가 이동 속도,
tree_sd,17057:1,10% increased Lightning Damage,10% 증가 번개 피해,
tree_sd,17058:1,-20% to all Elemental Resistances,-20%에 모든 원소 저항,
tree_sd,17059:1,25% increased Stun Threshold while Channelling,25% 증가 기절 한계값 동안 집중 유지,
tree_sd,17061:1,Archon recovery period expires 10% faster,Archon recovery period expires 10% faster,
tree_sd,17077:1,12% increased Attack Damage while moving,12% 증가 공격 피해 동안 moving,
tree_sd,17088:1,+5 to any Attribute,+5에 any 능력치,
tree_sd,17092:1,+2 to Maximum Rage,+2에 최대 격노,
tree_sd,17101:1,10% increased Attack Damage,10% 증가 공격 피해,
tree_sd,17107:1,10% increased Spell Area Damage,10% 증가 주문 범위 피해,
tree_sd,17112:1,10% increased Stun Buildup,10% 증가 기절 누적,
tree_sd,17112:2,Ancestrally Boosted Attacks deal 16% increased Damage,Ancestrally Boosted 공격 deal 16% 증가 피해,
tree_sd,17118:1,+5 to any Attribute,+5에 any 능력치,
tree_sd,17138:1,10% increased Melee Damage,10% 증가 근접 피해,
tree_sd,17146:1,20% increased Parry Damage,20% 증가 Parry 피해,
tree_sd,17150:1,Gain 8% of Evasion Rating as extra Armour,획득 8%의 회피 Rating as extra 방어도,
tree_sd,17215:1,2% increased Attack Speed,2% 증가 공격 속도,
tree_sd,17215:2,5% increased Mana Regeneration Rate,5% 증가 마나 재생 Rate,
tree_sd,17229:1,Minions have +20% to all Elemental Resistances,소환수 have +20%에 모든 원소 저항,
tree_sd,17229:2,20% increased Elemental Ailment Threshold,20% 증가 원소 상태 이상 한계값,
tree_sd,1723:1,10% increased Poison Duration,10% 증가 독 지속시간,
tree_sd,17248:1,+5 to any Attribute,+5에 any 능력치,
tree_sd,17254:1,15% increased Evasion Rating,15% 증가 회피 Rating,
tree_sd,17254:2,8% increased Cast Speed,8% 증가 시전 속도,
tree_sd,17260:1,Damage Penetrates 15% of Enemy Elemental Resistances while Shapeshifted,피해 Penetrates 15%의 Enemy 원소 저항 동안 Shapeshifted,
tree_sd,17268:1,15% increased Magnitude of Shock you inflict,15% 증가 Magnitude의 감전 you inflict,
tree_sd,17282:1,16% increased Mana Regeneration Rate while stationary,16% 증가 마나 재생 Rate 동안 stationary,
tree_sd,17294:1,10% increased Life Regeneration rate,10% 증가 생명력 재생 rate,
tree_sd,17303:1,40% increased Cooldown Recovery Rate for Grenade Skills,40% 증가 Cooldown Recovery Rate 동안 수류탄 Skills,
tree_sd,17303:2,80% reduced Grenade Damage,80% 감소 수류탄 피해,
tree_sd,17316:1,10% increased Damage with One Handed Weapons,10% 증가 피해 보유 One Handed Weapons,
tree_sd,17330:1,20% chance for Bleeding to be Aggravated when Inflicted against Enemies on Jagged Ground,20% 확률 동안 출혈에 be Aggravated when Inflicted against Enemies 시 Jagged Ground,
tree_sd,17330:2,40% increased Jagged Ground Duration,40% 증가 Jagged Ground 지속시간,
tree_sd,17340:1,4% increased Movement Speed if you've Killed Recently,4% 증가 이동 속도 if you've Killed Recently,
tree_sd,17340:2,8% increased Attack Speed if you've killed Recently,8% 증가 공격 속도 if you've killed Recently,
tree_sd,17348:1,12% increased Ignite Magnitude,12% 증가 점화 Magnitude,
tree_sd,17349:1,12% increased Armour,12% 증가 방어도,
tree_sd,17349:2,12% increased maximum Energy Shield,12% 증가 최대 에너지 보호막,
tree_sd,17366:1,12% increased Evasion Rating,12% 증가 회피 Rating,
tree_sd,17366:2,12% increased maximum Energy Shield,12% 증가 최대 에너지 보호막,
tree_sd,17367:1,12% increased Evasion Rating,12% 증가 회피 Rating,
tree_sd,17367:2,12% increased maximum Energy Shield,12% 증가 최대 에너지 보호막,
tree_sd,17372:1,25% increased Melee Damage,25% 증가 근접 피해,
tree_sd,17372:2,+2 to Melee Strike Range,+2에 근접 Strike Range,
tree_sd,17378:1,Minions have 10% increased maximum Life,소환수 have 10% 증가 최대 생명력,
tree_sd,17394:1,Minions cause 15% increased Stun Buildup,소환수 cause 15% 증가 기절 누적,
tree_sd,17417:1,5% increased Projectile Speed,5% 증가 투사체 속도,
tree_sd,17417:2,8% increased Physical Damage,8% 증가 물리 피해,
tree_sd,17420:1,12% increased Lightning Damage,12% 증가 번개 피해,
tree_sd,17447:1,20% increased Stun Threshold while Parrying,20% 증가 기절 한계값 동안 Parrying,
tree_sd,17468:1,+5 to any Attribute,+5에 any 능력치,
tree_sd,17501:1,Minions deal 10% increased Damage,소환수 deal 10% 증가 피해,
tree_sd,17505:1,3% increased Cast Speed,3% 증가 시전 속도,
tree_sd,17517:1,5% increased Area of Effect,5% 증가 범위의 효과,
tree_sd,17523:1,16% increased Hazard Damage,16% 증가 Hazard 피해,
tree_sd,17532:1,12% increased Stun Threshold,12% 증가 기절 한계값,
tree_sd,17548:1,25% increased Critical Damage Bonus if you've dealt a Non-Critical Hit Recently,25% 증가 치명타 피해 보너스 if you've dealt a Non-치명타 명중 Recently,
tree_sd,17548:2,15% increased Critical Hit Chance,15% 증가 치명타 확률,
tree_sd,17553:1,25% chance for Projectiles to Pierce Enemies within 3m distance of you,25% 확률 동안 투사체에 Pierce Enemies within 3m distance의 you,
tree_sd,1755:1,8% increased Spell Damage,8% 증가 주문 피해,
tree_sd,17584:1,6% increased Area of Effect for Attacks,6% 증가 범위의 효과 동안 공격,
tree_sd,17589:1,10% increased Attack Damage,10% 증가 공격 피해,
tree_sd,17600:1,Leeching Life from your Hits causes your Companion to also Leech the same amount of Life,Leeching 생명력에서 your 명중 causes your 동료에 also 흡수 the same amount의 생명력,
tree_sd,17602:1,Gain additional Ailment Threshold equal to 8% of maximum Energy Shield,획득 추가 상태 이상 한계값 equal에 8%의 최대 에너지 보호막,
tree_sd,17602:2,Gain additional Stun Threshold equal to 8% of maximum Energy Shield,획득 추가 기절 한계값 equal에 8%의 최대 에너지 보호막,
tree_sd,17625:1,Gain 1 Rage on Melee Hit,획득 1 격노 시 근접 명중,
tree_sd,17646:1,Decimating Strike,Decimating Strike,
tree_sd,17655:1,Aura Skills have 5% increased Magnitudes,오라 Skills have 5% 증가 Magnitudes,
tree_sd,17664:1,50% increased Critical Damage Bonus against Enemies that have exited your Presence Recently,50% 증가 치명타 피해 보너스 against Enemies that have exited your Presence Recently,
tree_sd,17668:1,2% increased Attack Speed,2% 증가 공격 속도,
tree_sd,17668:2,5% increased Mana Regeneration Rate,5% 증가 마나 재생 Rate,
tree_sd,17672:1,+5 to any Attribute,+5에 any 능력치,
tree_sd,17686:1,10% increased Melee Damage,10% 증가 근접 피해,
tree_sd,17687:1,15% increased Mana Flask Charges gained,15% 증가 마나 플라스크 충전 획득,
tree_sd,17702:1,+5 to any Attribute,+5에 any 능력치,
tree_sd,17706:1,10% increased Energy Shield Recharge Rate,10% 증가 에너지 보호막 재충전 Rate,
tree_sd,17706:2,10% increased Mana Recovery from Flasks,10% 증가 마나 Recovery에서 Flasks,
tree_sd,17711:1,Spell Skills have 6% increased Area of Effect,주문 Skills have 6% 증가 범위의 효과,
tree_sd,17724:1,10% increased Attack Damage,10% 증가 공격 피해,
tree_sd,17725:1,Allies in your Presence have 25% increased Critical Hit Chance,동료 in your Presence have 25% 증가 치명타 확률,
tree_sd,17725:2,25% increased Critical Hit Chance,25% 증가 치명타 확률,
tree_sd,17726:1,15% increased Stun Buildup,15% 증가 기절 누적,
tree_sd,17729:1,12% increased Spell Damage,12% 증가 주문 피해,
tree_sd,17729:2,8% chance to Poison on Hit,8% 확률에 독 시 명중,
tree_sd,1773:1,5% increased Magnitude of Ailments you inflict,5% 증가 Magnitude의 상태 이상 you inflict,
tree_sd,1773:2,5% increased Duration of Damaging Ailments on Enemies,5% 증가 지속시간의 Damaging 상태 이상 시 Enemies,
tree_sd,17754:1,Grants Skill: Summon Infernal Hound,Grants Skill: Summon Infernal Hound,
tree_sd,17762:1,10% of Thorns Damage Leeched as Life,10%의 Thorns 피해 Leeched as 생명력,
tree_sd,17788:1,Can Socket a non-Unique Basic Jewel into the Phylactery,Can Socket a non-Unique Basic 주얼 into the Phylactery,
tree_sd,17788:2,100% increased Effect of the Socketed Jewel,100% 증가 효과의 the Socketed 주얼,
tree_sd,17788:3,50% more Mana Cost of Skills if you have no Energy Shield,50% more 마나 Cost의 Skills if you have no 에너지 보호막,
tree_sd,1778:1,20% increased Hazard Duration,20% 증가 Hazard 지속시간,
tree_sd,17791:1,18% increased Stun Buildup with Maces,18% 증가 기절 누적 보유 Maces,
tree_sd,17792:1,20% increased Presence Area of Effect,20% 증가 Presence 범위의 효과,
tree_sd,17796:1,5% increased Cooldown Recovery Rate,5% 증가 Cooldown Recovery Rate,
tree_sd,17825:1,+0.5 metres to Dodge Roll distance while Surrounded,+0.5 metres에 Dodge Roll distance 동안 포위,
tree_sd,17825:2,10% increased Movement Speed while Surrounded,10% 증가 이동 속도 동안 포위,
tree_sd,17854:1,3% increased Movement Speed,3% 증가 이동 속도,
tree_sd,17854:2,30% increased Evasion Rating,30% 증가 회피 Rating,
tree_sd,17867:1,Debuffs you inflict have 7% increased Slow Magnitude,Debuffs you inflict have 7% 증가 Slow Magnitude,
tree_sd,17867:2,7% increased Exposure Effect,7% 증가 Exposure 효과,
tree_sd,17871:1,5% reduced Effect of Chill on you,5% 감소 효과의 냉각 시 you,
tree_sd,17871:2,10% increased Freeze Threshold,10% 증가 동결 한계값,
tree_sd,17882:1,25% reduced Grenade Detonation Time,25% 감소 수류탄 Detonation Time,
tree_sd,17885:1,15% reduced Magnitude of Ignite on you,15% 감소 Magnitude의 점화 시 you,
tree_sd,17894:1,20% increased Physical Damage with Bows,20% 증가 물리 피해 보유 Bows,
tree_sd,17894:2,Bow Attacks have Culling Strike,활 공격 have Culling Strike,
tree_sd,178:1,8% increased Reservation Efficiency of Herald Skills,8% 증가 Reservation 효율의 Herald Skills,
tree_sd,17903:1,16% increased Thorns damage,16% 증가 Thorns 피해,
tree_sd,17923:1,10% chance to gain Volatility on Kill,10% 확률에 획득 Volatility 시 Kill,
tree_sd,17924:1,30% increased Damage with Hits against Enemies that are on Low Life,30% 증가 피해 보유 명중 against Enemies that are 시 Low 생명력,
tree_sd,17955:1,30% reduced Evasion Rating if you have been Hit Recently,30% 감소 회피 Rating if you have been 명중 Recently,
tree_sd,17955:2,100% increased Evasion Rating if you haven't been Hit Recently,100% 증가 회피 Rating if you haven't been 명중 Recently,
tree_sd,17973:1,25% increased Energy Shield Recharge Rate,25% 증가 에너지 보호막 재충전 Rate,
tree_sd,17973:2,25% faster start of Energy Shield Recharge,25% faster start의 에너지 보호막 재충전,
tree_sd,17994:1,Gain Deflection Rating equal to 6% of Evasion Rating,획득 Deflection Rating equal에 6%의 회피 Rating,
tree_sd,17999:1,8% increased Warcry Speed,8% 증가 Warcry 속도,
tree_sd,17999:2,6% increased Warcry Cooldown Recovery Rate,6% 증가 Warcry Cooldown Recovery Rate,
tree_sd,18004:1,Inherent Rage loss starts 1 second later,Inherent 격노 loss starts 1 second later,
tree_sd,1801:1,5% chance to Blind Enemies on Hit,5% 확률에 Blind Enemies 시 명중,
tree_sd,18049:1,Projectiles deal 15% increased Damage with Hits against Enemies within 2m,투사체 deal 15% 증가 피해 보유 명중 against Enemies within 2m,
tree_sd,18073:1,12% increased Attack Damage,12% 증가 공격 피해,
tree_sd,18081:1,Damage Penetrates 20% Elemental Resistances for each time you've used a Skill that Requires Glory in the past 6 seconds,피해 Penetrates 20% 원소 저항 동안 each time you've used a Skill that Requires Glory in the past 6 seconds,
tree_sd,18086:1,Damage Penetrates 15% Cold Resistance,피해 Penetrates 15% 냉기 저항,
tree_sd,18086:2,+10 to Intelligence,+10에 지능,
tree_sd,18115:1,12% increased Grenade Damage,12% 증가 수류탄 피해,
tree_sd,18146:1,Equipment and Skill Gems have 4% reduced Attribute Requirements,Equipment 및 Skill Gems have 4% 감소 능력치 Requirements,
tree_sd,18157:1,25% increased Armour,25% 증가 방어도,
tree_sd,18157:2,+15% of Armour also applies to Elemental Damage,+15%의 방어도 also applies에 원소 피해,
tree_sd,18158:1,All Damage from you and Allies in your Presence,모든 피해에서 you 및 동료 in your Presence,
tree_sd,18158:2,contributes to Flammability and Ignite Magnitudes,contributes에 Flammability 및 점화 Magnitudes,
tree_sd,18160:1,Minions have 20% increased Critical Hit Chance,소환수 have 20% 증가 치명타 확률,
tree_sd,18167:1,Invocated Spells have 12% increased Critical Hit Chance,Invocated Spells have 12% 증가 치명타 확률,
tree_sd,18186:1,15% increased Armour,15% 증가 방어도,
tree_sd,18207:1,4% increased Area of Effect of Ancestrally Boosted Attacks,4% 증가 범위의 효과의 Ancestrally Boosted 공격,
tree_sd,18207:2,Ancestrally Boosted Attacks deal 8% increased Damage,Ancestrally Boosted 공격 deal 8% 증가 피해,
tree_sd,1823:1,20% increased Light Radius,20% 증가 Light Radius,
tree_sd,1823:2,70% increased Energy Shield from Equipped Helmet,70% 증가 에너지 보호막에서 Equipped Helmet,
tree_sd,18245:1,Minions have 8% increased maximum Life,소환수 have 8% 증가 최대 생명력,
tree_sd,18245:2,Minions have 8% additional Physical Damage Reduction,소환수 have 8% 추가 물리 피해 Reduction,
tree_sd,1826:1,+5 to any Attribute,+5에 any 능력치,
tree_sd,18270:1,12% increased Damage with Plant Skills,12% 증가 피해 보유 Plant Skills,
tree_sd,18280:1,Can instead consume 25% of maximum Mana to trigger Charms with insufficient charges,Can instead consume 25%의 최대 마나에 trigger Charms 보유 insufficient 충전,
tree_sd,18308:1,+250 to Accuracy against Bleeding Enemies,+250에 정확도 against 출혈 Enemies,
tree_sd,18308:2,Bleeding you inflict deals Damage 10% faster,출혈 you inflict deals 피해 10% faster,
tree_sd,18348:1,20% of Cold Damage taken as Fire Damage,20%의 냉기 피해 taken as 화염 피해,
tree_sd,18348:2,20% of Lightning Damage taken as Fire Damage,20%의 번개 피해 taken as 화염 피해,
tree_sd,18348:3,20% of Physical Damage taken as Chaos Damage,20%의 물리 피해 taken as 카오스 피해,
tree_sd,18353:1,12% increased Lightning Damage,12% 증가 번개 피해,
tree_sd,18353:2,12% increased Physical Damage,12% 증가 물리 피해,
tree_sd,18374:1,8% increased amount of Life Leeched,8% 증가 amount의 생명력 Leeched,
tree_sd,18374:2,12% increased Thorns damage,12% 증가 Thorns 피해,
tree_sd,18397:1,35% increased amount of Life Leeched,35% 증가 amount의 생명력 Leeched,
tree_sd,18397:2,Leech Life 20% slower,흡수 생명력 20% slower,
tree_sd,18407:1,+5 to any Attribute,+5에 any 능력치,
tree_sd,18419:1,Regenerate 1% of maximum Life per second while you have a Totem,Regenerate 1%의 최대 생명력 per second 동안 you have a 토템,
tree_sd,18419:2,Totems Regenerate 3% of maximum Life per second,Totems Regenerate 3%의 최대 생명력 per second,
tree_sd,1841:1,15% increased Evasion Rating,15% 증가 회피 Rating,
tree_sd,18441:1,+3 to Maximum Rage,+3에 최대 격노,
tree_sd,18448:1,+5 to any Attribute,+5에 any 능력치,
tree_sd,18451:1,20% increased Frenzy Charge Duration,20% 증가 격분 충전 지속시간,
tree_sd,18465:1,20% increased Critical Damage Bonus,20% 증가 치명타 피해 보너스,
tree_sd,18465:2,20% increased Magnitude of Non-Damaging Ailments you inflict with Critical Hits,20% 증가 Magnitude의 Non-Damaging 상태 이상 you inflict 보유 치명타,
tree_sd,18470:1,15% increased Pin Buildup,15% 증가 Pin 누적,
tree_sd,18472:1,15% increased Stun Buildup,15% 증가 기절 누적,
tree_sd,18472:2,15% increased Freeze Buildup,15% 증가 동결 누적,
tree_sd,18485:1,Gain 3 Volatility when an Allied Persistent Reviving Minion is Killed,획득 3 Volatility when an Allied Persistent Reviving 소환수 is Killed,
tree_sd,18489:1,10% increased Damage with One Handed Weapons,10% 증가 피해 보유 One Handed Weapons,
tree_sd,18496:1,5% reduced Attack Speed,5% 감소 공격 속도,
tree_sd,18496:2,30% increased Magnitude of Ailments you inflict,30% 증가 Magnitude의 상태 이상 you inflict,
tree_sd,18496:3,20% increased Duration of Damaging Ailments on Enemies,20% 증가 지속시간의 Damaging 상태 이상 시 Enemies,
tree_sd,18505:1,5% reduced Attack Speed,5% 감소 공격 속도,
tree_sd,18505:2,30% increased Stun Buildup,30% 증가 기절 누적,
tree_sd,18505:3,50% increased Attack Damage,50% 증가 공격 피해,
tree_sd,18519:1,8% increased amount of Life Leeched,8% 증가 amount의 생명력 Leeched,
tree_sd,18519:2,Companions deal 12% increased Damage,Companions deal 12% 증가 피해,
tree_sd,18548:1,3% increased Attack Speed,3% 증가 공격 속도,
tree_sd,1855:1,12% increased Life and Mana Recovery from Flasks,12% 증가 생명력 및 마나 Recovery에서 Flasks,
tree_sd,18568:1,+5% to Cold Resistance,+5%에 냉기 저항,
tree_sd,18568:2,10% increased amount of Mana Leeched,10% 증가 amount의 마나 Leeched,
tree_sd,18585:1,20% increased Armour,20% 증가 방어도,
tree_sd,18624:1,16% increased Hazard Damage,16% 증가 Hazard 피해,
tree_sd,18629:1,5% increased Block chance,5% 증가 막기 확률,
tree_sd,18651:1,12% increased Lightning Damage,12% 증가 번개 피해,
tree_sd,1865:1,3% increased Fire Damage per Endurance Charge consumed Recently,3% 증가 화염 피해 per 인내 충전 consumed Recently,
tree_sd,18678:1,Buffs on you expire 10% slower,Buffs 시 you expire 10% slower,
tree_sd,18684:1,75% of Damage Converted to Fire Damage,75%의 피해 Converted에 화염 피해,
tree_sd,18684:2,Deal no Non-Fire Damage,Deal no Non-화염 피해,
tree_sd,1869:1,15% increased Freeze Buildup,15% 증가 동결 누적,
tree_sd,18717:1,12% increased Lightning Damage,12% 증가 번개 피해,
tree_sd,18737:1,10% increased Critical Hit Chance,10% 증가 치명타 확률,
tree_sd,18742:1,12% increased Stun Threshold,12% 증가 기절 한계값,
tree_sd,18744:1,Remnants can be collected from 20% further away,Remnants can be collected에서 20% further away,
tree_sd,18746:1,5% increased Block chance,5% 증가 막기 확률,
tree_sd,1878:1,12% increased maximum Energy Shield,12% 증가 최대 에너지 보호막,
tree_sd,1878:2,+5% of Armour also applies to Elemental Damage,+5%의 방어도 also applies에 원소 피해,
tree_sd,18793:1,12% increased Spell Damage if you have consumed an Elemental Infusion Recently,12% 증가 주문 피해 if you have consumed an 원소 Infusion Recently,
tree_sd,18801:1,Banner Skills have 20% increased Duration,깃발 Skills have 20% 증가 지속시간,
tree_sd,18815:1,Damage Penetrates 6% Lightning Resistance,피해 Penetrates 6% 번개 저항,
tree_sd,18818:1,2% increased Attack Speed,2% 증가 공격 속도,
tree_sd,18818:2,5% increased Attack Damage,5% 증가 공격 피해,
tree_sd,18822:1,10% increased Damage,10% 증가 피해,
tree_sd,18826:1,Gain 1 Volatility on inflicting an Elemental Ailment,획득 1 Volatility 시 inflicting an 원소 상태 이상,
tree_sd,18826:2,Take no Damage from Volatility,Take no 피해에서 Volatility,
tree_sd,18831:1,5% increased Block chance,5% 증가 막기 확률,
tree_sd,18845:1,10% increased Spell Damage,10% 증가 주문 피해,
tree_sd,18846:1,Spell Skills have 6% increased Area of Effect,주문 Skills have 6% 증가 범위의 효과,
tree_sd,18849:1,All Damage from Hits Contributes to Chill Magnitude,모든 피해에서 명중 Contributes에 냉각 Magnitude,
tree_sd,18856:1,Invocated Spells deal 15% increased Damage,Invocated Spells deal 15% 증가 피해,
tree_sd,18864:1,10% increased Magnitude of Ailments you inflict,10% 증가 Magnitude의 상태 이상 you inflict,
tree_sd,1887:1,30% increased Armour while stationary,30% 증가 방어도 동안 stationary,
tree_sd,18882:1,+5 to any Attribute,+5에 any 능력치,
tree_sd,18895:1,Gain additional Stun Threshold equal to 12% of maximum Energy Shield,획득 추가 기절 한계값 equal에 12%의 최대 에너지 보호막,
tree_sd,18897:1,15% increased Evasion Rating,15% 증가 회피 Rating,
tree_sd,18910:1,10% increased Critical Hit Chance with Spears,10% 증가 치명타 확률 보유 Spears,
tree_sd,18913:1,5% increased Chaos Damage,5% 증가 카오스 피해,
tree_sd,18913:2,5% increased Skill Effect Duration,5% 증가 Skill 효과 지속시간,
tree_sd,18923:1,+5 to any Attribute,+5에 any 능력치,
tree_sd,18940:1,Grants Skill: Shattering Concoction,Grants Skill: Shattering 혼합물,
tree_sd,18959:1,+1 to Maximum Energy Shield per 8 Item Armour on Equipped Helmet,+1에 최대 에너지 보호막 per 8 Item 방어도 시 Equipped Helmet,
tree_sd,18969:1,3% increased Attack Speed with Bows,3% 증가 공격 속도 보유 Bows,
tree_sd,18970:1,+8 to Evasion Rating,+8에 회피 Rating,
tree_sd,18970:2,+5 to maximum Energy Shield,+5에 최대 에너지 보호막,
tree_sd,18972:1,15% chance for Shapeshift Slam Skills you use yourself to cause an additional Aftershock,15% 확률 동안 Shapeshift 강타 Skills you 사용 yourself에 cause an 추가 여진,
tree_sd,19001:1,15% increased Immobilisation buildup,15% 증가 Immobilisation 누적,
tree_sd,19003:1,10% increased Cold Damage,10% 증가 냉기 피해,
tree_sd,19006:1,Minions have 6% increased maximum Life,소환수 have 6% 증가 최대 생명력,
tree_sd,19006:2,Minions deal 6% increased Damage,소환수 deal 6% 증가 피해,
tree_sd,19011:1,10% increased Melee Damage,10% 증가 근접 피해,
tree_sd,19027:1,"15% increased Endurance, Frenzy and Power Charge Duration","15% 증가 인내, 격분 및 권능 충전 지속시간",
tree_sd,19044:1,3% increased Spell Damage per 100 maximum Mana,3% 증가 주문 피해 per 100 최대 마나,
tree_sd,19104:1,+30 to Accuracy Rating,+30에 정확도 Rating,
tree_sd,19104:2,10% increased Accuracy Rating,10% 증가 정확도 Rating,
tree_sd,19112:1,7% increased Chaos Damage,7% 증가 카오스 피해,
tree_sd,19122:1,20% increased Armour if you've consumed an Endurance Charge Recently,20% 증가 방어도 if you've consumed an 인내 충전 Recently,
tree_sd,19125:1,30% increased Spell Damage,30% 증가 주문 피해,
tree_sd,19125:2,5% reduced Cast Speed,5% 감소 시전 속도,
tree_sd,19129:1,15% increased Pin Buildup,15% 증가 Pin 누적,
tree_sd,1913:1,+20 to Armour,+20에 방어도,
tree_sd,19156:1,50% increased Evasion Rating if Energy Shield Recharge has started in the past 2 seconds,50% 증가 회피 Rating if 에너지 보호막 재충전 has started in the past 2 seconds,
tree_sd,19156:2,30% increased Evasion Rating while you have Energy Shield,30% 증가 회피 Rating 동안 you have 에너지 보호막,
tree_sd,1915:1,10% increased Critical Hit Chance against Humanoids,10% 증가 치명타 확률 against Humanoids,
tree_sd,19162:1,5% increased Skill Effect Duration,5% 증가 Skill 효과 지속시간,
tree_sd,19162:2,12% increased Physical Damage,12% 증가 물리 피해,
tree_sd,19203:1,Channelling Skills deal 12% increased Damage,집중 유지 Skills deal 12% 증가 피해,
tree_sd,19223:1,10% increased Attack Damage,10% 증가 공격 피해,
tree_sd,19233:1,12% increased Elemental Damage,12% 증가 원소 피해,
tree_sd,19236:1,30% increased Armour,30% 증가 방어도,
tree_sd,19236:2,Defend with 120% of Armour against Projectile Attacks,Defend 보유 120%의 방어도 against 투사체 공격,
tree_sd,19240:1,+5 to any Attribute,+5에 any 능력치,
tree_sd,19249:1,25% increased Damage while you have a Totem,25% 증가 피해 동안 you have a 토템,
tree_sd,19249:2,Spells Cast by Totems have 3% increased Cast Speed per Summoned Totem,Spells 시전 by Totems have 3% 증가 시전 속도 per Summoned 토템,
tree_sd,19249:3,Attacks used by Totems have 3% increased Attack Speed per Summoned Totem,공격 used by Totems have 3% 증가 공격 속도 per Summoned 토템,
tree_sd,19277:1,10% increased Spell Area Damage,10% 증가 주문 범위 피해,
tree_sd,19288:1,Chance to Evade is Unlucky,확률에 Evade is Unlucky,
tree_sd,19288:2,Chance to Deflect is Lucky,확률에 Deflect is Lucky,
tree_sd,1928:1,Minions have 5% increased Attack and Cast Speed,소환수 have 5% 증가 공격 및 시전 속도,
tree_sd,19330:1,10% increased Life Regeneration rate,10% 증가 생명력 재생 rate,
tree_sd,19337:1,8% increased Projectile Speed,8% 증가 투사체 속도,
tree_sd,19337:2,6% increased Attack Speed,6% 증가 공격 속도,
tree_sd,19337:3,12% increased Accuracy Rating,12% 증가 정확도 Rating,
tree_sd,19338:1,+8 to Dexterity,+8에 Dexterity,
tree_sd,19341:1,30% increased Damage with Hits against Enemies that are on Low Life,30% 증가 피해 보유 명중 against Enemies that are 시 Low 생명력,
tree_sd,19342:1,10% increased Projectile Damage,10% 증가 투사체 피해,
tree_sd,19355:1,15% increased maximum Energy Shield,15% 증가 최대 에너지 보호막,
tree_sd,19359:1,5% increased Chaos Damage,5% 증가 카오스 피해,
tree_sd,19359:2,+3% to Chaos Resistance,+3%에 카오스 저항,
tree_sd,19424:1,4% increased Strength,4% 증가 Strength,
tree_sd,19426:1,10% increased Physical Damage,10% 증가 물리 피해,
tree_sd,19442:1,16% increased Attack Damage,16% 증가 공격 피해,
tree_sd,19442:2,16% increased Skill Effect Duration,16% 증가 Skill 효과 지속시간,
tree_sd,19442:3,Buffs on you expire 10% slower,Buffs 시 you expire 10% slower,
tree_sd,19461:1,8% increased Cold Damage,8% 증가 냉기 피해,
tree_sd,19461:2,8% increased Lightning Damage,8% 증가 번개 피해,
tree_sd,19470:1,10% increased Life and Mana Recovery from Flasks,10% 증가 생명력 및 마나 Recovery에서 Flasks,
tree_sd,19482:1,3% increased maximum Life,3% 증가 최대 생명력,
tree_sd,1953:1,15% increased Magnitude of Shock you inflict,15% 증가 Magnitude의 감전 you inflict,
tree_sd,19546:1,30% increased Block chance while Surrounded,30% 증가 막기 확률 동안 포위,
tree_sd,19546:2,10% increased Deflection Rating while Surrounded,10% 증가 Deflection Rating 동안 포위,
tree_sd,19546:3,40% increased Ailment and Stun Threshold while Surrounded,40% 증가 상태 이상 및 기절 한계값 동안 포위,
tree_sd,19563:1,12% increased Damage while Shapeshifted,12% 증가 피해 동안 Shapeshifted,
tree_sd,19573:1,25% chance for Projectiles to Pierce Enemies within 3m distance of you,25% 확률 동안 투사체에 Pierce Enemies within 3m distance의 you,
tree_sd,19644:1,Minions have 20% additional Physical Damage Reduction,소환수 have 20% 추가 물리 피해 Reduction,
tree_sd,19644:2,Minions have +23% to Chaos Resistance,소환수 have +23%에 카오스 저항,
tree_sd,19644:3,Attacks Gain 5% of Damage as extra Chaos Damage,공격 획득 5%의 피해 as extra 카오스 피해,
tree_sd,19674:1,8% increased Attack Area Damage,8% 증가 공격 범위 피해,
tree_sd,19674:2,4% increased Area of Effect for Attacks,4% 증가 범위의 효과 동안 공격,
tree_sd,19715:1,Damage Penetrates 18% Fire Resistance,피해 Penetrates 18% 화염 저항,
tree_sd,19715:2,Gain 6% of Elemental Damage as Extra Fire Damage,획득 6%의 원소 피해 as Extra 화염 피해,
tree_sd,19722:1,20% increased Freeze Buildup,20% 증가 동결 누적,
tree_sd,19722:2,50% increased Damage with Hits against Frozen Enemies,50% 증가 피해 보유 명중 against 동결 Enemies,
tree_sd,1973:1,10% increased Mana Recovery from Flasks,10% 증가 마나 Recovery에서 Flasks,
tree_sd,19751:1,15% increased Freeze Threshold,15% 증가 동결 한계값,
tree_sd,19767:1,3% increased Attack Speed with Spears,3% 증가 공격 속도 보유 Spears,
tree_sd,19779:1,7% increased Chaos Damage,7% 증가 카오스 피해,
tree_sd,19794:1,15% reduced Magnitude of Ignite on you,15% 감소 Magnitude의 점화 시 you,
tree_sd,19796:1,16% increased Attack Damage against Bleeding Enemies,16% 증가 공격 피해 against 출혈 Enemies,
tree_sd,19802:1,15% increased Critical Damage Bonus for Attack Damage,15% 증가 치명타 피해 보너스 동안 공격 피해,
tree_sd,19808:1,10% increased chance to inflict Ailments,10% 증가 확률에 inflict 상태 이상,
tree_sd,19820:1,10% increased Armour,10% 증가 방어도,
tree_sd,19820:2,+10% of Armour also applies to Cold Damage,+10%의 방어도 also applies에 냉기 피해,
tree_sd,19873:1,5% increased Area of Effect,5% 증가 범위의 효과,
tree_sd,19880:1,20% increased Evasion Rating if you've consumed a Frenzy Charge Recently,20% 증가 회피 Rating if you've consumed a 격분 충전 Recently,
tree_sd,1988:1,Grants Skill: Supporting Fire,Grants Skill: Supporting 화염,
tree_sd,19942:1,12% increased Elemental Damage with Attacks,12% 증가 원소 피해 보유 공격,
tree_sd,1994:1,20% increased Warcry Speed,20% 증가 Warcry 속도,
tree_sd,19953:1,15% increased Lightning Damage,15% 증가 번개 피해,
tree_sd,19955:1,+1 to Level of all Cold Skills,+1에 Level의 모든 냉기 Skills,
tree_sd,1995:1,20% increased chance to inflict Ailments with Projectiles,20% 증가 확률에 inflict 상태 이상 보유 투사체,
tree_sd,19966:1,25% increased Minion Duration,25% 증가 소환수 지속시간,
tree_sd,19998:1,12% increased Damage with Crossbows,12% 증가 피해 보유 Crossbows,
tree_sd,20008:1,30% increased Stun Buildup with Melee Damage,30% 증가 기절 누적 보유 근접 피해,
tree_sd,20008:2,Projectiles deal 75% increased Damage against Heavy Stunned Enemies,투사체 deal 75% 증가 피해 against Heavy Stunned Enemies,
tree_sd,20024:1,15% increased Critical Damage Bonus,15% 증가 치명타 피해 보너스,
tree_sd,20032:1,16% increased Cast Speed if you've dealt a Critical Hit Recently,16% 증가 시전 속도 if you've dealt a 치명타 명중 Recently,
tree_sd,20032:2,10% reduced Critical Hit Chance,10% 감소 치명타 확률,
tree_sd,20044:1,Gain Deflection Rating equal to 6% of Evasion Rating,획득 Deflection Rating equal에 6%의 회피 Rating,
tree_sd,20049:1,10% increased Charm Charges gained,10% 증가 참 충전 획득,
tree_sd,20091:1,10% increased Damage with Swords,10% 증가 피해 보유 Swords,
tree_sd,20105:1,10% increased Accuracy Rating with Spears,10% 증가 정확도 Rating 보유 Spears,
tree_sd,20115:1,+5 to any Attribute,+5에 any 능력치,
tree_sd,20195:1,Body Armour grants 100% increased Thorns damage,Body 방어도 grants 100% 증가 Thorns 피해,
tree_sd,20205:1,25% increased Stun Threshold if you haven't been Stunned Recently,25% 증가 기절 한계값 if you haven't been Stunned Recently,
tree_sd,2021:1,30% increased Mana Recovery from Flasks,30% 증가 마나 Recovery에서 Flasks,
tree_sd,2021:2,8% increased Attack and Cast Speed during Effect of any Mana Flask,8% 증가 공격 및 시전 속도 during 효과의 any 마나 플라스크,
tree_sd,20236:1,10% increased Critical Hit Chance,10% 증가 치명타 확률,
tree_sd,20251:1,Skills which create Fissures have a 20% chance to create an additional Fissure,Skills which create Fissures have a 20% 확률에 create an 추가 Fissure,
tree_sd,20289:1,Gain 8% of Damage as Extra Cold Damage while Shapeshifted,획득 8%의 피해 as Extra 냉기 피해 동안 Shapeshifted,
tree_sd,20303:1,10% increased Life Regeneration rate,10% 증가 생명력 재생 rate,
tree_sd,20350:1,20% increased Damage against Enemies with Fully Broken Armour,20% 증가 피해 against Enemies 보유 Fully Broken 방어도,
tree_sd,20387:1,15% increased chance to Shock,15% 증가 확률에 감전,
tree_sd,20388:1,6% of Damage taken Recouped as Life,6%의 피해 taken Recouped as 생명력,
tree_sd,20388:2,Minions Recoup 15% of Damage taken as Life,소환수 회생 15%의 피해 taken as 생명력,
tree_sd,20391:1,8% increased Block chance,8% 증가 막기 확률,
tree_sd,20397:1,15% increased Area of Effect for Attacks,15% 증가 범위의 효과 동안 공격,
tree_sd,20397:2,10% increased Cooldown Recovery Rate,10% 증가 Cooldown Recovery Rate,
tree_sd,20414:1,25% increased Parried Debuff Magnitude,25% 증가 Parried Debuff Magnitude,
tree_sd,20416:1,10% chance when you gain an Endurance Charge to gain an additional Endurance Charge,10% 확률 when you 획득 an 인내 충전에 획득 an 추가 인내 충전,
tree_sd,20416:2,+1 to Maximum Endurance Charges,+1에 최대 인내 충전,
tree_sd,20429:1,3% increased Attack Speed with Daggers,3% 증가 공격 속도 보유 Daggers,
tree_sd,20467:1,5% increased Culling Strike Threshold,5% 증가 Culling Strike 한계값,
tree_sd,20496:1,15% increased Physical Damage,15% 증가 물리 피해,
tree_sd,20499:1,15% increased effect of Arcane Surge on you,15% 증가 효과의 Arcane Surge 시 you,
tree_sd,20504:1,Recover 5 Life when you Block,Recover 5 생명력 when you 막기,
tree_sd,20511:1,Empowered Attacks Gain 15% of Physical Damage as Extra Fire damage,Empowered 공격 획득 15%의 물리 피해 as Extra 화염 피해,
tree_sd,20547:1,15% increased Stun Buildup,15% 증가 기절 누적,
tree_sd,20558:1,3% increased Movement Speed,3% 증가 이동 속도,
tree_sd,20558:2,15% increased Attack Damage,15% 증가 공격 피해,
tree_sd,20558:3,Minions have 10% increased Movement Speed,소환수 have 10% 증가 이동 속도,
tree_sd,20582:1,15% increased Parried Debuff Duration,15% 증가 Parried Debuff 지속시간,
tree_sd,20645:1,10% increased Attack Area Damage,10% 증가 공격 범위 피해,
tree_sd,20649:1,10% increased Lightning Damage,10% 증가 번개 피해,
tree_sd,20677:1,25% increased Critical Damage Bonus,25% 증가 치명타 피해 보너스,
tree_sd,20677:2,+10 to Intelligence,+10에 지능,
tree_sd,20691:1,15% increased Stun Buildup,15% 증가 기절 누적,
tree_sd,20701:1,You can equip a Focus while wielding a Staff,You can equip a 집중구 동안 wielding a Staff,
tree_sd,20701:2,50% reduced bonuses gained from Equipped Focus,50% 감소 bonuses 획득에서 Equipped 집중구,
tree_sd,20718:1,10% increased Skill Effect Duration,10% 증가 Skill 효과 지속시간,
tree_sd,2071:1,10% increased Mana Regeneration Rate,10% 증가 마나 재생 Rate,
tree_sd,20772:1,3% increased maximum Mana,3% 증가 최대 마나,
tree_sd,20782:1,7% increased Chaos Damage,7% 증가 카오스 피해,
tree_sd,20787:1,15% increased Freeze Buildup,15% 증가 동결 누적,
tree_sd,20791:1,10% increased Power Charge Duration,10% 증가 권능 충전 지속시간,
tree_sd,20791:2,10% increased maximum Energy Shield if you've consumed a Power Charge Recently,10% 증가 최대 에너지 보호막 if you've consumed a 권능 충전 Recently,
tree_sd,20820:1,3% increased Attack Speed,3% 증가 공격 속도,
tree_sd,20830:1,8% increased Area of Effect,8% 증가 범위의 효과,
tree_sd,20831:1,25% increased Evasion Rating,25% 증가 회피 Rating,
tree_sd,20831:2,40% increased Evasion Rating if you've Dodge Rolled Recently,40% 증가 회피 Rating if you've Dodge Rolled Recently,
tree_sd,20831:3,3% reduced Movement Speed Penalty from using Skills while moving,3% 감소 이동 속도 Penalty에서 using Skills 동안 moving,
tree_sd,20837:1,8% increased Knockback Distance,8% 증가 Knockback Distance,
tree_sd,20842:1,Banner Skills have 15% increased Area of Effect,깃발 Skills have 15% 증가 범위의 효과,
tree_sd,20848:1,12% increased Damage with Plant Skills,12% 증가 피해 보유 Plant Skills,
tree_sd,20861:1,Invocated Spells deal 15% increased Damage,Invocated Spells deal 15% 증가 피해,
tree_sd,20895:1,5% increased Strength,5% 증가 Strength,
tree_sd,20909:1,Damage Penetrates 6% Cold Resistance,피해 Penetrates 6% 냉기 저항,
tree_sd,20916:1,24% increased Attack Damage,24% 증가 공격 피해,
tree_sd,20916:2,10% chance to Blind Enemies on Hit with Attacks,10% 확률에 Blind Enemies 시 명중 보유 공격,
tree_sd,2091:1,8% chance to Poison on Hit,8% 확률에 독 시 명중,
tree_sd,20963:1,5% reduced Skill Speed,5% 감소 Skill 속도,
tree_sd,20963:2,50% increased Critical Hit Chance,50% 증가 치명타 확률,
tree_sd,20989:1,6% increased Area of Effect,6% 증가 범위의 효과,
tree_sd,21017:1,10% increased Critical Hit Chance,10% 증가 치명타 확률,
tree_sd,21070:1,10% increased Critical Hit Chance for Attacks,10% 증가 치명타 확률 동안 공격,
tree_sd,21077:1,15% increased Cooldown Recovery Rate for Grenade Skills,15% 증가 Cooldown Recovery Rate 동안 수류탄 Skills,
tree_sd,21080:1,15% increased Freeze Buildup,15% 증가 동결 누적,
tree_sd,21081:1,12% increased Armour,12% 증가 방어도,
tree_sd,21081:2,12% increased maximum Energy Shield,12% 증가 최대 에너지 보호막,
tree_sd,21089:1,Thorns Damage has 25% chance to ignore Enemy Armour,Thorns 피해 has 25% 확률에 ignore Enemy 방어도,
tree_sd,21096:1,Banner Skills have 15% increased Area of Effect,깃발 Skills have 15% 증가 범위의 효과,
tree_sd,21111:1,10% chance when a Charm is used to use another Charm without consuming Charges,10% 확률 when a 참 is used에 사용 another 참 without consuming 충전,
tree_sd,21112:1,10% increased Damage with Bows,10% 증가 피해 보유 Bows,
tree_sd,2113:1,25% increased Accuracy Rating with Quarterstaves,25% 증가 정확도 Rating 보유 Quarterstaves,
tree_sd,2113:2,25% increased Critical Damage Bonus with Quarterstaves,25% 증가 치명타 피해 보너스 보유 Quarterstaves,
tree_sd,2113:3,+25 to Dexterity,+25에 Dexterity,
tree_sd,21142:1,6% increased Area of Effect for Attacks,6% 증가 범위의 효과 동안 공격,
tree_sd,21156:1,"15% increased Endurance, Frenzy and Power Charge Duration","15% 증가 인내, 격분 및 권능 충전 지속시간",
tree_sd,21161:1,10% reduced Movement Speed Penalty while Actively Blocking,10% 감소 이동 속도 Penalty 동안 Actively Blocking,
tree_sd,21164:1,4% of Maximum Life Converted to Energy Shield,4%의 최대 생명력 Converted에 에너지 보호막,
tree_sd,21164:2,Minions gain 15% of their maximum Life as Extra maximum Energy Shield,소환수 획득 15%의 their 최대 생명력 as Extra 최대 에너지 보호막,
tree_sd,21184:1,6% increased Area of Effect,6% 증가 범위의 효과,
tree_sd,2119:1,10% increased amount of Life Leeched,10% 증가 amount의 생명력 Leeched,
tree_sd,21205:1,+3 to all Attributes,+3에 모든 능력치,
tree_sd,21206:1,15% increased Area of Effect,15% 증가 범위의 효과,
tree_sd,21206:2,"Burning Enemies you kill have a 5% chance to Explode, dealing a","Burning Enemies you kill have a 5% 확률에 Explode, dealing a",
tree_sd,21206:3,tenth of their maximum Life as Fire Damage,tenth의 their 최대 생명력 as 화염 피해,
tree_sd,21208:1,3% increased Curse Magnitudes,3% 증가 저주 Magnitudes,
tree_sd,21208:2,10% faster Curse Activation,10% faster 저주 Activation,
tree_sd,21218:1,16% increased Damage with Bows,16% 증가 피해 보유 Bows,
tree_sd,21225:1,10% increased Damage with Spears,10% 증가 피해 보유 Spears,
tree_sd,21227:1,15% faster start of Energy Shield Recharge,15% faster start의 에너지 보호막 재충전,
tree_sd,21245:1,10% increased Critical Hit Chance for Spells,10% 증가 치명타 확률 동안 Spells,
tree_sd,21274:1,+5 to any Attribute,+5에 any 능력치,
tree_sd,21279:1,8% increased Effect of your Mark Skills,8% 증가 효과의 your 징표 Skills,
tree_sd,21279:2,10% increased Blind Effect,10% 증가 Blind 효과,
tree_sd,21280:1,+5 to any Attribute,+5에 any 능력치,
tree_sd,21284:1,8% increased Life Regeneration rate,8% 증가 생명력 재생 rate,
tree_sd,21284:2,8% increased Mana Regeneration Rate,8% 증가 마나 재생 Rate,
tree_sd,21286:1,15% increased Armour,15% 증가 방어도,
tree_sd,2128:1,10% increased Hazard Area of Effect,10% 증가 Hazard 범위의 효과,
tree_sd,21314:1,10% increased Attack Damage,10% 증가 공격 피해,
tree_sd,21327:1,20% increased maximum Energy Shield if you've consumed a Power Charge Recently,20% 증가 최대 에너지 보호막 if you've consumed a 권능 충전 Recently,
tree_sd,21336:1,12% increased Evasion Rating,12% 증가 회피 Rating,
tree_sd,21336:2,12% increased maximum Energy Shield,12% 증가 최대 에너지 보호막,
tree_sd,21349:1,+5% to Quality of all Skills,+5%에 Quality의 모든 Skills,
tree_sd,2134:1,Immune to Poison,Immune에 독,
tree_sd,21380:1,100% increased Critical Damage Bonus against Enemies that are on Full Life,100% 증가 치명타 피해 보너스 against Enemies that are 시 Full 생명력,
tree_sd,21387:1,+5 to any Attribute,+5에 any 능력치,
tree_sd,2138:1,29% increased Chaos Damage,29% 증가 카오스 피해,
tree_sd,2138:2,20% increased Defences,20% 증가 Defences,
tree_sd,21390:1,20% increased Endurance Charge Duration,20% 증가 인내 충전 지속시간,
tree_sd,21404:1,15% faster start of Energy Shield Recharge,15% faster start의 에너지 보호막 재충전,
tree_sd,21413:1,Inherent Rage loss starts 1 second later,Inherent 격노 loss starts 1 second later,
tree_sd,21415:1,Gain additional Ailment Threshold equal to 8% of maximum Energy Shield,획득 추가 상태 이상 한계값 equal에 8%의 최대 에너지 보호막,
tree_sd,21415:2,Gain additional Stun Threshold equal to 8% of maximum Energy Shield,획득 추가 기절 한계값 equal에 8%의 최대 에너지 보호막,
tree_sd,21438:1,12% increased Armour and Evasion Rating,12% 증가 방어도 및 회피 Rating,
tree_sd,21453:1,Break 60% increased Armour,파괴 60% 증가 방어도,
tree_sd,21453:2,10% chance to Defend with 200% of Armour,10% 확률에 Defend 보유 200%의 방어도,
tree_sd,21468:1,10% increased amount of Life Leeched,10% 증가 amount의 생명력 Leeched,
tree_sd,21495:1,12% increased Elemental Damage with Attacks,12% 증가 원소 피해 보유 공격,
tree_sd,21537:1,+2 to Maximum Frenzy Charges,+2에 최대 격분 충전,
tree_sd,21540:1,3% of Damage taken Recouped as Life,3%의 피해 taken Recouped as 생명력,
tree_sd,21549:1,20% increased Physical Damage,20% 증가 물리 피해,
tree_sd,21567:1,12% increased Spell Damage if you have Shapeshifted to Human form Recently,12% 증가 주문 피해 if you have Shapeshifted에 Human form Recently,
tree_sd,21568:1,+5 to any Attribute,+5에 any 능력치,
tree_sd,21572:1,12% increased Damage with Hits against Enemies affected by Elemental Ailments,12% 증가 피해 보유 명중 against Enemies affected by 원소 상태 이상,
tree_sd,21606:1,Minions have 10% increased maximum Life,소환수 have 10% 증가 최대 생명력,
tree_sd,21627:1,10% increased Magnitude of Bleeding you inflict,10% 증가 Magnitude의 출혈 you inflict,
tree_sd,21670:1,15% increased Stun Buildup,15% 증가 기절 누적,
tree_sd,21684:1,4% increased Block chance,4% 증가 막기 확률,
tree_sd,21684:2,15% increased Defences from Equipped Shield,15% 증가 Defences에서 Equipped 방패,
tree_sd,21713:1,8% increased Accuracy Rating,8% 증가 정확도 Rating,
tree_sd,21716:1,10% increased amount of Life Leeched,10% 증가 amount의 생명력 Leeched,
tree_sd,21721:1,5% chance to inflict Bleeding on Hit,5% 확률에 inflict 출혈 시 명중,
tree_sd,21746:1,+5 to any Attribute,+5에 any 능력치,
tree_sd,21748:1,40% faster Curse Activation,40% faster 저주 Activation,
tree_sd,21748:2,Your Curses have 20% increased Magnitudes if 50% of Curse Duration expired,Your Curses have 20% 증가 Magnitudes if 50%의 저주 지속시간 expired,
tree_sd,2174:1,15% increased Totem Damage,15% 증가 토템 피해,
tree_sd,21755:1,+5 to any Attribute,+5에 any 능력치,
tree_sd,21779:1,15% increased Critical Damage Bonus,15% 증가 치명타 피해 보너스,
tree_sd,21784:1,"5% increased Attack Damage for each Minion in your Presence, up to a maximum of 80%","5% 증가 공격 피해 동안 each 소환수 in your Presence, up에 a 최대의 80%",
tree_sd,21788:1,12% increased Damage with Bows,12% 증가 피해 보유 Bows,
tree_sd,21792:1,Recover 1% of maximum Life on Kill,Recover 1%의 최대 생명력 시 Kill,
tree_sd,21792:2,Recover 1% of maximum Mana on Kill,Recover 1%의 최대 마나 시 Kill,
tree_sd,21809:1,5% increased Skill Effect Duration,5% 증가 Skill 효과 지속시간,
tree_sd,21809:2,12% increased Physical Damage,12% 증가 물리 피해,
tree_sd,21861:1,20% increased Presence Area of Effect,20% 증가 Presence 범위의 효과,
tree_sd,21871:1,16% increased Attack Damage while you have an Ally in your Presence,16% 증가 공격 피해 동안 you have an 동료 in your Presence,
tree_sd,21885:1,10% increased Stun Threshold,10% 증가 기절 한계값,
tree_sd,21885:2,+5 to Strength,+5에 Strength,
tree_sd,21935:1,30% increased maximum Energy Shield,30% 증가 최대 에너지 보호막,
tree_sd,21935:2,4% increased maximum Mana,4% 증가 최대 마나,
tree_sd,21945:1,5% chance to Daze on Hit,5% 확률에 Daze 시 명중,
tree_sd,21982:1,5% chance to inflict Bleeding on Hit,5% 확률에 inflict 출혈 시 명중,
tree_sd,21982:2,Empowered Attacks deal 10% increased Damage,Empowered 공격 deal 10% 증가 피해,
tree_sd,21985:1,10% increased Skill Effect Duration,10% 증가 Skill 효과 지속시간,
tree_sd,2200:1,10% increased Damage,10% 증가 피해,
tree_sd,22045:1,Regenerate 0.2% of maximum Life per second,Regenerate 0.2%의 최대 생명력 per second,
tree_sd,22049:1,10% increased Projectile Damage,10% 증가 투사체 피해,
tree_sd,22057:1,25% increased Defences from Equipped Shield,25% 증가 Defences에서 Equipped 방패,
tree_sd,22063:1,8% increased Cold Damage,8% 증가 냉기 피해,
tree_sd,22063:2,8% increased Freeze Buildup,8% 증가 동결 누적,
tree_sd,22115:1,+8 to Intelligence,+8에 지능,
tree_sd,2211:1,Herald Skills deal 20% increased Damage,Herald Skills deal 20% 증가 피해,
tree_sd,22133:1,Minions have 25% increased Cooldown Recovery Rate for Command Skills,소환수 have 25% 증가 Cooldown Recovery Rate 동안 Command Skills,
tree_sd,22141:1,3% of Damage taken Recouped as Life,3%의 피해 taken Recouped as 생명력,
tree_sd,22152:1,3% increased Cast Speed,3% 증가 시전 속도,
tree_sd,22185:1,Debuffs on you expire 10% faster,Debuffs 시 you expire 10% faster,
tree_sd,22188:1,6% increased Reservation Efficiency of Herald Skills,6% 증가 Reservation 효율의 Herald Skills,
tree_sd,22208:1,8% increased Critical Hit Chance for Attacks,8% 증가 치명타 확률 동안 공격,
tree_sd,22208:2,8% increased Accuracy Rating,8% 증가 정확도 Rating,
tree_sd,22219:1,Triggered Spells deal 14% increased Spell Damage,Triggered Spells deal 14% 증가 주문 피해,
tree_sd,22221:1,Minions deal 15% increased Damage,소환수 deal 15% 증가 피해,
tree_sd,22270:1,8% increased Accuracy Rating,8% 증가 정확도 Rating,
tree_sd,22271:1,15% increased chance to Shock,15% 증가 확률에 감전,
tree_sd,22290:1,10% increased Critical Hit Chance for Spells,10% 증가 치명타 확률 동안 Spells,
tree_sd,22314:1,8% increased Elemental Damage,8% 증가 원소 피해,
tree_sd,22329:1,Gain Deflection Rating equal to 6% of Evasion Rating,획득 Deflection Rating equal에 6%의 회피 Rating,
tree_sd,22331:1,Minions have +8% to all Elemental Resistances,소환수 have +8%에 모든 원소 저항,
tree_sd,22359:1,10% increased Elemental Damage,10% 증가 원소 피해,
tree_sd,22368:1,Companions have 12% increased maximum Life,Companions have 12% 증가 최대 생명력,
tree_sd,22368:2,10% increased Defences while your Companion is in your Presence,10% 증가 Defences 동안 your 동료 is in your Presence,
tree_sd,22393:1,Minions deal 10% increased Damage,소환수 deal 10% 증가 피해,
tree_sd,22419:1,+5 to any Attribute,+5에 any 능력치,
tree_sd,22439:1,10% increased Elemental Damage,10% 증가 원소 피해,
tree_sd,2244:1,5% chance to Gain Arcane Surge when you deal a Critical Hit,5% 확률에 획득 Arcane Surge when you deal a 치명타 명중,
tree_sd,22484:1,Spells Cast by Totems have 4% increased Cast Speed,Spells 시전 by Totems have 4% 증가 시전 속도,
tree_sd,22517:1,8% chance to Poison on Hit,8% 확률에 독 시 명중,
tree_sd,22532:1,Enemies are Intimidated for 4 seconds when you Immobilise them,Enemies are Intimidated 동안 4 seconds when you Immobilise them,
tree_sd,22533:1,5% increased Cooldown Recovery Rate,5% 증가 Cooldown Recovery Rate,
tree_sd,22538:1,8% reduced Slowing Potency of Debuffs on You,8% 감소 Slowing Potency의 Debuffs 시 You,
tree_sd,22541:1,Grants Skill: Fire Spell on Hit,Grants Skill: 화염 주문 시 명중,
tree_sd,2254:1,30% increased maximum Energy Shield,30% 증가 최대 에너지 보호막,
tree_sd,2254:2,+10 to Intelligence,+10에 지능,
tree_sd,22556:1,30% increased Evasion Rating while Surrounded,30% 증가 회피 Rating 동안 포위,
tree_sd,22558:1,+5 to any Attribute,+5에 any 능력치,
tree_sd,22565:1,Gain Deflection Rating equal to 6% of Evasion Rating,획득 Deflection Rating equal에 6%의 회피 Rating,
tree_sd,22616:1,+5 to any Attribute,+5에 any 능력치,
tree_sd,22626:1,100% increased Armour Break Duration,100% 증가 방어도 파괴 지속시간,
tree_sd,22661:1,3% increased Movement Speed,3% 증가 이동 속도,
tree_sd,22682:1,6% chance for Spell Skills to fire 2 additional Projectiles,6% 확률 동안 주문 Skills에 화염 2 추가 투사체,
tree_sd,22691:1,15% faster start of Energy Shield Recharge,15% faster start의 에너지 보호막 재충전,
tree_sd,22697:1,+5% to Lightning Resistance,+5%에 번개 저항,
tree_sd,22710:1,20% increased Curse Duration,20% 증가 저주 지속시간,
tree_sd,22713:1,10% increased Cold Damage,10% 증가 냉기 피해,
tree_sd,22783:1,Minions deal 10% increased Damage,소환수 deal 10% 증가 피해,
tree_sd,22784:1,10% reduced effect of Shock on you,10% 감소 효과의 감전 시 you,
tree_sd,22795:1,10% increased Projectile Damage,10% 증가 투사체 피해,
tree_sd,22811:1,Gain Deflection Rating equal to 10% of Evasion Rating,획득 Deflection Rating equal에 10%의 회피 Rating,
tree_sd,22811:2,40% increased Evasion Rating while moving,40% 증가 회피 Rating 동안 moving,
tree_sd,22811:3,+10 to Dexterity,+10에 Dexterity,
tree_sd,22817:1,10% chance for Attack Hits to apply ten Incision,10% 확률 동안 공격 명중에 apply ten Incision,
tree_sd,22821:1,10% increased Elemental Damage,10% 증가 원소 피해,
tree_sd,22851:1,8% increased Cold Damage,8% 증가 냉기 피해,
tree_sd,22851:2,8% increased Lightning Damage,8% 증가 번개 피해,
tree_sd,22864:1,20% increased Critical Hit Chance for Attacks,20% 증가 치명타 확률 동안 공격,
tree_sd,22864:2,30% increased Magnitude of Non-Damaging Ailments you inflict with Critical Hits,30% 증가 Magnitude의 Non-Damaging 상태 이상 you inflict 보유 치명타,
tree_sd,22873:1,Damage Penetrates 4% of Enemy Elemental Resistances,피해 Penetrates 4%의 Enemy 원소 저항,
tree_sd,22908:1,Body Armour grants 30% increased Spirit,Body 방어도 grants 30% 증가 정신력,
tree_sd,22909:1,Gain additional Ailment Threshold equal to 8% of maximum Energy Shield,획득 추가 상태 이상 한계값 equal에 8%의 최대 에너지 보호막,
tree_sd,22909:2,Gain additional Stun Threshold equal to 8% of maximum Energy Shield,획득 추가 기절 한계값 equal에 8%의 최대 에너지 보호막,
tree_sd,22927:1,6% increased Parried Debuff Magnitude,6% 증가 Parried Debuff Magnitude,
tree_sd,22927:2,8% increased Parried Debuff Duration,8% 증가 Parried Debuff 지속시간,
tree_sd,22928:1,+5 to any Attribute,+5에 any 능력치,
tree_sd,22949:1,Spell Skills have 6% increased Area of Effect,주문 Skills have 6% 증가 범위의 효과,
tree_sd,22962:1,20% chance for Attack Hits to apply Incision,20% 확률 동안 공격 명중에 apply Incision,
tree_sd,22967:1,12% increased Block chance,12% 증가 막기 확률,
tree_sd,22967:2,10 Life gained when you Block,10 생명력 획득 when you 막기,
tree_sd,22967:3,+2% to maximum Block chance,+2%에 최대 막기 확률,
tree_sd,22972:1,16% increased Hazard Damage,16% 증가 Hazard 피해,
tree_sd,22975:1,+5 to any Attribute,+5에 any 능력치,
tree_sd,229:1,Minions have 6% increased maximum Life,소환수 have 6% 증가 최대 생명력,
tree_sd,229:2,Minions deal 6% increased Damage,소환수 deal 6% 증가 피해,
tree_sd,23005:1,Gain 35% Base Chance to Block from Equipped Shield instead of the Shield's value,획득 35% 기본 확률에 막기에서 Equipped 방패 instead의 the Shield's value,
tree_sd,23036:1,25% increased Attack Damage while Surrounded,25% 증가 공격 피해 동안 포위,
tree_sd,23040:1,15% increased Critical Damage Bonus,15% 증가 치명타 피해 보너스,
tree_sd,23046:1,15% faster start of Energy Shield Recharge,15% faster start의 에너지 보호막 재충전,
tree_sd,23062:1,20% increased Armour if you've consumed an Endurance Charge Recently,20% 증가 방어도 if you've consumed an 인내 충전 Recently,
tree_sd,23078:1,Minions have 25% increased maximum Life,소환수 have 25% 증가 최대 생명력,
tree_sd,23078:2,10% increased Block chance,10% 증가 막기 확률,
tree_sd,23091:1,12% increased Fire Damage,12% 증가 화염 피해,
tree_sd,23153:1,15% increased Ballista damage,15% 증가 Ballista 피해,
tree_sd,23192:1,5% increased Block chance,5% 증가 막기 확률,
tree_sd,23195:1,10% increased Life Regeneration rate,10% 증가 생명력 재생 rate,
tree_sd,23195:2,10% increased Mana Regeneration Rate,10% 증가 마나 재생 Rate,
tree_sd,23221:1,Projectiles have 15% chance to Chain an additional time from terrain,투사체 have 15% 확률에 연쇄 an 추가 time에서 terrain,
tree_sd,23227:1,30% increased Melee Damage when on Full Life,30% 증가 근접 피해 when 시 Full 생명력,
tree_sd,23227:2,16% increased Attack Speed if you haven't Attacked Recently,16% 증가 공격 속도 if you haven't Attacked Recently,
tree_sd,23244:1,Recover 1% of maximum Life on Kill,Recover 1%의 최대 생명력 시 Kill,
tree_sd,23244:2,Recover 1% of maximum Mana on Kill,Recover 1%의 최대 마나 시 Kill,
tree_sd,23244:3,25% increased Culling Strike Threshold,25% 증가 Culling Strike 한계값,
tree_sd,23253:1,15% increased Evasion Rating,15% 증가 회피 Rating,
tree_sd,23259:1,10% increased Critical Hit Chance for Attacks,10% 증가 치명타 확률 동안 공격,
tree_sd,23265:1,Grants Skill: Kelari's Deception,Grants Skill: Kelari's Deception,
tree_sd,23305:1,Mark Skills have 10% increased Use Speed,징표 Skills have 10% 증가 사용 속도,
tree_sd,23307:1,+5 to any Attribute,+5에 any 능력치,
tree_sd,23331:1,Damage Penetrates 6% Fire Resistance,피해 Penetrates 6% 화염 저항,
tree_sd,23343:1,10% increased Life Recovery from Flasks,10% 증가 생명력 Recovery에서 Flasks,
tree_sd,2334:1,+8 to Dexterity,+8에 Dexterity,
tree_sd,23352:1,"Cursed Enemies killed by you, or by Allies in your Presence, have a 33% chance to explode, dealing a quarter of their maximum Life as Chaos damage","Cursed Enemies killed by you, or by 동료 in your Presence, have a 33% 확률에 explode, dealing a quarter의 their 최대 생명력 as 카오스 피해",
tree_sd,2335:1,20% increased Spell Damage,20% 증가 주문 피해,
tree_sd,2335:2,15% increased Projectile Speed for Spell Skills,15% 증가 투사체 속도 동안 주문 Skills,
tree_sd,23360:1,8% increased Attack Damage while moving,8% 증가 공격 피해 동안 moving,
tree_sd,23360:2,2% reduced Movement Speed Penalty from using Skills while moving,2% 감소 이동 속도 Penalty에서 using Skills 동안 moving,
tree_sd,23362:1,25% reduced Effect of Chill on you,25% 감소 효과의 냉각 시 you,
tree_sd,23362:2,Unaffected by Chill during Dodge Roll,Unaffected by 냉각 during Dodge Roll,
tree_sd,23364:1,9% increased Presence Area of Effect,9% 증가 Presence 범위의 효과,
tree_sd,23364:2,3% increased Area of Effect,3% 증가 범위의 효과,
tree_sd,2336:1,15% increased effect of Arcane Surge on you,15% 증가 효과의 Arcane Surge 시 you,
tree_sd,23373:1,12% increased Grenade Damage,12% 증가 수류탄 피해,
tree_sd,23374:1,8% chance to Poison on Hit,8% 확률에 독 시 명중,
tree_sd,23382:1,+5 to any Attribute,+5에 any 능력치,
tree_sd,23415:1,15% increased Evasion Rating,15% 증가 회피 Rating,
tree_sd,23415:2,15% increased maximum Energy Shield,15% 증가 최대 에너지 보호막,
tree_sd,23416:1,10% of Spell Damage Leeched as Life,10%의 주문 피해 Leeched as 생명력,
tree_sd,23419:1,15% increased Glory generation,15% 증가 Glory generation,
tree_sd,23427:1,20% increased Chill Duration on Enemies,20% 증가 냉각 지속시간 시 Enemies,
tree_sd,23427:2,30% increased Magnitude of Chill you inflict,30% 증가 Magnitude의 냉각 you inflict,
tree_sd,23428:1,12% increased Grenade Damage,12% 증가 수류탄 피해,
tree_sd,23436:1,15% increased Critical Damage Bonus,15% 증가 치명타 피해 보너스,
tree_sd,23436:2,10% increased Archon Buff duration,10% 증가 Archon Buff 지속시간,
tree_sd,2344:1,Hits have 15% chance to treat Enemy Monster Elemental Resistance values as inverted,명중 have 15% 확률에 treat Enemy Monster 원소 저항 values as inverted,
tree_sd,23450:1,12% increased Fire Damage,12% 증가 화염 피해,
tree_sd,23455:1,10% increased Cold Damage,10% 증가 냉기 피해,
tree_sd,23508:1,Benefits from consuming Frenzy Charges for your Skills have 50% chance to be doubled,Benefits에서 consuming 격분 충전 동안 your Skills have 50% 확률에 be doubled,
tree_sd,23570:1,+5 to any Attribute,+5에 any 능력치,
tree_sd,23587:1,Gain 10% of Damage as Extra Cold Damage,획득 10%의 피해 as Extra 냉기 피해,
tree_sd,23587:2,On Freezing Enemies create Chilled Ground,On Freezing Enemies create Chilled Ground,
tree_sd,23608:1,10% increased Magnitude of Poison you inflict,10% 증가 Magnitude의 독 you inflict,
tree_sd,2361:1,20% increased Knockback Distance,20% 증가 Knockback Distance,
tree_sd,2361:2,20% increased Stun Buildup with Quarterstaves,20% 증가 기절 누적 보유 Quarterstaves,
tree_sd,23630:1,Ignites you cause are reflected back to you,Ignites you cause are reflected back에 you,
tree_sd,23630:2,40% reduced Magnitude of Ignite on you,40% 감소 Magnitude의 점화 시 you,
tree_sd,23650:1,15% increased Life Regeneration Rate while on Low Life,15% 증가 생명력 재생 Rate 동안 시 Low 생명력,
tree_sd,23667:1,16% increased Totem Life,16% 증가 토템 생명력,
tree_sd,23702:1,3% increased Attack Speed,3% 증가 공격 속도,
tree_sd,23708:1,30% increased Armour while Bleeding,30% 증가 방어도 동안 출혈,
tree_sd,23724:1,10% increased Lightning Damage,10% 증가 번개 피해,
tree_sd,23736:1,20% reduced Accuracy Rating while moving,20% 감소 정확도 Rating 동안 moving,
tree_sd,23736:2,50% increased Attack Damage while moving,50% 증가 공격 피해 동안 moving,
tree_sd,23736:3,5% reduced Movement Speed Penalty from using Skills while moving,5% 감소 이동 속도 Penalty에서 using Skills 동안 moving,
tree_sd,23738:1,Gain 8% of Physical Damage as extra Chaos Damage,획득 8%의 물리 피해 as extra 카오스 피해,
tree_sd,23764:1,25% increased Mana Regeneration Rate if you have Shocked an Enemy Recently,25% 증가 마나 재생 Rate if you have Shocked an Enemy Recently,
tree_sd,23764:2,20% increased Magnitude of Shock you inflict,20% 증가 Magnitude의 감전 you inflict,
tree_sd,23786:1,15% increased Magnitude of Bleeding you inflict with Critical Hits,15% 증가 Magnitude의 출혈 you inflict 보유 치명타,
tree_sd,23797:1,10% increased Armour,10% 증가 방어도,
tree_sd,23797:2,+10% of Armour also applies to Lightning Damage,+10%의 방어도 also applies에 번개 피해,
tree_sd,23822:1,3% of Damage taken Recouped as Life,3%의 피해 taken Recouped as 생명력,
tree_sd,23825:1,10% increased Life Regeneration rate,10% 증가 생명력 재생 rate,
tree_sd,23839:1,4% reduced Flask Charges used from Mana Flasks,4% 감소 플라스크 충전 used에서 마나 Flasks,
tree_sd,23861:1,10% increased Stun Buildup,10% 증가 기절 누적,
tree_sd,23861:2,10% increased Damage with Two Handed Weapons,10% 증가 피해 보유 Two Handed Weapons,
tree_sd,23880:1,3% increased maximum Mana,3% 증가 최대 마나,
tree_sd,23888:1,12% increased Armour and Evasion Rating,12% 증가 방어도 및 회피 Rating,
tree_sd,23905:1,15% increased Magnitude of Shock you inflict,15% 증가 Magnitude의 감전 you inflict,
tree_sd,23915:1,15% increased Critical Damage Bonus,15% 증가 치명타 피해 보너스,
tree_sd,23930:1,10% increased Elemental Damage,10% 증가 원소 피해,
tree_sd,23932:1,5% increased Attack Speed with Bows,5% 증가 공격 속도 보유 Bows,
tree_sd,23939:1,"3% of Damage Taken Recouped as Life, Mana and Energy Shield","3%의 피해 Taken Recouped as 생명력, 마나 및 에너지 보호막",
tree_sd,23940:1,Increases and Reductions to Armour also apply to Energy Shield,Increases 및 Reductions에 방어도 also apply에 에너지 보호막,
tree_sd,23940:2,Recharge Rate at 40% of their value,재충전 Rate at 40%의 their value,
tree_sd,2394:1,6% increased Attack Speed while Dual Wielding,6% 증가 공격 속도 동안 Dual Wielding,
tree_sd,2394:2,15% increased Attack Critical Hit Chance while Dual Wielding,15% 증가 공격 치명타 확률 동안 Dual Wielding,
tree_sd,23961:1,8% increased Elemental Ailment Threshold,8% 증가 원소 상태 이상 한계값,
tree_sd,23961:2,Companions have +12% to all Elemental Resistances,Companions have +12%에 모든 원소 저항,
tree_sd,2397:1,25% increased Attack Damage if you have been Heavy Stunned Recently,25% 증가 공격 피해 if you have been Heavy Stunned Recently,
tree_sd,2397:2,25% increased Attack Damage while you have no Life Flask uses left,25% 증가 공격 피해 동안 you have no 생명력 플라스크 uses left,
tree_sd,2397:3,25% increased Attack Damage while Surrounded,25% 증가 공격 피해 동안 포위,
tree_sd,2397:4,25% increased Attack Damage while on Low Life,25% 증가 공격 피해 동안 시 Low 생명력,
tree_sd,23993:1,12% increased Physical Damage,12% 증가 물리 피해,
tree_sd,23996:1,15% increased Ballista damage,15% 증가 Ballista 피해,
tree_sd,24009:1,12% increased Armour and Evasion Rating,12% 증가 방어도 및 회피 Rating,
tree_sd,24035:1,10% increased Elemental Damage,10% 증가 원소 피해,
tree_sd,24039:1,Reserves 25% of Life,Reserves 25%의 생명력,
tree_sd,24039:2,+1 to Maximum Energy Shield per 8 Maximum Life,+1에 최대 에너지 보호막 per 8 최대 생명력,
tree_sd,24045:1,10% increased Mana Recovery from Flasks,10% 증가 마나 Recovery에서 Flasks,
tree_sd,24060:1,Skills have 5% chance to not remove Elemental Infusions but still count as consuming them,Skills have 5% 확률에 not remove 원소 Infusions but still count as consuming them,
tree_sd,24062:1,10% increased Energy Shield Recharge Rate,10% 증가 에너지 보호막 재충전 Rate,
tree_sd,24062:2,Recover 2% of maximum Life on Kill,Recover 2%의 최대 생명력 시 Kill,
tree_sd,24062:3,+10 to Intelligence,+10에 지능,
tree_sd,24070:1,+8 to Dexterity,+8에 Dexterity,
tree_sd,24087:1,Skills have 10% chance to not remove Elemental Infusions but still count as consuming them,Skills have 10% 확률에 not remove 원소 Infusions but still count as consuming them,
tree_sd,2408:1,+5 to any Attribute,+5에 any 능력치,
tree_sd,24120:1,18% increased Mana Regeneration Rate,18% 증가 마나 재생 Rate,
tree_sd,24120:2,25% increased Mana Cost Efficiency while on Low Mana,25% 증가 마나 Cost 효율 동안 시 Low 마나,
tree_sd,24135:1,12% increased Critical Hit Chance,12% 증가 치명타 확률,
tree_sd,24150:1,3% chance to gain Volatility on Kill,3% 확률에 획득 Volatility 시 Kill,
tree_sd,24165:1,+5 to any Attribute,+5에 any 능력치,
tree_sd,24178:1,12% increased Damage while your Companion is in your Presence,12% 증가 피해 동안 your 동료 is in your Presence,
tree_sd,24210:1,20% increased Frenzy Charge Duration,20% 증가 격분 충전 지속시간,
tree_sd,24226:1,Apply 10 Critical Weakness to Enemies when Consuming a Mark on them,Apply 10 치명타 Weakness에 Enemies when Consuming a 징표 시 them,
tree_sd,24239:1,Gain 5 Life per enemy killed,획득 5 생명력 per enemy killed,
tree_sd,24240:1,Debuffs you inflict have 10% increased Slow Magnitude,Debuffs you inflict have 10% 증가 Slow Magnitude,
tree_sd,24240:2,Debuffs on you expire 20% faster,Debuffs 시 you expire 20% faster,
tree_sd,24256:1,15% increased Evasion Rating,15% 증가 회피 Rating,
tree_sd,24259:1,Attacks used by Totems have 4% increased Attack Speed,공격 used by Totems have 4% 증가 공격 속도,
tree_sd,24287:1,+5 to any Attribute,+5에 any 능력치,
tree_sd,24295:1,25% increased Frenzy Charge Duration,25% 증가 격분 충전 지속시간,
tree_sd,24325:1,5% increased Life Regeneration rate,5% 증가 생명력 재생 rate,
tree_sd,24325:2,10% increased Presence Area of Effect,10% 증가 Presence 범위의 효과,
tree_sd,24338:1,12% increased Damage with Hits against Enemies affected by Elemental Ailments,12% 증가 피해 보유 명중 against Enemies affected by 원소 상태 이상,
tree_sd,24339:1,10% increased Life Recovery from Flasks,10% 증가 생명력 Recovery에서 Flasks,
tree_sd,24368:1,15% increased Ballista damage,15% 증가 Ballista 피해,
tree_sd,24401:1,10% increased Poison Duration,10% 증가 독 지속시간,
tree_sd,24420:1,10% increased Critical Hit Chance,10% 증가 치명타 확률,
tree_sd,24430:1,10% increased Elemental Damage,10% 증가 원소 피해,
tree_sd,24438:1,Totems gain +20% to all Elemental Resistances,Totems 획득 +20%에 모든 원소 저항,
tree_sd,24438:2,Totems have 20% additional Physical Damage Reduction,Totems have 20% 추가 물리 피해 Reduction,
tree_sd,2446:1,10% increased Elemental Damage,10% 증가 원소 피해,
tree_sd,24475:1,+7% to Chaos Resistance,+7%에 카오스 저항,
tree_sd,24477:1,10% increased Stun Threshold,10% 증가 기절 한계값,
tree_sd,24477:2,+5 to Strength,+5에 Strength,
tree_sd,24483:1,35% increased Critical Hit Chance against Enemies that are affected,35% 증가 치명타 확률 against Enemies that are affected,
tree_sd,24483:2,by no Elemental Ailments,by no 원소 상태 이상,
tree_sd,24491:1,Invocated Spells have 40% chance to consume half as much Energy,Invocated Spells have 40% 확률에 consume half as much 에너지,
tree_sd,244:1,16% increased Attack Damage against Rare or Unique Enemies,16% 증가 공격 피해 against Rare or Unique Enemies,
tree_sd,24511:1,+3 to all Attributes,+3에 모든 능력치,
tree_sd,2455:1,8% increased Projectile Damage,8% 증가 투사체 피해,
tree_sd,24570:1,Enemies Blinded by you have 15% reduced Critical Hit Chance,Enemies 실명 by you have 15% 감소 치명타 확률,
tree_sd,24630:1,80% increased Flammability Magnitude,80% 증가 Flammability Magnitude,
tree_sd,24630:2,40% increased Damage with Hits against Ignited Enemies,40% 증가 피해 보유 명중 against Ignited Enemies,
tree_sd,24646:1,+12 to Strength,+12에 Strength,
tree_sd,24647:1,+5 to any Attribute,+5에 any 능력치,
tree_sd,24655:1,Damage Penetrates 15% Fire Resistance,피해 Penetrates 15% 화염 저항,
tree_sd,24655:2,+10 to Strength,+10에 Strength,
tree_sd,24656:1,15% increased Evasion Rating while Sprinting,15% 증가 회피 Rating 동안 Sprinting,
tree_sd,24656:2,2% increased Movement Speed while Sprinting,2% 증가 이동 속도 동안 Sprinting,
tree_sd,24696:1,20% increased Totem Damage,20% 증가 토템 피해,
tree_sd,24748:1,15% increased Evasion Rating,15% 증가 회피 Rating,
tree_sd,24753:1,30% increased Accuracy Rating at Close Range,30% 증가 정확도 Rating at Close Range,
tree_sd,24753:2,+10 to Dexterity,+10에 Dexterity,
tree_sd,24764:1,10% chance when collecting an Elemental Infusion to gain an,10% 확률 when collecting an 원소 Infusion에 획득 an,
tree_sd,24764:2,additional Elemental Infusion of the same type,추가 원소 Infusion의 the same type,
tree_sd,24766:1,50% increased Surrounded Area of Effect,50% 증가 포위 범위의 효과,
tree_sd,24767:1,40% increased Energy Shield from Equipped Focus,40% 증가 에너지 보호막에서 Equipped 집중구,
tree_sd,24786:1,+5 to any Attribute,+5에 any 능력치,
tree_sd,24801:1,10% increased Presence Area of Effect,10% 증가 Presence 범위의 효과,
tree_sd,24801:2,6% increased Attack Damage,6% 증가 공격 피해,
tree_sd,24807:1,50% more Armour from Equipped Body Armour,50% more 방어도에서 Equipped Body 방어도,
tree_sd,24812:1,20% increased Power Charge Duration,20% 증가 권능 충전 지속시간,
tree_sd,24813:1,6% increased Area of Effect for Attacks,6% 증가 범위의 효과 동안 공격,
tree_sd,24825:1,+5 to any Attribute,+5에 any 능력치,
tree_sd,24843:1,25% increased Evasion Rating while Parrying,25% 증가 회피 Rating 동안 Parrying,
tree_sd,24868:1,Your speed is unaffected by Slows,Your 속도 is unaffected by Slows,
tree_sd,2486:1,Damage with Hits is Lucky against Enemies that are on Low Life,피해 보유 명중 is Lucky against Enemies that are 시 Low 생명력,
tree_sd,24871:1,3% increased Attack Speed with One Handed Weapons,3% 증가 공격 속도 보유 One Handed Weapons,
tree_sd,24880:1,3% increased Attack Speed,3% 증가 공격 속도,
tree_sd,24883:1,4% increased Area of Effect for Attacks,4% 증가 범위의 효과 동안 공격,
tree_sd,24883:2,5% Chance to build an additional Combo on Hit,5% 확률에 build an 추가 Combo 시 명중,
tree_sd,24922:1,+5 to any Attribute,+5에 any 능력치,
tree_sd,24958:1,+5 to any Attribute,+5에 any 능력치,
tree_sd,24993:1,21% increased Chaos Damage,21% 증가 카오스 피해,
tree_sd,24993:2,11% increased Life Cost of Skills,11% 증가 생명력 Cost의 Skills,
tree_sd,24993:3,3% of Skill Mana Costs Converted to Life Costs,3%의 Skill 마나 Costs Converted에 생명력 Costs,
tree_sd,2500:1,8% chance to Poison on Hit,8% 확률에 독 시 명중,
tree_sd,25014:1,16% increased Warcry Speed,16% 증가 Warcry 속도,
tree_sd,25026:1,10% increased Mana Regeneration Rate,10% 증가 마나 재생 Rate,
tree_sd,25055:1,2% increased Movement Speed,2% 증가 이동 속도,
tree_sd,25055:2,8% increased Attack Damage,8% 증가 공격 피해,
tree_sd,25058:1,"2% chance that if you would gain Frenzy Charges, you instead gain up to your maximum number of Frenzy Charges","2% 확률 that if you would 획득 격분 충전, you instead 획득 up에 your 최대 number의 격분 충전",
tree_sd,25070:1,6% increased Area of Effect for Attacks,6% 증가 범위의 효과 동안 공격,
tree_sd,2508:1,3% of Damage taken Recouped as Life,3%의 피해 taken Recouped as 생명력,
tree_sd,25092:1,Hits against you have 12% reduced Critical Damage Bonus,명중 against you have 12% 감소 치명타 피해 보너스,
tree_sd,25100:1,Cannot use Charms,Cannot 사용 Charms,
tree_sd,25100:2,30% more Recovery from Flasks,30% more Recovery에서 Flasks,
tree_sd,25101:1,10% increased Exposure Effect,10% 증가 Exposure 효과,
tree_sd,2511:1,25% increased Critical Damage Bonus for Attack Damage,25% 증가 치명타 피해 보너스 동안 공격 피해,
tree_sd,2511:2,+25% to Critical Damage Bonus against Stunned Enemies,+25%에 치명타 피해 보너스 against Stunned Enemies,
tree_sd,25162:1,6% increased Area of Effect for Attacks,6% 증가 범위의 효과 동안 공격,
tree_sd,2516:1,Spells consume a Power Charge if able to deal 40% more Damage,Spells consume a 권능 충전 if able에 deal 40% more 피해,
tree_sd,25170:1,8% increased Attack Damage,8% 증가 공격 피해,
tree_sd,25170:2,8% increased Skill Effect Duration,8% 증가 Skill 효과 지속시간,
tree_sd,25172:1,6% increased Cooldown Recovery Rate,6% 증가 Cooldown Recovery Rate,
tree_sd,25211:1,Debuffs on you expire 25% faster,Debuffs 시 you expire 25% faster,
tree_sd,25213:1,16% increased Attack Damage while you have an Ally in your Presence,16% 증가 공격 피해 동안 you have an 동료 in your Presence,
tree_sd,25229:1,20% increased Endurance Charge Duration,20% 증가 인내 충전 지속시간,
tree_sd,25239:1,Grants Skill: Demon Form,Grants Skill: 악마 Form,
tree_sd,25300:1,Break 20% increased Armour,파괴 20% 증가 방어도,
tree_sd,25303:1,Minions have +3% to Maximum Fire Resistances,소환수 have +3%에 최대 화염 저항s,
tree_sd,25303:2,Minions have +20% to Fire Resistance,소환수 have +20%에 화염 저항,
tree_sd,25304:1,Meta Skills gain 8% increased Energy,Meta Skills 획득 8% 증가 에너지,
tree_sd,25312:1,15% increased Totem Damage,15% 증가 토템 피해,
tree_sd,25315:1,10% increased Armour,10% 증가 방어도,
tree_sd,25315:2,+10% of Armour also applies to Cold Damage,+10%의 방어도 also applies에 냉기 피해,
tree_sd,25337:1,10% chance to Poison on Hit,10% 확률에 독 시 명중,
tree_sd,25361:1,18% increased Area of Effect for Attacks,18% 증가 범위의 효과 동안 공격,
tree_sd,25361:2,20% reduced Critical Hit Chance,20% 감소 치명타 확률,
tree_sd,25362:1,20% increased Attack Damage,20% 증가 공격 피해,
tree_sd,25362:2,"Skills deal 8% increased Damage per Combo consumed, up to 40%","Skills deal 8% 증가 피해 per Combo consumed, up에 40%",
tree_sd,25363:1,Gain additional Ailment Threshold equal to 8% of maximum Energy Shield,획득 추가 상태 이상 한계값 equal에 8%의 최대 에너지 보호막,
tree_sd,25363:2,Gain additional Stun Threshold equal to 8% of maximum Energy Shield,획득 추가 기절 한계값 equal에 8%의 최대 에너지 보호막,
tree_sd,25374:1,+5 to any Attribute,+5에 any 능력치,
tree_sd,25429:1,16% increased Skill Effect Duration,16% 증가 Skill 효과 지속시간,
tree_sd,25429:2,16% increased Stun Threshold,16% 증가 기절 한계값,
tree_sd,25434:1,15% increased Magnitude of Chill you inflict,15% 증가 Magnitude의 냉각 you inflict,
tree_sd,25438:1,Body Armour grants Unaffected by Damaging Ailments,Body 방어도 grants Unaffected by Damaging 상태 이상,
tree_sd,25458:1,Hits against you have 5% reduced Critical Damage Bonus,명중 against you have 5% 감소 치명타 피해 보너스,
tree_sd,25458:2,+5 to Strength,+5에 Strength,
tree_sd,25482:1,+25 to Strength,+25에 Strength,
tree_sd,25503:1,10% increased Mana Regeneration Rate,10% 증가 마나 재생 Rate,
tree_sd,25513:1,5% reduced Attack Speed,5% 감소 공격 속도,
tree_sd,25513:2,20% increased Stun Buildup,20% 증가 기절 누적,
tree_sd,25513:3,40% increased Damage with Two Handed Weapons,40% 증가 피해 보유 Two Handed Weapons,
tree_sd,25520:1,Gain Power Charges instead of Frenzy Charges,획득 권능 충전 instead의 격분 충전,
tree_sd,25520:2,Gain Frenzy Charges instead of Endurance Charges,획득 격분 충전 instead의 인내 충전,
tree_sd,25520:3,Gain Endurance Charges instead of Power Charges,획득 인내 충전 instead의 권능 충전,
tree_sd,25557:1,+5 to any Attribute,+5에 any 능력치,
tree_sd,25565:1,12% increased Lightning Damage,12% 증가 번개 피해,
tree_sd,25570:1,12% increased Damage,12% 증가 피해,
tree_sd,25586:1,16% increased Critical Damage Bonus with Bows,16% 증가 치명타 피해 보너스 보유 Bows,
tree_sd,25591:1,10% increased Armour,10% 증가 방어도,
tree_sd,25591:2,+10% of Armour also applies to Cold Damage,+10%의 방어도 also applies에 냉기 피해,
tree_sd,25594:1,Offerings have 15% increased Maximum Life,Offerings have 15% 증가 최대 생명력,
tree_sd,2559:1,10% increased Flask Charges gained,10% 증가 플라스크 충전 획득,
tree_sd,2560:1,Gain Deflection Rating equal to 6% of Evasion Rating,획득 Deflection Rating equal에 6%의 회피 Rating,
tree_sd,25618:1,12% increased Critical Hit Chance for Spells,12% 증가 치명타 확률 동안 Spells,
tree_sd,25619:1,10% increased Attack Speed,10% 증가 공격 속도,
tree_sd,25619:2,15% chance to Blind Enemies on Hit with Attacks,15% 확률에 Blind Enemies 시 명중 보유 공격,
tree_sd,25620:1,15% chance to not destroy Corpses when Consuming Corpses,15% 확률에 not destroy Corpses when Consuming Corpses,
tree_sd,25653:1,Grants Skill: Kelari's Judgment,Grants Skill: Kelari's Judgment,
tree_sd,25678:1,21% increased Chaos Damage,21% 증가 카오스 피해,
tree_sd,25678:2,11% increased Life Cost of Skills,11% 증가 생명력 Cost의 Skills,
tree_sd,25678:3,3% of Skill Mana Costs Converted to Life Costs,3%의 Skill 마나 Costs Converted에 생명력 Costs,
tree_sd,25683:1,Grants Skill: Ruzhan's Reckoning,Grants Skill: Ruzhan's Reckoning,
tree_sd,25700:1,10% increased chance to Shock,10% 증가 확률에 감전,
tree_sd,25700:2,8% increased Elemental Damage,8% 증가 원소 피해,
tree_sd,25711:1,20% increased Attack Speed while Surrounded,20% 증가 공격 속도 동안 포위,
tree_sd,25729:1,3% increased Cast Speed,3% 증가 시전 속도,
tree_sd,25745:1,12% increased Armour,12% 증가 방어도,
tree_sd,25745:2,12% increased maximum Energy Shield,12% 증가 최대 에너지 보호막,
tree_sd,25753:1,16% increased Fire Damage,16% 증가 화염 피해,
tree_sd,25753:2,30% increased Flammability Magnitude,30% 증가 Flammability Magnitude,
tree_sd,25753:3,16% increased Attack Damage,16% 증가 공격 피해,
tree_sd,2575:1,30% increased Totem Placement speed,30% 증가 토템 Placement 속도,
tree_sd,2575:2,8% increased Attack and Cast Speed if you've summoned a Totem Recently,8% 증가 공격 및 시전 속도 if you've summoned a 토템 Recently,
tree_sd,25763:1,10% increased Fire Damage,10% 증가 화염 피해,
tree_sd,25779:1,10% increased maximum Darkness,10% 증가 최대 Darkness,
tree_sd,25781:1,Leech recovers based on Chaos Damage as well as Physical Damage,흡수 recovers based 시 카오스 피해 as well as 물리 피해,
tree_sd,25807:1,15% increased Crossbow Reload Speed,15% 증가 쇠뇌 Reload 속도,
tree_sd,25827:1,4% chance for Spell Skills to fire 2 additional Projectiles,4% 확률 동안 주문 Skills에 화염 2 추가 투사체,
tree_sd,25829:1,6% increased Spell Damage,6% 증가 주문 피해,
tree_sd,25829:2,2% increased Cast Speed,2% 증가 시전 속도,
tree_sd,2582:1,+5 to any Attribute,+5에 any 능력치,
tree_sd,25851:1,5% chance to Daze on Hit,5% 확률에 Daze 시 명중,
tree_sd,25885:1,Gain 4% of Damage as Extra Chaos Damage,획득 4%의 피해 as Extra 카오스 피해,
tree_sd,25890:1,Recover 2% of maximum Mana when you consume a Power Charge,Recover 2%의 최대 마나 when you consume a 권능 충전,
tree_sd,25893:1,15% increased Energy Shield Recharge Rate,15% 증가 에너지 보호막 재충전 Rate,
tree_sd,25915:1,12% increased Damage while Shapeshifted,12% 증가 피해 동안 Shapeshifted,
tree_sd,25927:1,Minions deal 20% increased Damage with Command Skills,소환수 deal 20% 증가 피해 보유 Command Skills,
tree_sd,25935:1,6% increased Block chance,6% 증가 막기 확률,
tree_sd,25971:1,4% increased Attack Speed,4% 증가 공격 속도,
tree_sd,25971:2,6% increased Attack Speed if you've been Hit Recently,6% 증가 공격 속도 if you've been 명중 Recently,
tree_sd,25971:3,+10 to Strength,+10에 Strength,
tree_sd,25990:1,8% increased Fire Damage,8% 증가 화염 피해,
tree_sd,25990:2,8% increased Attack Damage,8% 증가 공격 피해,
tree_sd,25992:1,10% increased Accuracy Rating with Bows,10% 증가 정확도 Rating 보유 Bows,
tree_sd,26034:1,12% increased Evasion Rating,12% 증가 회피 Rating,
tree_sd,26034:2,12% increased maximum Energy Shield,12% 증가 최대 에너지 보호막,
tree_sd,26061:1,Gain 15% of maximum Energy Shield as additional Freeze Threshold,획득 15%의 최대 에너지 보호막 as 추가 동결 한계값,
tree_sd,26063:1,12% increased Elemental Damage,12% 증가 원소 피해,
tree_sd,26068:1,10% increased Attack Damage,10% 증가 공격 피해,
tree_sd,2606:1,Minions have 10% increased maximum Life,소환수 have 10% 증가 최대 생명력,
tree_sd,26070:1,Empowered Attacks deal 30% increased Damage,Empowered 공격 deal 30% 증가 피해,
tree_sd,26070:2,Warcry Skills have 30% increased Area of Effect,Warcry Skills have 30% 증가 범위의 효과,
tree_sd,26085:1,"While you are not on Low Mana, you and Allies in your Presence have Unholy Might","While you are not 시 Low 마나, you 및 동료 in your Presence have Unholy Might",
tree_sd,26085:2,Lose 5% of maximum Mana per Second,Lose 5%의 최대 마나 per Second,
tree_sd,26092:1,10% increased Damage with Two Handed Weapons,10% 증가 피해 보유 Two Handed Weapons,
tree_sd,26104:1,20% increased Accuracy Rating while Shapeshifted,20% 증가 정확도 Rating 동안 Shapeshifted,
tree_sd,26104:2,25% increased Elemental Damage while Shapeshifted,25% 증가 원소 피해 동안 Shapeshifted,
tree_sd,26107:1,3% increased Movement Speed,3% 증가 이동 속도,
tree_sd,26107:2,15% increased Projectile Speed,15% 증가 투사체 속도,
tree_sd,26107:3,15% increased Projectile Damage,15% 증가 투사체 피해,
tree_sd,26135:1,8% increased Spell Damage,8% 증가 주문 피해,
tree_sd,26135:2,8% increased Projectile Speed for Spell Skills,8% 증가 투사체 속도 동안 주문 Skills,
tree_sd,26176:1,15% increased Critical Damage Bonus for Attack Damage,15% 증가 치명타 피해 보너스 동안 공격 피해,
tree_sd,26194:1,20% increased Presence Area of Effect,20% 증가 Presence 범위의 효과,
tree_sd,261:1,40% increased Duration of Poisons you inflict against Slowed Enemies,40% 증가 지속시간의 Poisons you inflict against Slowed Enemies,
tree_sd,26211:1,4% increased Area of Effect for Attacks,4% 증가 범위의 효과 동안 공격,
tree_sd,26211:2,5% Chance to build an additional Combo on Hit,5% 확률에 build an 추가 Combo 시 명중,
tree_sd,26228:1,"2% chance that if you would gain Frenzy Charges, you instead gain up to your maximum number of Frenzy Charges","2% 확률 that if you would 획득 격분 충전, you instead 획득 up에 your 최대 number의 격분 충전",
tree_sd,26228:2,+1 to Maximum Frenzy Charges,+1에 최대 격분 충전,
tree_sd,26236:1,Meta Skills gain 8% increased Energy,Meta Skills 획득 8% 증가 에너지,
tree_sd,26268:1,20% increased Curse Duration,20% 증가 저주 지속시간,
tree_sd,26282:1,Bleeding you inflict on Cursed targets is Aggravated,출혈 you inflict 시 Cursed targets is Aggravated,
tree_sd,26282:2,Elemental Damage also Contributes to Bleeding Magnitude,원소 피해 also Contributes에 출혈 Magnitude,
tree_sd,26283:1,Remnants have 50% increased effect,Remnants have 50% 증가 효과,
tree_sd,26283:2,Remnants can be collected from 50% further away,Remnants can be collected에서 50% further away,
tree_sd,26283:3,All Flames of Chayula that you manifest are Blue,모든 화염의 Chayula that you manifest are Blue,
tree_sd,26291:1,25% increased Lightning Damage,25% 증가 번개 피해,
tree_sd,26291:2,15% increased Shock Duration,15% 증가 감전 지속시간,
tree_sd,26300:1,15% increased Critical Damage Bonus,15% 증가 치명타 피해 보너스,
tree_sd,26300:2,10% increased Archon Buff duration,10% 증가 Archon Buff 지속시간,
tree_sd,26308:1,+3 to all Attributes,+3에 모든 능력치,
tree_sd,26319:1,10% increased Critical Hit Chance,10% 증가 치명타 확률,
tree_sd,26324:1,15% increased Armour,15% 증가 방어도,
tree_sd,26331:1,8% increased Cast Speed with Cold Skills,8% 증가 시전 속도 보유 냉기 Skills,
tree_sd,26331:2,16% increased Skill Effect Duration,16% 증가 Skill 효과 지속시간,
tree_sd,26339:1,Melee Attack Skills have +1 to maximum number of Summoned Totems,근접 공격 Skills have +1에 최대 number의 Summoned Totems,
tree_sd,26339:2,20% increased Totem Placement range,20% 증가 토템 Placement range,
tree_sd,26356:1,Detonator skills have 40% increased Area of Effect,Detonator skills have 40% 증가 범위의 효과,
tree_sd,26356:2,Detonator skills have 80% reduced damage,Detonator skills have 80% 감소 피해,
tree_sd,26363:1,10% increased Life Recovery from Flasks,10% 증가 생명력 Recovery에서 Flasks,
tree_sd,26383:1,Base Critical Hit Chance for Spells is 15%,기본 치명타 확률 동안 Spells is 15%,
tree_sd,26400:1,Projectiles deal 15% increased Damage with Hits against Enemies further than 6m,투사체 deal 15% 증가 피해 보유 명중 against Enemies further than 6m,
tree_sd,26416:1,15% increased Life Recovery from Flasks,15% 증가 생명력 Recovery에서 Flasks,
tree_sd,26432:1,+5 to any Attribute,+5에 any 능력치,
tree_sd,26437:1,Break 20% increased Armour,파괴 20% 증가 방어도,
tree_sd,26447:1,30% increased Energy Shield Recharge Rate,30% 증가 에너지 보호막 재충전 Rate,
tree_sd,26447:2,20% increased Mana Regeneration Rate,20% 증가 마나 재생 Rate,
tree_sd,2645:1,20% more Damage against Heavy Stunned Enemies with Maces,20% more 피해 against Heavy Stunned Enemies 보유 Maces,
tree_sd,26479:1,You cannot be Light Stunned if you've been Stunned Recently,You cannot be Light Stunned if you've been Stunned Recently,
tree_sd,26490:1,10% increased Critical Hit Chance with One Handed Melee Weapons,10% 증가 치명타 확률 보유 One Handed 근접 Weapons,
tree_sd,26518:1,25% increased Cold Damage,25% 증가 냉기 피해,
tree_sd,26518:2,15% increased Chill Duration on Enemies,15% 증가 냉각 지속시간 시 Enemies,
tree_sd,26520:1,10% increased amount of Life Leeched,10% 증가 amount의 생명력 Leeched,
tree_sd,26532:1,15% increased Armour,15% 증가 방어도,
tree_sd,2653:1,Channelling Skills deal 8% increased Damage,집중 유지 Skills deal 8% 증가 피해,
tree_sd,2653:2,2% increased Skill Speed with Channelling Skills,2% 증가 Skill 속도 보유 집중 유지 Skills,
tree_sd,26563:1,Physical Spell Critical Hits build Pin,물리 주문 치명타 build Pin,
tree_sd,26565:1,10% increased Poison Duration,10% 증가 독 지속시간,
tree_sd,26568:1,2% increased Attack Speed,2% 증가 공격 속도,
tree_sd,26568:2,4% reduced Slowing Potency of Debuffs on You,4% 감소 Slowing Potency의 Debuffs 시 You,
tree_sd,26572:1,12% increased Critical Hit Chance against Dazed Enemies,12% 증가 치명타 확률 against Dazed Enemies,
tree_sd,26596:1,3% increased Cast Speed,3% 증가 시전 속도,
tree_sd,26598:1,+5 to any Attribute,+5에 any 능력치,
tree_sd,26614:1,Gain additional Ailment Threshold equal to 8% of maximum Energy Shield,획득 추가 상태 이상 한계값 equal에 8%의 최대 에너지 보호막,
tree_sd,26614:2,Gain additional Stun Threshold equal to 8% of maximum Energy Shield,획득 추가 기절 한계값 equal에 8%의 최대 에너지 보호막,
tree_sd,26638:1,Grants Skill: Temporal Rift,Grants Skill: Temporal Rift,
tree_sd,26648:1,Gain Deflection Rating equal to 6% of Evasion Rating,획득 Deflection Rating equal에 6%의 회피 Rating,
tree_sd,26663:1,5% increased Cooldown Recovery Rate,5% 증가 Cooldown Recovery Rate,
tree_sd,26682:1,15% increased Critical Spell Damage Bonus,15% 증가 치명타 주문 피해 보너스,
tree_sd,26726:1,10% increased Stun Buildup,10% 증가 기절 누적,
tree_sd,26726:2,10% increased Knockback Distance,10% 증가 Knockback Distance,
tree_sd,2672:1,15% increased Critical Spell Damage Bonus,15% 증가 치명타 주문 피해 보너스,
tree_sd,26739:1,10% increased Elemental Damage,10% 증가 원소 피해,
tree_sd,26762:1,10% increased Withered Magnitude,10% 증가 Withered Magnitude,
tree_sd,26772:1,Debuffs you inflict have 5% increased Slow Magnitude,Debuffs you inflict have 5% 증가 Slow Magnitude,
tree_sd,26786:1,+5 to any Attribute,+5에 any 능력치,
tree_sd,26798:1,3% increased Skill Speed,3% 증가 Skill 속도,
tree_sd,26804:1,15% increased Damage if you have Consumed a Corpse Recently,15% 증가 피해 if you have Consumed a Corpse Recently,
tree_sd,26830:1,10% increased effect of Fully Broken Armour,10% 증가 효과의 Fully Broken 방어도,
tree_sd,26863:1,Recover 2% of maximum Mana when you consume a Power Charge,Recover 2%의 최대 마나 when you consume a 권능 충전,
tree_sd,26885:1,7% increased Chaos Damage,7% 증가 카오스 피해,
tree_sd,26905:1,12% increased Lightning Damage,12% 증가 번개 피해,
tree_sd,26931:1,Gain 3 Life per enemy killed,획득 3 생명력 per enemy killed,
tree_sd,26932:1,20% increased Frenzy Charge Duration,20% 증가 격분 충전 지속시간,
tree_sd,26945:1,Minions have 20% increased Critical Hit Chance,소환수 have 20% 증가 치명타 확률,
tree_sd,26952:1,20% increased Flammability Magnitude,20% 증가 Flammability Magnitude,
tree_sd,26969:1,10% increased Critical Hit Chance,10% 증가 치명타 확률,
tree_sd,27009:1,50% increased Minion Damage while you have at least two different active Offerings,50% 증가 소환수 피해 동안 you have at least two different active Offerings,
tree_sd,27017:1,+3 to all Attributes,+3에 모든 능력치,
tree_sd,2702:1,12% increased amount of Life Leeched,12% 증가 amount의 생명력 Leeched,
tree_sd,27048:1,Companions have 12% increased maximum Life,Companions have 12% 증가 최대 생명력,
tree_sd,27048:2,10% increased Defences while your Companion is in your Presence,10% 증가 Defences 동안 your 동료 is in your Presence,
tree_sd,27068:1,10% increased Mana Regeneration Rate,10% 증가 마나 재생 Rate,
tree_sd,27082:1,+5 to any Attribute,+5에 any 능력치,
tree_sd,27095:1,15% increased Freeze Buildup,15% 증가 동결 누적,
tree_sd,27096:1,40% increased Totem Placement speed,40% 증가 토템 Placement 속도,
tree_sd,27096:2,Spells Cast by Totems have 6% increased Cast Speed,Spells 시전 by Totems have 6% 증가 시전 속도,
tree_sd,27096:3,Attacks used by Totems have 6% increased Attack Speed,공격 used by Totems have 6% 증가 공격 속도,
tree_sd,270:1,Inherent loss of Rage is 15% slower,Inherent loss의 격노 is 15% slower,
tree_sd,27108:1,Allies in your Presence have 6% increased Attack Speed,동료 in your Presence have 6% 증가 공격 속도,
tree_sd,27108:2,6% increased Attack Speed,6% 증가 공격 속도,
tree_sd,27176:1,20% increased Critical Damage Bonus if you've gained a Power Charge Recently,20% 증가 치명타 피해 보너스 if you've 획득 a 권능 충전 Recently,
tree_sd,27176:2,+1 to Maximum Power Charges,+1에 최대 권능 충전,
tree_sd,27186:1,10% reduced Magnitude of Ignite on you,10% 감소 Magnitude의 점화 시 you,
tree_sd,27216:1,15% faster start of Energy Shield Recharge while Shapeshifted,15% faster start의 에너지 보호막 재충전 동안 Shapeshifted,
tree_sd,27262:1,6% increased chance to inflict Ailments,6% 증가 확률에 inflict 상태 이상,
tree_sd,27262:2,6% increased Magnitude of Damaging Ailments you inflict,6% 증가 Magnitude의 Damaging 상태 이상 you inflict,
tree_sd,27290:1,25% increased Damage with Swords,25% 증가 피해 보유 Swords,
tree_sd,27296:1,+5 to any Attribute,+5에 any 능력치,
tree_sd,27303:1,10% reduced maximum Mana,10% 감소 최대 마나,
tree_sd,27303:2,+10 to Strength,+10에 Strength,
tree_sd,27303:3,30% increased Critical Hit Chance,30% 증가 치명타 확률,
tree_sd,2732:1,8% increased Mana Cost Efficiency,8% 증가 마나 Cost 효율,
tree_sd,27373:1,+5 to any Attribute,+5에 any 능력치,
tree_sd,27388:1,20% increased Mana Regeneration Rate,20% 증가 마나 재생 Rate,
tree_sd,27388:2,10% chance to Gain Arcane Surge when you deal a Critical Hit,10% 확률에 획득 Arcane Surge when you deal a 치명타 명중,
tree_sd,27405:1,6% increased Cooldown Recovery Rate,6% 증가 Cooldown Recovery Rate,
tree_sd,27417:1,25% increased Trap Damage,25% 증가 덫 피해,
tree_sd,27418:1,4% increased Strength,4% 증가 Strength,
tree_sd,27422:1,10% increased Mana Recovery from Flasks,10% 증가 마나 Recovery에서 Flasks,
tree_sd,27434:1,Gain Elemental Archon after spending 100% of your Maximum Mana,획득 원소 Archon after spending 100%의 your 최대 마나,
tree_sd,27439:1,+5 to any Attribute,+5에 any 능력치,
tree_sd,2745:1,25% increased Magnitude of Ailments you inflict against Marked Enemies,25% 증가 Magnitude의 상태 이상 you inflict against Marked Enemies,
tree_sd,2745:2,20% increased Critical Hit Chance against Marked Enemies,20% 증가 치명타 확률 against Marked Enemies,
tree_sd,2745:3,+10 to Dexterity,+10에 Dexterity,
tree_sd,27491:1,40% increased maximum Energy Shield,40% 증가 최대 에너지 보호막,
tree_sd,27491:2,5% of Damage taken bypasses Energy Shield,5%의 피해 taken bypasses 에너지 보호막,
tree_sd,27493:1,10% increased Projectile Damage,10% 증가 투사체 피해,
tree_sd,27501:1,10% increased Life Regeneration rate,10% 증가 생명력 재생 rate,
tree_sd,27513:1,Gain 8% of Damage as Extra Physical Damage,획득 8%의 피해 as Extra 물리 피해,
tree_sd,27513:2,15% increased effect of Fully Broken Armour,15% 증가 효과의 Fully Broken 방어도,
tree_sd,27540:1,10% increased total Power counted by Warcries,10% 증가 total 권능 counted by Warcries,
tree_sd,27572:1,20% increased Chaos Damage,20% 증가 카오스 피해,
tree_sd,27581:1,5% increased Block chance,5% 증가 막기 확률,
tree_sd,27611:1,12% increased Elemental Damage while Shapeshifted,12% 증가 원소 피해 동안 Shapeshifted,
tree_sd,27626:1,40% increased effect of Arcane Surge on you,40% 증가 효과의 Arcane Surge 시 you,
tree_sd,27638:1,15% increased Glory generation,15% 증가 Glory generation,
tree_sd,27658:1,3% of Damage taken Recouped as Life,3%의 피해 taken Recouped as 생명력,
tree_sd,27662:1,6% chance for Spell Skills to fire 2 additional Projectiles,6% 확률 동안 주문 Skills에 화염 2 추가 투사체,
tree_sd,27667:1,Targets Cursed by you have 100% reduced Life Regeneration Rate,Targets Cursed by you have 100% 감소 생명력 재생 Rate,
tree_sd,27667:2,Targets Cursed by you have at least 15% of Life Reserved,Targets Cursed by you have at least 15%의 생명력 Reserved,
tree_sd,27671:1,15% increased Energy Shield Recharge Rate,15% 증가 에너지 보호막 재충전 Rate,
tree_sd,27674:1,15% increased Energy Shield Recharge Rate,15% 증가 에너지 보호막 재충전 Rate,
tree_sd,27686:1,20% increased Energy Shield Recharge Rate,20% 증가 에너지 보호막 재충전 Rate,
tree_sd,27687:1,4% increased Attack Damage per 75 Item Armour and Evasion Rating on Equipped Shield,4% 증가 공격 피해 per 75 Item 방어도 및 회피 Rating 시 Equipped 방패,
tree_sd,27705:1,+5 to any Attribute,+5에 any 능력치,
tree_sd,27726:1,15% increased Armour,15% 증가 방어도,
tree_sd,27740:1,Gain 1 Rage on Melee Hit,획득 1 격노 시 근접 명중,
tree_sd,27761:1,Successfully Parrying a Melee Hit grants 40% increased Damage to your next Ranged Attack,Successfully Parrying a 근접 명중 grants 40% 증가 피해에 your next Ranged 공격,
tree_sd,27761:2,Successfully Parrying a Projectile Hit grants 40% increased Damage to your next Melee Attack,Successfully Parrying a 투사체 명중 grants 40% 증가 피해에 your next 근접 공격,
tree_sd,27785:1,Damage Penetrates 6% Lightning Resistance,피해 Penetrates 6% 번개 저항,
tree_sd,27834:1,10% increased Critical Hit Chance with Traps,10% 증가 치명타 확률 보유 Traps,
tree_sd,27853:1,10% increased Damage against Immobilised Enemies,10% 증가 피해 against Immobilised Enemies,
tree_sd,27853:2,8% increased Immobilisation buildup,8% 증가 Immobilisation 누적,
tree_sd,27859:1,Herald Skills deal 20% increased Damage,Herald Skills deal 20% 증가 피해,
tree_sd,27875:1,40% increased chance to Shock,40% 증가 확률에 감전,
tree_sd,27875:2,5% increased Attack and Cast Speed with Lightning Skills,5% 증가 공격 및 시전 속도 보유 번개 Skills,
tree_sd,27900:1,4% increased Skill Effect Duration,4% 증가 Skill 효과 지속시간,
tree_sd,27900:2,8% increased Physical Damage,8% 증가 물리 피해,
tree_sd,27910:1,10% increased Attack Damage,10% 증가 공격 피해,
tree_sd,27950:1,25% increased Armour,25% 증가 방어도,
tree_sd,27950:2,Gain additional Stun Threshold equal to 30% of Item Armour on Equipped Armour Items,획득 추가 기절 한계값 equal에 30%의 Item 방어도 시 Equipped 방어도 Items,
tree_sd,27980:1,Gain 2 Rage when Hit by an Enemy,획득 2 격노 when 명중 by an Enemy,
tree_sd,27990:1,Debuffs you inflict have 6% increased Slow Magnitude,Debuffs you inflict have 6% 증가 Slow Magnitude,
tree_sd,27999:1,8% increased chance to inflict Ailments,8% 증가 확률에 inflict 상태 이상,
tree_sd,27999:2,8% increased Physical Damage,8% 증가 물리 피해,
tree_sd,28002:1,+5 to any Attribute,+5에 any 능력치,
tree_sd,28021:1,15% increased Critical Damage Bonus,15% 증가 치명타 피해 보너스,
tree_sd,28022:1,12% increased Elemental Damage,12% 증가 원소 피해,
tree_sd,28038:1,Gain Deflection Rating equal to 6% of Evasion Rating,획득 Deflection Rating equal에 6%의 회피 Rating,
tree_sd,28044:1,40% increased Cold Damage while affected by Herald of Ice,40% 증가 냉기 피해 동안 affected by Herald의 Ice,
tree_sd,28044:2,40% increased Fire Damage while affected by Herald of Ash,40% 증가 화염 피해 동안 affected by Herald의 Ash,
tree_sd,28044:3,40% increased Lightning Damage while affected by Herald of Thunder,40% 증가 번개 피해 동안 affected by Herald의 Thunder,
tree_sd,28050:1,+5 to any Attribute,+5에 any 능력치,
tree_sd,28061:1,12% increased Elemental Damage with Attacks,12% 증가 원소 피해 보유 공격,
tree_sd,28086:1,Damage Penetrates 6% Cold Resistance,피해 Penetrates 6% 냉기 저항,
tree_sd,28092:1,Archon recovery period expires 10% faster,Archon recovery period expires 10% faster,
tree_sd,28101:1,Damage Penetrates 6% Fire Resistance,피해 Penetrates 6% 화염 저항,
tree_sd,28106:1,15% increased Life Flask Charges gained,15% 증가 생명력 플라스크 충전 획득,
tree_sd,2810:1,100% of Elemental Damage is taken from Mana before Life,100%의 원소 피해 is taken에서 마나 before 생명력,
tree_sd,2814:1,"4% increased Area of Effect for Attacks per Enemy you've Ignited in the last 8 seconds, up to 40%","4% 증가 범위의 효과 동안 공격 per Enemy you've Ignited in the last 8 seconds, up에 40%",
tree_sd,28153:1,Recoup Effects instead occur over 4 seconds,회생 Effects instead occur over 4 seconds,
tree_sd,28175:1,+5 to any Attribute,+5에 any 능력치,
tree_sd,28199:1,20% increased Hazard Immobilisation buildup,20% 증가 Hazard Immobilisation 누적,
tree_sd,28201:1,5% increased Block chance,5% 증가 막기 확률,
tree_sd,28201:2,15% increased Armour while stationary,15% 증가 방어도 동안 stationary,
tree_sd,28214:1,10% increased Mana Recovery from Flasks,10% 증가 마나 Recovery에서 Flasks,
tree_sd,28223:1,20% increased Critical Damage Bonus,20% 증가 치명타 피해 보너스,
tree_sd,28229:1,10% increased Area of Effect of Curses,10% 증가 범위의 효과의 Curses,
tree_sd,28258:1,10% increased Effect of your Mark Skills,10% 증가 효과의 your 징표 Skills,
tree_sd,28267:1,25% increased Critical Damage Bonus,25% 증가 치명타 피해 보너스,
tree_sd,28267:2,Hits against you have 25% reduced Critical Damage Bonus,명중 against you have 25% 감소 치명타 피해 보너스,
tree_sd,28268:1,15% increased Magnitude of Bleeding you inflict against Enemies affected by Incision,15% 증가 Magnitude의 출혈 you inflict against Enemies affected by Incision,
tree_sd,28304:1,+5 to any Attribute,+5에 any 능력치,
tree_sd,28329:1,35% increased Stun Buildup,35% 증가 기절 누적,
tree_sd,28329:2,35% increased Freeze Buildup,35% 증가 동결 누적,
tree_sd,28361:1,12% increased Stun Threshold,12% 증가 기절 한계값,
tree_sd,28370:1,+5 to any Attribute,+5에 any 능력치,
tree_sd,28371:1,20% increased Damage with Hits against Enemies that are on Full Life,20% 증가 피해 보유 명중 against Enemies that are 시 Full 생명력,
tree_sd,28408:1,Consume all Rage when Shapeshifting to Human form to recover 1% of maximum life per Rage Consumed,Consume 모든 격노 when Shapeshifting에 Human form에 recover 1%의 최대 생명력 per 격노 Consumed,
tree_sd,28431:1,Your Life cannot change while you have Energy Shield,Your 생명력 cannot change 동안 you have 에너지 보호막,
tree_sd,28432:1,20% increased Armour if you've consumed an Endurance Charge Recently,20% 증가 방어도 if you've consumed an 인내 충전 Recently,
tree_sd,2843:1,Immune to Bleeding if Equipped Helmet has higher Armour than Evasion Rating,Immune에 출혈 if Equipped Helmet has higher 방어도 than 회피 Rating,
tree_sd,2843:2,Immune to Poison if Equipped Helmet has higher Evasion Rating than Armour,Immune에 독 if Equipped Helmet has higher 회피 Rating than 방어도,
tree_sd,28441:1,Enemies Blinded by you have 50% reduced Critical Hit Chance,Enemies 실명 by you have 50% 감소 치명타 확률,
tree_sd,28446:1,6% increased Area of Effect for Attacks,6% 증가 범위의 효과 동안 공격,
tree_sd,28458:1,Minions deal 10% increased Damage,소환수 deal 10% 증가 피해,
tree_sd,2847:1,+5 to any Attribute,+5에 any 능력치,
tree_sd,28482:1,10% increased Ignite Duration on Enemies,10% 증가 점화 지속시간 시 Enemies,
tree_sd,28482:2,25% increased Damage with Hits against Ignited Enemies,25% 증가 피해 보유 명중 against Ignited Enemies,
tree_sd,28489:1,Shapeshift Skills have 15% increased Skill Effect Duration,Shapeshift Skills have 15% 증가 Skill 효과 지속시간,
tree_sd,28492:1,Converts all Evasion Rating to Armour,Converts 모든 회피 Rating에 방어도,
tree_sd,28510:1,+5 to any Attribute,+5에 any 능력치,
tree_sd,28516:1,6% increased Area of Effect,6% 증가 범위의 효과,
tree_sd,28542:1,+10% to Fire Resistance,+10%에 화염 저항,
tree_sd,28542:2,15% increased effect of Fully Broken Armour,15% 증가 효과의 Fully Broken 방어도,
tree_sd,28542:3,Fully Broken Armour you inflict also increases Fire Damage Taken from Hits,Fully Broken 방어도 you inflict also increases 화염 피해 Taken에서 명중,
tree_sd,28556:1,+5 to any Attribute,+5에 any 능력치,
tree_sd,28564:1,16% increased Warcry Speed,16% 증가 Warcry 속도,
tree_sd,28573:1,Minions Revive 5% faster,소환수 Revive 5% faster,
tree_sd,28578:1,8% increased Mana Regeneration Rate,8% 증가 마나 재생 Rate,
tree_sd,28578:2,8% increased Critical Hit Chance,8% 증가 치명타 확률,
tree_sd,2857:1,Targets can be affected by two of your Shocks at the same time,Targets can be affected by two의 your Shocks at the same time,
tree_sd,2857:2,25% less Magnitude of Shock you inflict,25% less Magnitude의 감전 you inflict,
tree_sd,28589:1,20% increased Armour if you have been Hit Recently,20% 증가 방어도 if you have been 명중 Recently,
tree_sd,28613:1,Warcries have a minimum of 10 Power,Warcries have a minimum의 10 권능,
tree_sd,28625:1,10% increased Life and Mana Recovery from Flasks,10% 증가 생명력 및 마나 Recovery에서 Flasks,
tree_sd,2863:1,20% increased Freeze Buildup,20% 증가 동결 누적,
tree_sd,2863:2,15% increased Chill and Freeze Duration on Enemies,15% 증가 냉각 및 동결 지속시간 시 Enemies,
tree_sd,2863:3,15% increased Magnitude of Chill you inflict,15% 증가 Magnitude의 냉각 you inflict,
tree_sd,2864:1,+5 to any Attribute,+5에 any 능력치,
tree_sd,28693:1,12% increased Armour and Evasion Rating,12% 증가 방어도 및 회피 Rating,
tree_sd,28745:1,Grants Skill: Apocalypse,Grants Skill: 종말,
tree_sd,28770:1,12% increased Elemental Damage while Shapeshifted,12% 증가 원소 피해 동안 Shapeshifted,
tree_sd,28774:1,3% increased Cast Speed,3% 증가 시전 속도,
tree_sd,2877:1,4% increased Magnitude of Unholy Might Buffs you grant per 100 maximum Mana,4% 증가 Magnitude의 Unholy Might Buffs you grant per 100 최대 마나,
tree_sd,28797:1,3% increased Attack Speed with Daggers,3% 증가 공격 속도 보유 Daggers,
tree_sd,28800:1,10% increased Projectile Damage,10% 증가 투사체 피해,
tree_sd,28823:1,10% chance when a Charm is used to use another Charm without consuming Charges,10% 확률 when a 참 is used에 사용 another 참 without consuming 충전,
tree_sd,28835:1,12% increased Damage while affected by a Herald,12% 증가 피해 동안 affected by a Herald,
tree_sd,28839:1,3% increased Cast Speed,3% 증가 시전 속도,
tree_sd,28859:1,10% increased Elemental Damage,10% 증가 원소 피해,
tree_sd,28859:2,6% increased chance to inflict Ailments,6% 증가 확률에 inflict 상태 이상,
tree_sd,28860:1,Break 20% increased Armour,파괴 20% 증가 방어도,
tree_sd,2888:1,10% increased amount of Life Leeched,10% 증가 amount의 생명력 Leeched,
tree_sd,28892:1,+12 to maximum Rage while Shapeshifted,+12에 최대 격노 동안 Shapeshifted,
tree_sd,28950:1,15% increased Armour,15% 증가 방어도,
tree_sd,28950:2,+15% of Armour also applies to Elemental Damage,+15%의 방어도 also applies에 원소 피해,
tree_sd,28950:3,15% faster start of Energy Shield Recharge,15% faster start의 에너지 보호막 재충전,
tree_sd,28950:4,+5 to Strength and Intelligence,+5에 Strength 및 지능,
tree_sd,28963:1,6% increased Attack Speed,6% 증가 공격 속도,
tree_sd,28963:2,20% Chance to build an additional Combo on Hit,20% 확률에 build an 추가 Combo 시 명중,
tree_sd,28975:1,10% more Maximum Lightning Damage,10% more 최대 번개 피해,
tree_sd,28976:1,10% increased Magnitude of Poison you inflict,10% 증가 Magnitude의 독 you inflict,
tree_sd,28981:1,Gain 2 Rage when Hit by an Enemy,획득 2 격노 when 명중 by an Enemy,
tree_sd,28982:1,+5 to any Attribute,+5에 any 능력치,
tree_sd,28992:1,8% increased Projectile Speed,8% 증가 투사체 속도,
tree_sd,28992:2,8% increased Attack Speed,8% 증가 공격 속도,
tree_sd,28992:3,+10 to Dexterity,+10에 Dexterity,
tree_sd,29009:1,+5 to any Attribute,+5에 any 능력치,
tree_sd,29041:1,8% reduced Slowing Potency of Debuffs on You,8% 감소 Slowing Potency의 Debuffs 시 You,
tree_sd,29049:1,10% increased Charm Effect Duration,10% 증가 참 효과 지속시간,
tree_sd,29074:1,Double the number of your Poisons that targets can be affected by at the same time,Double the number의 your Poisons that targets can be affected by at the same time,
tree_sd,29074:2,35% less Poison Duration,35% less 독 지속시간,
tree_sd,29098:1,8% increased Spell Damage,8% 증가 주문 피해,
tree_sd,29098:2,8% increased Attack Damage,8% 증가 공격 피해,
tree_sd,29126:1,12% increased Elemental Damage while Shapeshifted,12% 증가 원소 피해 동안 Shapeshifted,
tree_sd,29133:1,12% increased Elemental Damage,12% 증가 원소 피해,
tree_sd,29148:1,+5 to any Attribute,+5에 any 능력치,
tree_sd,29162:1,8% increased Spirit,8% 증가 정신력,
tree_sd,29197:1,15% increased Critical Damage Bonus,15% 증가 치명타 피해 보너스,
tree_sd,29197:2,10% increased Archon Buff duration,10% 증가 Archon Buff 지속시간,
tree_sd,29240:1,+5 to any Attribute,+5에 any 능력치,
tree_sd,29246:1,10% increased Parried Debuff Magnitude,10% 증가 Parried Debuff Magnitude,
tree_sd,29270:1,10% increased Attack Damage,10% 증가 공격 피해,
tree_sd,29285:1,2% increased Movement Speed,2% 증가 이동 속도,
tree_sd,29288:1,Invocation Spells have 50% increased Critical Damage Bonus,Invocation Spells have 50% 증가 치명타 피해 보너스,
tree_sd,29306:1,8% of Damage is taken from Mana before Life,8%의 피해 is taken에서 마나 before 생명력,
tree_sd,29306:2,15% increased Attack Speed while not on Low Mana,15% 증가 공격 속도 동안 not 시 Low 마나,
tree_sd,29320:1,20% increased Stun Threshold while Parrying,20% 증가 기절 한계값 동안 Parrying,
tree_sd,29323:1,20% increased Armour,20% 증가 방어도,
tree_sd,29328:1,10% increased chance to inflict Ailments,10% 증가 확률에 inflict 상태 이상,
tree_sd,29358:1,15% increased Stun Buildup,15% 증가 기절 누적,
tree_sd,29361:1,12% increased Evasion Rating,12% 증가 회피 Rating,
tree_sd,29361:2,12% increased maximum Energy Shield,12% 증가 최대 에너지 보호막,
tree_sd,29369:1,15% increased Magnitude of Chill you inflict,15% 증가 Magnitude의 냉각 you inflict,
tree_sd,2936:1,15% increased Critical Damage Bonus for Attack Damage,15% 증가 치명타 피해 보너스 동안 공격 피해,
tree_sd,29372:1,"4% chance that if you would gain Rage on Hit, you instead gain up to your maximum Rage","4% 확률 that if you would 획득 격노 시 명중, you instead 획득 up에 your 최대 격노",
tree_sd,29391:1,12% increased Spell Damage if you have consumed an Elemental Infusion Recently,12% 증가 주문 피해 if you have consumed an 원소 Infusion Recently,
tree_sd,29398:1,25% increased Chill Duration on Enemies,25% 증가 냉각 지속시간 시 Enemies,
tree_sd,29399:1,12% increased Armour and Evasion Rating,12% 증가 방어도 및 회피 Rating,
tree_sd,29402:1,15% increased Electrocute Buildup,15% 증가 Electrocute 누적,
tree_sd,29408:1,8% increased Mana Cost Efficiency,8% 증가 마나 Cost 효율,
tree_sd,29432:1,15% increased maximum Energy Shield,15% 증가 최대 에너지 보호막,
tree_sd,29447:1,10% increased Armour,10% 증가 방어도,
tree_sd,29447:2,+5% of Armour also applies to Elemental Damage,+5%의 방어도 also applies에 원소 피해,
tree_sd,29458:1,10% increased Magnitude of Poison you inflict,10% 증가 Magnitude의 독 you inflict,
tree_sd,29479:1,+5 to any Attribute,+5에 any 능력치,
tree_sd,29502:1,3% increased Cast Speed,3% 증가 시전 속도,
tree_sd,29514:1,50% increased Grenade Detonation Time,50% 증가 수류탄 Detonation Time,
tree_sd,29514:2,Grenade Skills Fire an additional Projectile,수류탄 Skills 화염 an 추가 투사체,
tree_sd,29517:1,+5 to any Attribute,+5에 any 능력치,
tree_sd,29527:1,40% increased Critical Hit Chance against Enemies that are on Full Life,40% 증가 치명타 확률 against Enemies that are 시 Full 생명력,
tree_sd,29527:2,Cannot be Blinded while on Full Life,Cannot be 실명 동안 시 Full 생명력,
tree_sd,29527:3,80% increased Damage with Hits against Enemies that are on Full Life,80% 증가 피해 보유 명중 against Enemies that are 시 Full 생명력,
tree_sd,2955:1,10% increased Projectile Damage,10% 증가 투사체 피해,
tree_sd,29582:1,8% increased Accuracy Rating,8% 증가 정확도 Rating,
tree_sd,29611:1,+5 to any Attribute,+5에 any 능력치,
tree_sd,2964:1,8% increased amount of Life Leeched,8% 증가 amount의 생명력 Leeched,
tree_sd,2964:2,12% increased Thorns damage,12% 증가 Thorns 피해,
tree_sd,29652:1,10% increased Spell Damage,10% 증가 주문 피해,
tree_sd,29695:1,15% faster start of Energy Shield Recharge,15% faster start의 에너지 보호막 재충전,
tree_sd,296:1,Damage Penetrates 3% of Enemy Elemental Resistances,피해 Penetrates 3%의 Enemy 원소 저항,
tree_sd,29762:1,25% increased Warcry Speed,25% 증가 Warcry 속도,
tree_sd,29762:2,Warcries Debilitate Enemies,Warcries Debilitate Enemies,
tree_sd,29762:3,Warcry Skills have 25% increased Area of Effect,Warcry Skills have 25% 증가 범위의 효과,
tree_sd,29763:1,Damage Penetrates 6% Lightning Resistance,피해 Penetrates 6% 번개 저항,
tree_sd,29788:1,12% increased amount of Life Leeched,12% 증가 amount의 생명력 Leeched,
tree_sd,29800:1,+1 to maximum Lightning Infusions,+1에 최대 번개 Infusions,
tree_sd,29843:1,10% increased Evasion Rating,10% 증가 회피 Rating,
tree_sd,29843:2,2% reduced Movement Speed Penalty from using Skills while moving,2% 감소 이동 속도 Penalty에서 using Skills 동안 moving,
tree_sd,29871:1,12% increased Effect of your Mark Skills,12% 증가 효과의 your 징표 Skills,
tree_sd,29881:1,Gain Arcane Surge when you Shapeshift to Human form after,획득 Arcane Surge when you Shapeshift에 Human form after,
tree_sd,29881:2,being Shapeshifted for at least 8 seconds,being Shapeshifted 동안 at least 8 seconds,
tree_sd,29899:1,40% increased Culling Strike Threshold against Immobilised Enemies,40% 증가 Culling Strike 한계값 against Immobilised Enemies,
tree_sd,29914:1,20% increased Armour while Surrounded,20% 증가 방어도 동안 포위,
tree_sd,29914:2,20% increased Evasion Rating while Surrounded,20% 증가 회피 Rating 동안 포위,
tree_sd,29930:1,Companions deal 12% increased Damage,Companions deal 12% 증가 피해,
tree_sd,29930:2,Companions have 12% increased maximum Life,Companions have 12% 증가 최대 생명력,
tree_sd,29941:1,20% chance for Attack Hits to apply Incision,20% 확률 동안 공격 명중에 apply Incision,
tree_sd,29959:1,15% increased Critical Damage Bonus,15% 증가 치명타 피해 보너스,
tree_sd,2995:1,30% increased maximum Energy Shield if you've consumed a Power Charge Recently,30% 증가 최대 에너지 보호막 if you've consumed a 권능 충전 Recently,
tree_sd,29985:1,Minions deal 15% increased Damage,소환수 deal 15% 증가 피해,
tree_sd,29990:1,5% chance to gain Volatility on Kill,5% 확률에 획득 Volatility 시 Kill,
tree_sd,2999:1,20% increased Cast Speed when on Low Life,20% 증가 시전 속도 when 시 Low 생명력,
tree_sd,2999:2,10% reduced Cast Speed when on Full Life,10% 감소 시전 속도 when 시 Full 생명력,
tree_sd,30007:1,16% increased Thorns damage,16% 증가 Thorns 피해,
tree_sd,30040:1,Break 20% increased Armour,파괴 20% 증가 방어도,
tree_sd,30047:1,+5 to any Attribute,+5에 any 능력치,
tree_sd,30061:1,6% increased Curse Magnitudes,6% 증가 저주 Magnitudes,
tree_sd,30071:1,6% increased Curse Magnitudes,6% 증가 저주 Magnitudes,
tree_sd,30082:1,15% increased Crossbow Reload Speed,15% 증가 쇠뇌 Reload 속도,
tree_sd,30102:1,3% chance to gain Volatility on Kill,3% 확률에 획득 Volatility 시 Kill,
tree_sd,30115:1,50% increased effect of Small Passive Skills,50% 증가 효과의 Small Passive Skills,
tree_sd,30117:1,12% increased Critical Hit Chance for Spells,12% 증가 치명타 확률 동안 Spells,
tree_sd,30123:1,10% increased Damage with Two Handed Weapons,10% 증가 피해 보유 Two Handed Weapons,
tree_sd,30132:1,20% increased bonuses gained from Equipped Quiver,20% 증가 bonuses 획득에서 Equipped 화살통,
tree_sd,30136:1,20% increased Damage against Enemies with Fully Broken Armour,20% 증가 피해 against Enemies 보유 Fully Broken 방어도,
tree_sd,30141:1,+5 to any Attribute,+5에 any 능력치,
tree_sd,30143:1,5% increased Block chance,5% 증가 막기 확률,
tree_sd,30151:1,15% increased Armour and Evasion Rating,15% 증가 방어도 및 회피 Rating,
tree_sd,30197:1,4% increased Attack Speed while your Companion is in your Presence,4% 증가 공격 속도 동안 your 동료 is in your Presence,
tree_sd,30210:1,15% increased Evasion Rating,15% 증가 회피 Rating,
tree_sd,30219:1,8% increased Accuracy Rating,8% 증가 정확도 Rating,
tree_sd,30233:1,Ritual Sacrifice can be used on yourself to remove 20% of maximum Life and grant a random Monster Modifier,Ritual Sacrifice can be used 시 yourself에 remove 20%의 최대 생명력 및 grant a random Monster Modifier,
tree_sd,30233:2,A maximum of one Modifer can be granted this way,A 최대의 one Modifer can be granted this way,
tree_sd,30233:3,Grants Skill: Ritual Sacrifice,Grants Skill: Ritual Sacrifice,
tree_sd,30252:1,Charms applied to you have 10% increased Effect,Charms applied에 you have 10% 증가 효과,
tree_sd,30258:1,3% increased Attack Speed,3% 증가 공격 속도,
tree_sd,30258:2,Minions have 3% increased Attack Speed,소환수 have 3% 증가 공격 속도,
tree_sd,3025:1,+5 to any Attribute,+5에 any 능력치,
tree_sd,30265:1,20% increased maximum Energy Shield,20% 증가 최대 에너지 보호막,
tree_sd,3027:1,10% increased Physical Damage,10% 증가 물리 피해,
tree_sd,30300:1,16% increased Thorns damage,16% 증가 Thorns 피해,
tree_sd,30334:1,8% increased Ignite Duration on Enemies,8% 증가 점화 지속시간 시 Enemies,
tree_sd,30341:1,20% increased bonuses gained from Equipped Quiver,20% 증가 bonuses 획득에서 Equipped 화살통,
tree_sd,30346:1,+10 to maximum Energy Shield,+10에 최대 에너지 보호막,
tree_sd,30371:1,Attack Skills deal 10% increased Damage while holding a Shield,공격 Skills deal 10% 증가 피해 동안 holding a 방패,
tree_sd,30372:1,Damage Penetrates 6% Lightning Resistance,피해 Penetrates 6% 번개 저항,
tree_sd,30390:1,5% increased Block chance,5% 증가 막기 확률,
tree_sd,30392:1,30% increased Life Regeneration rate during Effect of any Life Flask,30% 증가 생명력 재생 rate during 효과의 any 생명력 플라스크,
tree_sd,30395:1,Warcries inflict 3 Critical Weakness on Enemies,Warcries inflict 3 치명타 Weakness 시 Enemies,
tree_sd,30408:1,Hazards have 15% chance to rearm after they are triggered,Hazards have 15% 확률에 rearm after they are triggered,
tree_sd,3041:1,+5 to any Attribute,+5에 any 능력치,
tree_sd,30456:1,50% increased Evasion Rating when on Full Life,50% 증가 회피 Rating when 시 Full 생명력,
tree_sd,30456:2,25% increased Stun Threshold while on Full Life,25% 증가 기절 한계값 동안 시 Full 생명력,
tree_sd,30457:1,15% increased Armour,15% 증가 방어도,
tree_sd,30463:1,15% increased Elemental Ailment Threshold,15% 증가 원소 상태 이상 한계값,
tree_sd,3051:1,Offerings have 30% increased Maximum Life,Offerings have 30% 증가 최대 생명력,
tree_sd,30523:1,Minions have 25% increased maximum Life,소환수 have 25% 증가 최대 생명력,
tree_sd,30523:2,Minions have 25% increased Evasion Rating,소환수 have 25% 증가 회피 Rating,
tree_sd,30539:1,5% chance to not destroy Corpses when Consuming Corpses,5% 확률에 not destroy Corpses when Consuming Corpses,
tree_sd,30546:1,Gain 8% of Damage as Extra Lightning Damage while Shapeshifted,획득 8%의 피해 as Extra 번개 피해 동안 Shapeshifted,
tree_sd,30554:1,Minions have 10% increased maximum Life,소환수 have 10% 증가 최대 생명력,
tree_sd,30555:1,+5 to any Attribute,+5에 any 능력치,
tree_sd,30562:1,20% increased Evasion Rating,20% 증가 회피 Rating,
tree_sd,30562:2,20% increased maximum Energy Shield,20% 증가 최대 에너지 보호막,
tree_sd,30562:3,25% reduced effect of Curses on you,25% 감소 효과의 Curses 시 you,
tree_sd,30615:1,20% increased Critical Damage Bonus if you've consumed a Power Charge Recently,20% 증가 치명타 피해 보너스 if you've consumed a 권능 충전 Recently,
tree_sd,30634:1,15% faster start of Energy Shield Recharge,15% faster start의 에너지 보호막 재충전,
tree_sd,30657:1,+5 to any Attribute,+5에 any 능력치,
tree_sd,3065:1,Life Leech recovers based on your Elemental damage as well as Physical damage,생명력 흡수 recovers based 시 your 원소 피해 as well as 물리 피해,
tree_sd,30662:1,12% increased Lightning Damage,12% 증가 번개 피해,
tree_sd,30695:1,33% increased Damage with Hits against Enemies affected by Ailments,33% 증가 피해 보유 명중 against Enemies affected by 상태 이상,
tree_sd,30701:1,6% reduced Projectile Speed,6% 감소 투사체 속도,
tree_sd,30704:1,5% increased Damage,5% 증가 피해,
tree_sd,30704:2,Regenerate 0.1% of maximum Life per second,Regenerate 0.1%의 최대 생명력 per second,
tree_sd,30720:1,Minions have +13% to Chaos Resistance,소환수 have +13%에 카오스 저항,
tree_sd,30720:2,Minions gain 10% of Physical Damage as Chaos Damage,소환수 획득 10%의 물리 피해 as 카오스 피해,
tree_sd,30736:1,Gain Deflection Rating equal to 6% of Evasion Rating,획득 Deflection Rating equal에 6%의 회피 Rating,
tree_sd,30748:1,Maximum Volatility is 30,최대 Volatility is 30,
tree_sd,30780:1,4% increased Area of Effect of Ancestrally Boosted Attacks,4% 증가 범위의 효과의 Ancestrally Boosted 공격,
tree_sd,30780:2,Ancestrally Boosted Attacks deal 8% increased Damage,Ancestrally Boosted 공격 deal 8% 증가 피해,
tree_sd,30781:1,3% increased Movement Speed,3% 증가 이동 속도,
tree_sd,30808:1,+5 to any Attribute,+5에 any 능력치,
tree_sd,30820:1,8% increased Attack Damage,8% 증가 공격 피해,
tree_sd,30820:2,8% increased Skill Effect Duration,8% 증가 Skill 효과 지속시간,
tree_sd,30829:1,8% increased Accuracy Rating,8% 증가 정확도 Rating,
tree_sd,30834:1,10% increased Mana Regeneration Rate,10% 증가 마나 재생 Rate,
tree_sd,30839:1,2% increased Attack Speed,2% 증가 공격 속도,
tree_sd,30839:2,+5 to Dexterity,+5에 Dexterity,
tree_sd,3084:1,Equipment and Skill Gems have 4% reduced Attribute Requirements,Equipment 및 Skill Gems have 4% 감소 능력치 Requirements,
tree_sd,30871:1,10% increased Life Recovery from Flasks,10% 증가 생명력 Recovery에서 Flasks,
tree_sd,30896:1,3% increased Skill Speed with Channelling Skills,3% 증가 Skill 속도 보유 집중 유지 Skills,
tree_sd,30904:1,Hit damage is taken from Mana before Life if your current Mana is higher than your current Life,명중 피해 is taken에서 마나 before 생명력 if your current 마나 is higher than your current 생명력,
tree_sd,30904:2,15% less maximum Life,15% less 최대 생명력,
tree_sd,30904:3,15% less maximum Mana,15% less 최대 마나,
tree_sd,30905:1,12% increased Elemental Damage with Attacks,12% 증가 원소 피해 보유 공격,
tree_sd,30910:1,Companions deal 12% increased Damage,Companions deal 12% 증가 피해,
tree_sd,30910:2,10% increased Damage while your Companion is in your Presence,10% 증가 피해 동안 your 동료 is in your Presence,
tree_sd,3091:1,Skills have 5% chance to not remove Elemental Infusions but still count as consuming them,Skills have 5% 확률에 not remove 원소 Infusions but still count as consuming them,
tree_sd,30959:1,Damage Penetrates 6% Cold Resistance,피해 Penetrates 6% 냉기 저항,
tree_sd,30973:1,10% increased Critical Hit Chance with Daggers,10% 증가 치명타 확률 보유 Daggers,
tree_sd,30979:1,+5 to any Attribute,+5에 any 능력치,
tree_sd,30985:1,5% chance when collecting an Elemental Infusion to gain an,5% 확률 when collecting an 원소 Infusion에 획득 an,
tree_sd,30985:2,additional Elemental Infusion of the same type,추가 원소 Infusion의 the same type,
tree_sd,30990:1,10% increased Critical Hit Chance,10% 증가 치명타 확률,
tree_sd,30996:1,"For each colour of Socketed Support Gem that is most numerous, gain:","For each colour의 Socketed 보조 젬 that is most numerous, 획득:",
tree_sd,30996:2,Red: Hits against you have no Critical Damage Bonus,Red: 명중 against you have no 치명타 피해 보너스,
tree_sd,30996:3,Blue: Skills have 30% less cost,Blue: Skills have 30% less cost,
tree_sd,30996:4,Green: 40% less Movement Speed Penalty from using Skills while Moving,Green: 40% less 이동 속도 Penalty에서 using Skills 동안 Moving,
tree_sd,30:1,Gain Tailwind on Skill use,스킬 사용 시 순풍 획득,tailwind
tree_sd,30:2,Lose all Tailwind when Hit,명중당하면 모든 순풍 상실,
tree_sd,31010:1,15% faster start of Energy Shield Recharge while Shapeshifted,15% faster start의 에너지 보호막 재충전 동안 Shapeshifted,
tree_sd,31017:1,15% increased Totem Damage,15% 증가 토템 피해,
tree_sd,31037:1,Remnants have 10% increased effect,Remnants have 10% 증가 효과,
tree_sd,31055:1,3% increased Attack Speed with Bows,3% 증가 공격 속도 보유 Bows,
tree_sd,3109:1,10% increased Grenade Area of Effect,10% 증가 수류탄 범위의 효과,
tree_sd,31112:1,10% increased Ballista Critical Hit Chance,10% 증가 Ballista 치명타 확률,
tree_sd,31116:1,Grants Skill: Void Illusion,Grants Skill: Void Illusion,
tree_sd,31129:1,Minions Revive 35% faster if all your Minions are Companions,소환수 Revive 35% faster if 모든 your 소환수 are Companions,
tree_sd,31159:1,15% increased Life Regeneration Rate while stationary,15% 증가 생명력 재생 Rate 동안 stationary,
tree_sd,31172:1,1% increased Attack Speed per 25 Dexterity,1% 증가 공격 속도 per 25 Dexterity,
tree_sd,31175:1,Minions have 40% increased Critical Damage Bonus,소환수 have 40% 증가 치명타 피해 보너스,
tree_sd,31189:1,10% increased Attack Damage,10% 증가 공격 피해,
tree_sd,31189:2,30% increased Accuracy Rating while moving,30% 증가 정확도 Rating 동안 moving,
tree_sd,31223:1,Gain additional maximum Life equal to 100% of the Item Energy Shield on Equipped Body Armour,획득 추가 최대 생명력 equal에 100%의 the Item 에너지 보호막 시 Equipped Body 방어도,
tree_sd,31238:1,+5 to any Attribute,+5에 any 능력치,
tree_sd,31273:1,10% increased Melee Damage,10% 증가 근접 피해,
tree_sd,31286:1,10% increased Physical Damage,10% 증가 물리 피해,
tree_sd,3128:1,3% increased Cast Speed with Cold Skills,3% 증가 시전 속도 보유 냉기 Skills,
tree_sd,31295:1,6% increased Area of Effect for Attacks,6% 증가 범위의 효과 동안 공격,
tree_sd,3131:1,3% increased Attack Speed while Dual Wielding,3% 증가 공격 속도 동안 Dual Wielding,
tree_sd,31326:1,20% increased Ignite Magnitude,20% 증가 점화 Magnitude,
tree_sd,31326:2,20% increased Ignite Duration on Enemies,20% 증가 점화 지속시간 시 Enemies,
tree_sd,31345:1,Damage Penetrates 6% Lightning Resistance,피해 Penetrates 6% 번개 저항,
tree_sd,31364:1,40% increased Charm Effect Duration,40% 증가 참 효과 지속시간,
tree_sd,31364:2,40% increased Charm Charges gained,40% 증가 참 충전 획득,
tree_sd,31366:1,Parry has 20% increased Stun Buildup,Parry has 20% 증가 기절 누적,
tree_sd,31370:1,10% increased Armour,10% 증가 방어도,
tree_sd,31370:2,+10% of Armour also applies to Lightning Damage,+10%의 방어도 also applies에 번개 피해,
tree_sd,31373:1,Warcries Empower an additional Attack,Warcries Empower an 추가 공격,
tree_sd,31388:1,8% reduced Slowing Potency of Debuffs on You,8% 감소 Slowing Potency의 Debuffs 시 You,
tree_sd,31409:1,15% increased Evasion Rating,15% 증가 회피 Rating,
tree_sd,31419:1,10% increased Skill Effect Duration,10% 증가 Skill 효과 지속시간,
tree_sd,31433:1,20% increased Elemental Damage with Attacks,20% 증가 원소 피해 보유 공격,
tree_sd,31433:2,5% of Physical Damage from Hits taken as Damage of a Random Element,5%의 물리 피해에서 명중 taken as 피해의 a Random Element,
tree_sd,31449:1,10% increased Critical Hit Chance with Quarterstaves,10% 증가 치명타 확률 보유 Quarterstaves,
tree_sd,31517:1,Skills Supported by Unleash have 10% increased Seal gain frequency,Skills Supported by Unleash have 10% 증가 Seal 획득 frequency,
tree_sd,31545:1,10% increased Presence Area of Effect,10% 증가 Presence 범위의 효과,
tree_sd,31545:2,6% increased Attack Damage,6% 증가 공격 피해,
tree_sd,31554:1,15% increased Skill Effect Duration,15% 증가 Skill 효과 지속시간,
tree_sd,31566:1,30% increased Armour while Surrounded,30% 증가 방어도 동안 포위,
tree_sd,315:1,10% increased Bleeding Duration,10% 증가 출혈 지속시간,
tree_sd,31609:1,25% increased Defences from Equipped Shield,25% 증가 Defences에서 Equipped 방패,
tree_sd,31626:1,15% increased Flammability Magnitude,15% 증가 Flammability Magnitude,
tree_sd,31626:2,4% increased Area of Effect for Attacks,4% 증가 범위의 효과 동안 공격,
tree_sd,31630:1,15% faster start of Energy Shield Recharge,15% faster start의 에너지 보호막 재충전,
tree_sd,31644:1,15% faster start of Energy Shield Recharge,15% faster start의 에너지 보호막 재충전,
tree_sd,31647:1,+8 to Dexterity,+8에 Dexterity,
tree_sd,31650:1,15% increased Totem Damage,15% 증가 토템 피해,
tree_sd,3165:1,3% increased maximum Life,3% 증가 최대 생명력,
tree_sd,31673:1,15% faster start of Energy Shield Recharge while Shapeshifted,15% faster start의 에너지 보호막 재충전 동안 Shapeshifted,
tree_sd,31692:1,10% increased Critical Hit Chance,10% 증가 치명타 확률,
tree_sd,31697:1,10% increased Elemental Infusion duration,10% 증가 원소 Infusion 지속시간,
tree_sd,3170:1,Gain Deflection Rating equal to 6% of Evasion Rating,획득 Deflection Rating equal에 6%의 회피 Rating,
tree_sd,31724:1,+3 to Armour per 1 Item Energy Shield on Equipped Boots,+3에 방어도 per 1 Item 에너지 보호막 시 Equipped Boots,
tree_sd,31724:2,10% reduced Slowing Potency of Debuffs on You,10% 감소 Slowing Potency의 Debuffs 시 You,
tree_sd,31745:1,40% increased Attack Damage against Maimed Enemies,40% 증가 공격 피해 against Maimed Enemies,
tree_sd,31745:2,Enemies are Maimed for 4 seconds after becoming Unpinned,Enemies are Maimed 동안 4 seconds after becoming Unpinned,
tree_sd,31746:1,Damage Penetrates 8% Fire Resistance,피해 Penetrates 8% 화염 저항,
tree_sd,31763:1,10% increased Critical Hit Chance with Crossbows,10% 증가 치명타 확률 보유 Crossbows,
tree_sd,31765:1,+5 to any Attribute,+5에 any 능력치,
tree_sd,31773:1,Archon recovery period expires 25% faster,Archon recovery period expires 25% faster,
tree_sd,31778:1,Damage Penetrates 6% Cold Resistance,피해 Penetrates 6% 냉기 저항,
tree_sd,31805:1,10% increased Skill Effect Duration,10% 증가 Skill 효과 지속시간,
tree_sd,31825:1,12% increased Attack Cold Damage,12% 증가 공격 냉기 피해,
tree_sd,31826:1,30% increased Presence Area of Effect,30% 증가 Presence 범위의 효과,
tree_sd,31826:2,Minions have 15% increased Area of Effect,소환수 have 15% 증가 범위의 효과,
tree_sd,31848:1,Thorns Damage has 25% chance to ignore Enemy Armour,Thorns 피해 has 25% 확률에 ignore Enemy 방어도,
tree_sd,31855:1,10% increased Life Recovery from Flasks,10% 증가 생명력 Recovery에서 Flasks,
tree_sd,31888:1,8% increased Mana Cost Efficiency,8% 증가 마나 Cost 효율,
tree_sd,3188:1,Gain Physical Thorns damage equal to 10% of Item Armour on Equipped Body Armour,획득 물리 Thorns 피해 equal에 10%의 Item 방어도 시 Equipped Body 방어도,
tree_sd,31890:1,12% increased Armour,12% 증가 방어도,
tree_sd,31890:2,12% increased maximum Energy Shield,12% 증가 최대 에너지 보호막,
tree_sd,31898:1,6% increased Reservation Efficiency of Herald Skills,6% 증가 Reservation 효율의 Herald Skills,
tree_sd,31903:1,+5 to any Attribute,+5에 any 능력치,
tree_sd,31908:1,6% increased Curse Magnitudes,6% 증가 저주 Magnitudes,
tree_sd,31918:1,15% chance to Pierce an Enemy,15% 확률에 Pierce an Enemy,
tree_sd,31925:1,30% increased Damage per Curse on you,30% 증가 피해 per 저주 시 you,
tree_sd,31925:2,30% reduced effect of Curses on you,30% 감소 효과의 Curses 시 you,
tree_sd,31925:3,60% increased Energy Shield from Equipped Focus,60% 증가 에너지 보호막에서 Equipped 집중구,
tree_sd,31928:1,6% of Physical Damage taken Recouped as Life,6%의 물리 피해 taken Recouped as 생명력,
tree_sd,31943:1,8% increased Energy Shield Recharge Rate,8% 증가 에너지 보호막 재충전 Rate,
tree_sd,31943:2,8% increased Elemental Damage,8% 증가 원소 피해,
tree_sd,31950:1,+5 to any Attribute,+5에 any 능력치,
tree_sd,31977:1,10% increased Mana Regeneration Rate,10% 증가 마나 재생 Rate,
tree_sd,31991:1,6% increased Area of Effect for Attacks,6% 증가 범위의 효과 동안 공격,
tree_sd,32009:1,20% increased Curse Duration,20% 증가 저주 지속시간,
tree_sd,32016:1,12% increased Spell Damage while wielding a Melee Weapon,12% 증가 주문 피해 동안 wielding a 근접 무기,
tree_sd,3203:1,12% increased Evasion Rating,12% 증가 회피 Rating,
tree_sd,3203:2,12% increased maximum Energy Shield,12% 증가 최대 에너지 보호막,
tree_sd,32054:1,15% increased Critical Spell Damage Bonus,15% 증가 치명타 주문 피해 보너스,
tree_sd,32071:1,15% increased Area of Effect if you've Killed Recently,15% 증가 범위의 효과 if you've Killed Recently,
tree_sd,32071:2,8% increased Area of Effect for Attacks,8% 증가 범위의 효과 동안 공격,
tree_sd,32078:1,15% increased Spell Damage while you have Arcane Surge,15% 증가 주문 피해 동안 you have Arcane Surge,
tree_sd,3209:1,15% increased Evasion Rating,15% 증가 회피 Rating,
tree_sd,32123:1,15% increased chance to Shock,15% 증가 확률에 감전,
tree_sd,32135:1,10% increased Flask Charges gained,10% 증가 플라스크 충전 획득,
tree_sd,32148:1,25% increased Damage with Flails,25% 증가 피해 보유 Flails,
tree_sd,32151:1,+1% to all Maximum Elemental Resistances if you have at,+1%에 모든 최대 원소 저항 if you have at,
tree_sd,32151:2,"least 5 Red, Green and Blue Support Gems Socketed","least 5 Red, Green 및 Blue 보조 Gems Socketed",
tree_sd,32155:1,10% increased chance to Shock,10% 증가 확률에 감전,
tree_sd,32155:2,8% increased Elemental Damage,8% 증가 원소 피해,
tree_sd,3215:1,40% increased maximum Energy Shield,40% 증가 최대 에너지 보호막,
tree_sd,3215:2,10% reduced maximum Mana,10% 감소 최대 마나,
tree_sd,32183:1,+5 to any Attribute,+5에 any 능력치,
tree_sd,32186:1,10% increased Accuracy Rating while Shapeshifted,10% 증가 정확도 Rating 동안 Shapeshifted,
tree_sd,3218:1,10% increased Elemental Damage,10% 증가 원소 피해,
tree_sd,32194:1,+5 to any Attribute,+5에 any 능력치,
tree_sd,32239:1,12% increased Damage with Plant Skills,12% 증가 피해 보유 Plant Skills,
tree_sd,3223:1,3% increased Attributes,3% 증가 능력치,
tree_sd,32258:1,Minions have 12% increased maximum Life,소환수 have 12% 증가 최대 생명력,
tree_sd,32271:1,30% increased Flammability Magnitude,30% 증가 Flammability Magnitude,
tree_sd,32301:1,15% increased Mana Regeneration Rate,15% 증가 마나 재생 Rate,
tree_sd,32301:2,30% increased Magnitude of Shock you inflict,30% 증가 Magnitude의 감전 you inflict,
tree_sd,32309:1,15% increased Archon Buff duration,15% 증가 Archon Buff 지속시간,
tree_sd,32319:1,+10% Surpassing chance to fire an additional Arrow,+10% Surpassing 확률에 화염 an 추가 화살,
tree_sd,32349:1,"You can wield Two-Handed Axes, Maces and Swords in one hand","You can wield Two-Handed Axes, Maces 및 Swords in one hand",
tree_sd,32349:2,Triple Attribute requirements of Martial Weapons,Triple 능력치 requirements의 Martial Weapons,
tree_sd,32349:3,Inherent Life granted by Strength is halved,Inherent 생명력 granted by Strength is halved,
tree_sd,3234:1,15% increased Pin duration,15% 증가 Pin 지속시간,
tree_sd,32353:1,10% increased Skill Speed while Shapeshifted,10% 증가 Skill 속도 동안 Shapeshifted,
tree_sd,32354:1,120% increased Armour and Evasion Rating when on Low Life,120% 증가 방어도 및 회피 Rating when 시 Low 생명력,
tree_sd,32364:1,10% increased Ignite Magnitude,10% 증가 점화 Magnitude,
tree_sd,32404:1,10% increased Critical Hit Chance for Spells,10% 증가 치명타 확률 동안 Spells,
tree_sd,32416:1,80% increased Armour from Equipped Body Armour,80% 증가 방어도에서 Equipped Body 방어도,
tree_sd,32427:1,Damage Penetrates 6% Cold Resistance,피해 Penetrates 6% 냉기 저항,
tree_sd,3242:1,10% increased Mana Regeneration Rate,10% 증가 마나 재생 Rate,
tree_sd,32436:1,+8 to Intelligence,+8에 지능,
tree_sd,32438:1,11% increased Chaos Damage,11% 증가 카오스 피해,
tree_sd,32442:1,20% increased Knockback Distance,20% 증가 Knockback Distance,
tree_sd,32442:2,20% increased Stun Buildup with Quarterstaves,20% 증가 기절 누적 보유 Quarterstaves,
tree_sd,32448:1,+30% of Armour also applies to Lightning Damage,+30%의 방어도 also applies에 번개 피해,
tree_sd,32448:2,30% reduced effect of Shock on you,30% 감소 효과의 감전 시 you,
tree_sd,3245:1,4% increased Block chance,4% 증가 막기 확률,
tree_sd,3245:2,10% increased Thorns damage,10% 증가 Thorns 피해,
tree_sd,32474:1,+5 to any Attribute,+5에 any 능력치,
tree_sd,32507:1,Break Armour on Critical Hit with Spells equal to 10% of Physical Damage dealt,파괴 방어도 시 치명타 명중 보유 Spells equal에 10%의 물리 피해 dealt,
tree_sd,32507:2,20% increased Magnitude of Impales inflicted with Spells,20% 증가 Magnitude의 Impales inflicted 보유 Spells,
tree_sd,32507:3,20% increased Physical Damage,20% 증가 물리 피해,
tree_sd,3251:1,+5 to any Attribute,+5에 any 능력치,
tree_sd,32543:1,20% reduced Slowing Potency of Debuffs on You,20% 감소 Slowing Potency의 Debuffs 시 You,
tree_sd,32543:2,6% reduced Movement Speed Penalty from using Skills while moving,6% 감소 이동 속도 Penalty에서 using Skills 동안 moving,
tree_sd,32545:1,3% increased Skill Speed,3% 증가 Skill 속도,
tree_sd,32549:1,8% increased Spell Damage,8% 증가 주문 피해,
tree_sd,32549:2,8% increased Attack Damage,8% 증가 공격 피해,
tree_sd,32559:1,6% increased Cooldown Recovery Rate,6% 증가 Cooldown Recovery Rate,
tree_sd,32560:1,20% increased Presence Area of Effect,20% 증가 Presence 범위의 효과,
tree_sd,32561:1,10% increased Damage with Two Handed Weapons,10% 증가 피해 보유 Two Handed Weapons,
tree_sd,32564:1,1% increased Movement Speed,1% 증가 이동 속도,
tree_sd,32564:2,4% reduced Slowing Potency of Debuffs on You,4% 감소 Slowing Potency의 Debuffs 시 You,
tree_sd,32597:1,12% increased Armour,12% 증가 방어도,
tree_sd,32597:2,12% increased maximum Energy Shield,12% 증가 최대 에너지 보호막,
tree_sd,32599:1,6% increased Area of Effect,6% 증가 범위의 효과,
tree_sd,32600:1,10% increased Life Regeneration rate,10% 증가 생명력 재생 rate,
tree_sd,32637:1,Defend with 200% of Armour,Defend 보유 200%의 방어도,
tree_sd,32637:2,Enemies have an Accuracy Penalty against you based on Distance,Enemies have an 정확도 Penalty against you based 시 Distance,
tree_sd,32637:3,Maximum Chance to Evade is 50%,최대 확률에 Evade is 50%,
tree_sd,32637:4,Maximum Physical Damage Reduction is 50%,최대 물리 피해 Reduction is 50%,
tree_sd,32655:1,20% increased Culling Strike Threshold,20% 증가 Culling Strike 한계값,
tree_sd,32655:2,Culling Strike against Beasts while your Companion is in your Presence,Culling Strike against Beasts 동안 your 동료 is in your Presence,
tree_sd,32660:1,10% increased Critical Hit Chance if you have Killed Recently,10% 증가 치명타 확률 if you have Killed Recently,
tree_sd,32664:1,1% increased Energy Shield Recharge Rate per 4 Dexterity,1% 증가 에너지 보호막 재충전 Rate per 4 Dexterity,
tree_sd,32664:2,20% increased Evasion Rating while you have Energy Shield,20% 증가 회피 Rating 동안 you have 에너지 보호막,
tree_sd,32672:1,5% reduced Effect of Chill on you,5% 감소 효과의 냉각 시 you,
tree_sd,32672:2,10% increased Freeze Threshold,10% 증가 동결 한계값,
tree_sd,32681:1,8% increased Energy Shield Recharge Rate,8% 증가 에너지 보호막 재충전 Rate,
tree_sd,32681:2,8% faster start of Energy Shield Recharge,8% faster start의 에너지 보호막 재충전,
tree_sd,32683:1,Gain 5% of Damage as Extra Cold Damage,획득 5%의 피해 as Extra 냉기 피해,
tree_sd,32683:2,20% increased Freeze Buildup,20% 증가 동결 누적,
tree_sd,326:1,10% increased Critical Hit Chance with Quarterstaves,10% 증가 치명타 확률 보유 Quarterstaves,
tree_sd,32701:1,+5 to any Attribute,+5에 any 능력치,
tree_sd,32705:1,"Grants Skill: Navira, the Last Mirage","Grants Skill: Navira, the Last Mirage",
tree_sd,32721:1,30% increased Critical Hit Chance against Blinded Enemies,30% 증가 치명타 확률 against 실명 Enemies,
tree_sd,32727:1,Break Armour on Critical Hit with Spells equal to 5% of Physical Damage dealt,파괴 방어도 시 치명타 명중 보유 Spells equal에 5%의 물리 피해 dealt,
tree_sd,32745:1,10% increased Physical Damage,10% 증가 물리 피해,
tree_sd,32768:1,20% increased Glory generation,20% 증가 Glory generation,
tree_sd,32771:1,10% increased maximum Darkness,10% 증가 최대 Darkness,
tree_sd,32799:1,5% of Damage from Hits is taken from your Damageable Companion's Life before you,5%의 피해에서 명중 is taken에서 your Damageable Companion's 생명력 before you,
tree_sd,32799:2,20% increased Defences while your Companion is in your Presence,20% 증가 Defences 동안 your 동료 is in your Presence,
tree_sd,327:1,15% increased Evasion Rating,15% 증가 회피 Rating,
tree_sd,32813:1,10% increased Life Recovery from Flasks,10% 증가 생명력 Recovery에서 Flasks,
tree_sd,32818:1,10% increased Charm Charges gained,10% 증가 참 충전 획득,
tree_sd,3281:1,2% increased Spell Damage per 10 Strength,2% 증가 주문 피해 per 10 Strength,
tree_sd,3282:1,20% increased Ballista Immobilisation buildup,20% 증가 Ballista Immobilisation 누적,
tree_sd,32845:1,10% increased Fire Damage,10% 증가 화염 피해,
tree_sd,32847:1,Minions deal 20% increased Damage with Command Skills,소환수 deal 20% 증가 피해 보유 Command Skills,
tree_sd,32856:1,6% increased Cooldown Recovery Rate,6% 증가 Cooldown Recovery Rate,
tree_sd,32858:1,35% increased Magnitude of Ignite against Poisoned enemies,35% 증가 Magnitude의 점화 against Poisoned enemies,
tree_sd,32859:1,12% increased Damage with Plant Skills,12% 증가 피해 보유 Plant Skills,
tree_sd,32885:1,5% increased Block chance,5% 증가 막기 확률,
tree_sd,32891:1,8% increased Evasion Rating,8% 증가 회피 Rating,
tree_sd,32891:2,Gain Deflection Rating equal to 3% of Evasion Rating,획득 Deflection Rating equal에 3%의 회피 Rating,
tree_sd,32896:1,8% chance to Poison on Hit,8% 확률에 독 시 명중,
tree_sd,328:1,10% increased Accuracy Rating with Bows,10% 증가 정확도 Rating 보유 Bows,
tree_sd,32903:1,6% increased Area of Effect for Attacks,6% 증가 범위의 효과 동안 공격,
tree_sd,32905:1,Non-Keystone Passive Skills in Medium Radius of allocated Keystone Passive Skills can be allocated without being connected to your tree,Non-Keystone Passive Skills in Medium Radius의 allocated Keystone Passive Skills can be allocated without being connected에 your tree,
tree_sd,32923:1,5% increased Life Regeneration rate,5% 증가 생명력 재생 rate,
tree_sd,32923:2,10% increased effect of Arcane Surge on you,10% 증가 효과의 Arcane Surge 시 you,
tree_sd,32932:1,Every Rage also grants 1% increased Fire Damage,Every 격노 also grants 1% 증가 화염 피해,
tree_sd,32943:1,Companions deal 12% increased Damage,Companions deal 12% 증가 피해,
tree_sd,32943:2,10% increased Damage while your Companion is in your Presence,10% 증가 피해 동안 your 동료 is in your Presence,
tree_sd,32951:1,25% increased Skill Effect Duration,25% 증가 Skill 효과 지속시간,
tree_sd,32952:1,+2 to Level of all Skills with a Strength requirement,+2에 Level의 모든 Skills 보유 a Strength requirement,
tree_sd,32976:1,5% increased Maximum Life if you have at least 10 Red Support Gems Socketed,5% 증가 최대 생명력 if you have at least 10 Red 보조 Gems Socketed,
tree_sd,32976:2,5% increased Maximum Mana if you have at least 10 Blue Support Gems Socketed,5% 증가 최대 마나 if you have at least 10 Blue 보조 Gems Socketed,
tree_sd,32976:3,5% increased Movement Speed if you have at least 10 Green Support Gems Socketed,5% 증가 이동 속도 if you have at least 10 Green 보조 Gems Socketed,
tree_sd,33037:1,Projectiles have 5% chance to Chain an additional time from terrain,투사체 have 5% 확률에 연쇄 an 추가 time에서 terrain,
tree_sd,33045:1,10% increased Elemental Ailment Threshold,10% 증가 원소 상태 이상 한계값,
tree_sd,33045:2,5% reduced Slowing Potency of Debuffs on You,5% 감소 Slowing Potency의 Debuffs 시 You,
tree_sd,33053:1,10% increased Projectile Damage,10% 증가 투사체 피해,
tree_sd,33059:1,80% increased Stun Recovery,80% 증가 기절 Recovery,
tree_sd,33080:1,10% increased Parried Debuff Magnitude,10% 증가 Parried Debuff Magnitude,
tree_sd,33093:1,4% increased Cast Speed for each different Non-Instant Spell you've Cast Recently,4% 증가 시전 속도 동안 each different Non-Instant 주문 you've 시전 Recently,
tree_sd,33099:1,+1 Charm Slot,+1 참 Slot,
tree_sd,33112:1,40% increased Energy Shield from Equipped Focus,40% 증가 에너지 보호막에서 Equipped 집중구,
tree_sd,33137:1,10% increased Magnitude of Bleeding you inflict,10% 증가 Magnitude의 출혈 you inflict,
tree_sd,33141:1,3% increased maximum Life,3% 증가 최대 생명력,
tree_sd,33180:1,Spell Skills have 6% increased Area of Effect,주문 Skills have 6% 증가 범위의 효과,
tree_sd,331:1,8% increased Evasion Rating,8% 증가 회피 Rating,
tree_sd,331:2,Gain Deflection Rating equal to 3% of Evasion Rating,획득 Deflection Rating equal에 3%의 회피 Rating,
tree_sd,33203:1,25% increased Stun Threshold while Channelling,25% 증가 기절 한계값 동안 집중 유지,
tree_sd,33209:1,Spells Cast by Totems have 4% increased Cast Speed,Spells 시전 by Totems have 4% 증가 시전 속도,
tree_sd,33209:2,Attacks used by Totems have 4% increased Attack Speed,공격 used by Totems have 4% 증가 공격 속도,
tree_sd,33216:1,Attack Hits Aggravate any Bleeding on targets which is older than 4 seconds,공격 명중 Aggravate any 출혈 시 targets which is older than 4 seconds,
tree_sd,33225:1,Minions have +3% to Maximum Fire Resistances,소환수 have +3%에 최대 화염 저항s,
tree_sd,33225:2,Minions have +20% to Fire Resistance,소환수 have +20%에 화염 저항,
tree_sd,33229:1,Enemies you inflict Bleeding on cannot Regenerate Life,Enemies you inflict 출혈 시 cannot Regenerate 생명력,
tree_sd,33240:1,12% increased Reservation Efficiency of Minion Skills,12% 증가 Reservation 효율의 소환수 Skills,
tree_sd,33242:1,10% increased chance to inflict Ailments,10% 증가 확률에 inflict 상태 이상,
tree_sd,33245:1,10% increased Projectile Damage,10% 증가 투사체 피해,
tree_sd,33254:1,10% increased Spell Damage,10% 증가 주문 피해,
tree_sd,3332:1,Minions have +20% to Cold Resistance,소환수 have +20%에 냉기 저항,
tree_sd,3332:2,Minions have +3% to Maximum Cold Resistances,소환수 have +3%에 최대 냉기 저항s,
tree_sd,33340:1,15% increased Stun Buildup,15% 증가 기절 누적,
tree_sd,33345:1,10% increased Mana Regeneration Rate,10% 증가 마나 재생 Rate,
tree_sd,33348:1,25% increased Presence Area of Effect,25% 증가 Presence 범위의 효과,
tree_sd,33366:1,12% increased Evasion Rating,12% 증가 회피 Rating,
tree_sd,33366:2,12% increased maximum Energy Shield,12% 증가 최대 에너지 보호막,
tree_sd,33369:1,Life Leech is Instant,생명력 흡수 is Instant,
tree_sd,33369:2,Cannot use Life Flasks,Cannot 사용 생명력 Flasks,
tree_sd,3336:1,20% increased Critical Damage Bonus if you've consumed a Power Charge Recently,20% 증가 치명타 피해 보너스 if you've consumed a 권능 충전 Recently,
tree_sd,33391:1,15% increased Magnitude of Bleeding you inflict with Critical Hits,15% 증가 Magnitude의 출혈 you inflict 보유 치명타,
tree_sd,33393:1,10% increased Damage with Flails,10% 증가 피해 보유 Flails,
tree_sd,33397:1,12% increased Fire Damage,12% 증가 화염 피해,
tree_sd,3339:1,25% increased Attack Damage while Surrounded,25% 증가 공격 피해 동안 포위,
tree_sd,33400:1,15% increased Parried Debuff Magnitude,15% 증가 Parried Debuff Magnitude,
tree_sd,33400:2,20% increased Parry Hit Area of Effect,20% 증가 Parry 명중 범위의 효과,
tree_sd,33402:1,25% increased Defences from Equipped Shield,25% 증가 Defences에서 Equipped 방패,
tree_sd,33404:1,Life Recharges instead of Energy Shield,생명력 Recharges instead의 에너지 보호막,
tree_sd,33404:2,50% less Life Recovery from Flasks,50% less 생명력 Recovery에서 Flasks,
tree_sd,33408:1,10% increased amount of Life Leeched while Shapeshifted,10% 증가 amount의 생명력 Leeched 동안 Shapeshifted,
tree_sd,33415:1,10% increased Critical Hit Chance with Crossbows,10% 증가 치명타 확률 보유 Crossbows,
tree_sd,33423:1,Spells Cast by Totems have 4% increased Cast Speed,Spells 시전 by Totems have 4% 증가 시전 속도,
tree_sd,33423:2,Attacks used by Totems have 4% increased Attack Speed,공격 used by Totems have 4% 증가 공격 속도,
tree_sd,33445:1,5% increased Block chance,5% 증가 막기 확률,
tree_sd,33452:1,5% increased Block chance,5% 증가 막기 확률,
tree_sd,33463:1,+5 to any Attribute,+5에 any 능력치,
tree_sd,3348:1,20% increased Critical Hit Chance while Shapeshifted,20% 증가 치명타 확률 동안 Shapeshifted,
tree_sd,3348:2,8% increased Skill Speed while Shapeshifted,8% 증가 Skill 속도 동안 Shapeshifted,
tree_sd,33518:1,8% reduced Slowing Potency of Debuffs on You,8% 감소 Slowing Potency의 Debuffs 시 You,
tree_sd,33542:1,+24% Surpassing chance to fire an additional Arrow,+24% Surpassing 확률에 화염 an 추가 화살,
tree_sd,33556:1,8% increased Melee Damage,8% 증가 근접 피해,
tree_sd,3355:1,4% reduced Slowing Potency of Debuffs on You,4% 감소 Slowing Potency의 Debuffs 시 You,
tree_sd,3355:2,Debuffs on you expire 3% faster,Debuffs 시 you expire 3% faster,
tree_sd,33562:1,12% increased Damage while Shapeshifted,12% 증가 피해 동안 Shapeshifted,
tree_sd,33570:1,10% of Damage taken bypasses Energy Shield,10%의 피해 taken bypasses 에너지 보호막,
tree_sd,33570:2,No inherent Mana Regeneration,No inherent 마나 재생,
tree_sd,33570:3,Regenerate Mana equal to 6% of maximum Life per second,Regenerate 마나 equal에 6%의 최대 생명력 per second,
tree_sd,33585:1,Companions have +30% to Chaos Resistance,Companions have +30%에 카오스 저항,
tree_sd,33585:2,Companions have +30% to all Elemental Resistances,Companions have +30%에 모든 원소 저항,
tree_sd,33601:1,15% increased Freeze Buildup,15% 증가 동결 누적,
tree_sd,33612:1,Minions deal 12% increased Damage,소환수 deal 12% 증가 피해,
tree_sd,33639:1,12% increased Spell Damage if you have consumed an Elemental Infusion Recently,12% 증가 주문 피해 if you have consumed an 원소 Infusion Recently,
tree_sd,3363:1,Minions have 10% increased maximum Life,소환수 have 10% 증가 최대 생명력,
tree_sd,3365:1,15% increased Immobilisation buildup,15% 증가 Immobilisation 누적,
tree_sd,336:1,Damage Penetrates 15% Cold Resistance,피해 Penetrates 15% 냉기 저항,
tree_sd,336:2,Damage Penetrates 8% Lightning Resistance,피해 Penetrates 8% 번개 저항,
tree_sd,33713:1,8% increased Projectile Speed,8% 증가 투사체 속도,
tree_sd,33722:1,+5 to any Attribute,+5에 any 능력치,
tree_sd,33729:1,20% increased Flammability Magnitude,20% 증가 Flammability Magnitude,
tree_sd,33729:2,8% increased Elemental Damage,8% 증가 원소 피해,
tree_sd,33730:1,Channelling Skills deal 25% increased Damage,집중 유지 Skills deal 25% 증가 피해,
tree_sd,33730:2,50% increased Stun Threshold while Channelling,50% 증가 기절 한계값 동안 집중 유지,
tree_sd,33736:1,4% increased Skill Speed,4% 증가 Skill 속도,
tree_sd,33751:1,5% increased Cooldown Recovery Rate,5% 증가 Cooldown Recovery Rate,
tree_sd,33781:1,15% reduced Presence Area of Effect,15% 감소 Presence 범위의 효과,
tree_sd,33781:2,6% increased Area of Effect,6% 증가 범위의 효과,
tree_sd,33815:1,10% increased Poison Duration,10% 증가 독 지속시간,
tree_sd,33824:1,10% increased Defences,10% 증가 Defences,
tree_sd,33829:1,10% increased Critical Hit Chance,10% 증가 치명타 확률,
tree_sd,33830:1,10% increased Life Regeneration rate,10% 증가 생명력 재생 rate,
tree_sd,33838:1,6% increased chance to inflict Ailments,6% 증가 확률에 inflict 상태 이상,
tree_sd,33838:2,6% increased Duration of Damaging Ailments on Enemies,6% 증가 지속시간의 Damaging 상태 이상 시 Enemies,
tree_sd,33848:1,8% increased Projectile Speed,8% 증가 투사체 속도,
tree_sd,33866:1,8% increased Attack Damage,8% 증가 공격 피해,
tree_sd,33887:1,25% increased Damage with Crossbows for each type of Ammunition fired in the past 10 seconds,25% 증가 피해 보유 Crossbows 동안 each type의 Ammunition fired in the past 10 seconds,
tree_sd,338:1,Invocated skills have 30% increased Maximum Energy,Invocated skills have 30% 증가 최대 에너지,
tree_sd,33914:1,10% increased maximum Energy Shield,10% 증가 최대 에너지 보호막,
tree_sd,33914:2,6% increased Mana Regeneration Rate,6% 증가 마나 재생 Rate,
tree_sd,33922:1,Exposure you inflict lowers Resistances by an additional 5%,Exposure you inflict lowers 저항 by an 추가 5%,
tree_sd,33939:1,+15% of Armour also applies to Cold Damage,+15%의 방어도 also applies에 냉기 피해,
tree_sd,33946:1,10% increased Critical Hit Chance for Attacks,10% 증가 치명타 확률 동안 공격,
tree_sd,33964:1,10% increased Critical Hit Chance with Traps,10% 증가 치명타 확률 보유 Traps,
tree_sd,33974:1,6% increased Attack Damage,6% 증가 공격 피해,
tree_sd,33974:2,5% increased Accuracy Rating,5% 증가 정확도 Rating,
tree_sd,33978:1,10% increased Block chance,10% 증가 막기 확률,
tree_sd,33978:2,15% reduced Slowing Potency of Debuffs on You,15% 감소 Slowing Potency의 Debuffs 시 You,
tree_sd,33979:1,"If you would gain a Charge, Allies in your Presence gain that Charge instead","If you would 획득 a 충전, 동료 in your Presence 획득 that 충전 instead",
tree_sd,34006:1,15% increased maximum Energy Shield,15% 증가 최대 에너지 보호막,
tree_sd,34015:1,+5 to any Attribute,+5에 any 능력치,
tree_sd,34030:1,Offerings have 15% increased Maximum Life,Offerings have 15% 증가 최대 생명력,
tree_sd,34058:1,+5 to any Attribute,+5에 any 능력치,
tree_sd,34061:1,12% increased Armour and Evasion Rating,12% 증가 방어도 및 회피 Rating,
tree_sd,34074:1,10% increased Critical Hit Chance for Attacks,10% 증가 치명타 확률 동안 공격,
tree_sd,34076:1,25% increased Block Recovery,25% 증가 막기 Recovery,
tree_sd,34090:1,10% increased Armour,10% 증가 방어도,
tree_sd,34090:2,+10% of Armour also applies to Fire Damage,+10%의 방어도 also applies에 화염 피해,
tree_sd,34096:1,12% increased Spell Damage,12% 증가 주문 피해,
tree_sd,34136:1,+5 to any Attribute,+5에 any 능력치,
tree_sd,34143:1,16% increased Physical Damage,16% 증가 물리 피해,
tree_sd,3414:1,Minions have +20% to Lightning Resistance,소환수 have +20%에 번개 저항,
tree_sd,34168:1,36% increased Damage if you've dealt a Critical Hit in the past 8 seconds,36% 증가 피해 if you've dealt a 치명타 명중 in the past 8 seconds,
tree_sd,34181:1,+3 to Maximum Rage,+3에 최대 격노,
tree_sd,34187:1,12% increased Damage with Plant Skills,12% 증가 피해 보유 Plant Skills,
tree_sd,34199:1,Minions have 15% increased Critical Damage Bonus,소환수 have 15% 증가 치명타 피해 보너스,
tree_sd,3419:1,10% increased Damage with Daggers,10% 증가 피해 보유 Daggers,
tree_sd,34201:1,+5 to any Attribute,+5에 any 능력치,
tree_sd,34202:1,+8 to Strength,+8에 Strength,
tree_sd,34207:1,"Grants Skill: Ruzhan, the Blazing Sword","Grants Skill: Ruzhan, the Blazing Sword",
tree_sd,34210:1,10% increased Damage with Two Handed Weapons,10% 증가 피해 보유 Two Handed Weapons,
tree_sd,34233:1,5% increased Skill Speed,5% 증가 Skill 속도,
tree_sd,34233:2,15% increased Mana Regeneration Rate,15% 증가 마나 재생 Rate,
tree_sd,34248:1,10% increased Mana Regeneration Rate,10% 증가 마나 재생 Rate,
tree_sd,34290:1,10% increased Ignite Magnitude,10% 증가 점화 Magnitude,
tree_sd,34300:1,20% increased Mana Regeneration Rate,20% 증가 마나 재생 Rate,
tree_sd,34300:2,15% increased Mana Cost Efficiency,15% 증가 마나 Cost 효율,
tree_sd,34305:1,5% increased Attack Damage,5% 증가 공격 피해,
tree_sd,34305:2,8% increased Glory generation,8% 증가 Glory generation,
tree_sd,34308:1,20% increased Attack Damage,20% 증가 공격 피해,
tree_sd,34308:2,12% increased Immobilisation buildup,12% 증가 Immobilisation 누적,
tree_sd,34313:1,Enemy Critical Hit Chance against you is Unlucky,Enemy 치명타 확률 against you is Unlucky,
tree_sd,34313:2,Damage of Enemies Hitting you is Unlucky,피해의 Enemies Hitting you is Unlucky,
tree_sd,34316:1,10% chance to Daze on Hit,10% 확률에 Daze 시 명중,
tree_sd,34316:2,30% increased Defences while wielding a Quarterstaff,30% 증가 Defences 동안 wielding a 육척봉,
tree_sd,34316:3,30% increased Freeze Buildup with Quarterstaves,30% 증가 동결 누적 보유 Quarterstaves,
tree_sd,34316:4,30% increased Stun Buildup with Quarterstaves,30% 증가 기절 누적 보유 Quarterstaves,
tree_sd,3431:1,3% increased Skill Speed,3% 증가 Skill 속도,
tree_sd,34324:1,+1 to Maximum Energy Shield per 12 Item Evasion Rating on Equipped Body Armour,+1에 최대 에너지 보호막 per 12 Item 회피 Rating 시 Equipped Body 방어도,
tree_sd,34327:1,15% increased Spell Damage while you have Arcane Surge,15% 증가 주문 피해 동안 you have Arcane Surge,
tree_sd,34340:1,Allies in your Presence Regenerate 1% of your Maximum Life per second,동료 in your Presence Regenerate 1%의 your 최대 생명력 per second,
tree_sd,34340:2,Regenerate 0.5% of maximum Life per second,Regenerate 0.5%의 최대 생명력 per second,
tree_sd,34367:1,3% of Damage taken Recouped as Life,3%의 피해 taken Recouped as 생명력,
tree_sd,34375:1,25% increased Defences from Equipped Shield,25% 증가 Defences에서 Equipped 방패,
tree_sd,3438:1,Invocated Spells deal 15% increased Damage,Invocated Spells deal 15% 증가 피해,
tree_sd,34412:1,12% increased Damage while Shapeshifted,12% 증가 피해 동안 Shapeshifted,
tree_sd,34415:1,12% increased Physical Damage,12% 증가 물리 피해,
tree_sd,34419:1,"Become Ignited when you deal a Critical Hit, taking 15% of your maximum Life and Energy Shield as Fire Damage per second","Become Ignited when you deal a 치명타 명중, taking 15%의 your 최대 생명력 및 에너지 보호막 as 화염 피해 per second",
tree_sd,34419:2,50% more Critical Damage Bonus,50% more 치명타 피해 보너스,
tree_sd,34425:1,Volatile Power also grants 1% increased Critical Hit chance per Volatility exploded,Volatile 권능 also grants 1% 증가 치명타 명중 확률 per Volatility exploded,
tree_sd,34433:1,12% increased Armour and Evasion Rating,12% 증가 방어도 및 회피 Rating,
tree_sd,3443:1,Minions deal 10% increased Damage,소환수 deal 10% 증가 피해,
tree_sd,34449:1,10% increased Critical Hit Chance with Traps,10% 증가 치명타 확률 보유 Traps,
tree_sd,3446:1,+5 to any Attribute,+5에 any 능력치,
tree_sd,34473:1,3% increased Movement Speed,3% 증가 이동 속도,
tree_sd,34473:2,29% increased Chaos Damage,29% 증가 카오스 피해,
tree_sd,34473:3,+13 to all Attributes,+13에 모든 능력치,
tree_sd,34473:4,-7% to Chaos Resistance,-7%에 카오스 저항,
tree_sd,34473:5,23% reduced Light Radius,23% 감소 Light Radius,
tree_sd,34490:1,10% chance for Shapeshift Slam Skills you use yourself to cause an additional Aftershock,10% 확률 동안 Shapeshift 강타 Skills you 사용 yourself에 cause an 추가 여진,
tree_sd,34493:1,10% increased Damage,10% 증가 피해,
tree_sd,34493:2,Minions deal 10% increased Damage,소환수 deal 10% 증가 피해,
tree_sd,34497:1,Take 50% less Damage over Time if you've started taking Damage over Time in the past second,Take 50% less 피해 over Time if you've started taking 피해 over Time in the past second,
tree_sd,34497:2,Take 50% more Damage over Time if you haven't started taking Damage over Time in the past second,Take 50% more 피해 over Time if you haven't started taking 피해 over Time in the past second,
tree_sd,34501:1,15% increased Armour and Evasion Rating,15% 증가 방어도 및 회피 Rating,
tree_sd,34520:1,10% increased Physical Damage,10% 증가 물리 피해,
tree_sd,34531:1,Gain additional Ailment Threshold equal to 20% of maximum Energy Shield,획득 추가 상태 이상 한계값 equal에 20%의 최대 에너지 보호막,
tree_sd,34531:2,Gain additional Stun Threshold equal to 20% of maximum Energy Shield,획득 추가 기절 한계값 equal에 20%의 최대 에너지 보호막,
tree_sd,34541:1,30% increased Energy Shield Recharge Rate,30% 증가 에너지 보호막 재충전 Rate,
tree_sd,34541:2,5% increased Deflection Rating,5% 증가 Deflection Rating,
tree_sd,34543:1,30% increased Damage if you've consumed a Frenzy Charge Recently,30% 증가 피해 if you've consumed a 격분 충전 Recently,
tree_sd,34543:2,10% increased Skill Speed if you've consumed a Frenzy Charge Recently,10% 증가 Skill 속도 if you've consumed a 격분 충전 Recently,
tree_sd,34543:3,+10 to Strength,+10에 Strength,
tree_sd,34553:1,Minions deal 30% increased Damage if you've Hit Recently,소환수 deal 30% 증가 피해 if you've 명중 Recently,
tree_sd,3458:1,15% increased Critical Damage Bonus,15% 증가 치명타 피해 보너스,
tree_sd,34612:1,12% increased Damage with Bows,12% 증가 피해 보유 Bows,
tree_sd,34621:1,15% increased Critical Damage Bonus,15% 증가 치명타 피해 보너스,
tree_sd,34623:1,"10% increased Endurance, Frenzy and Power Charge Duration","10% 증가 인내, 격분 및 권능 충전 지속시간",
tree_sd,34623:2,+5 to Dexterity,+5에 Dexterity,
tree_sd,34626:1,Recover 2% of maximum Life for each Endurance Charge consumed,Recover 2%의 최대 생명력 동안 each 인내 충전 consumed,
tree_sd,3463:1,+5 to any Attribute,+5에 any 능력치,
tree_sd,34671:1,10% increased Stun Threshold,10% 증가 기절 한계값,
tree_sd,34671:2,+5 to Strength,+5에 Strength,
tree_sd,34702:1,Companions deal 12% increased Damage,Companions deal 12% 증가 피해,
tree_sd,34702:2,10% increased Damage while your Companion is in your Presence,10% 증가 피해 동안 your 동료 is in your Presence,
tree_sd,34717:1,16% increased Mana Regeneration Rate while not on Low Mana,16% 증가 마나 재생 Rate 동안 not 시 Low 마나,
tree_sd,3472:1,10% increased Critical Hit Chance for Spells,10% 증가 치명타 확률 동안 Spells,
tree_sd,34747:1,8% increased Accuracy Rating,8% 증가 정확도 Rating,
tree_sd,34769:1,25% increased Life Regeneration rate,25% 증가 생명력 재생 rate,
tree_sd,34785:1,+1 Ring Slot,+1 반지 Slot,
tree_sd,34813:1,+3 to all Attributes,+3에 모든 능력치,
tree_sd,34817:1,1% increased maximum Darkness per 1% Chaos Resistance,1% 증가 최대 Darkness per 1% 카오스 저항,
tree_sd,34818:1,+5% to Fire Resistance,+5%에 화염 저항,
tree_sd,34840:1,+5 to any Attribute,+5에 any 능력치,
tree_sd,34845:1,10% increased Hazard Area of Effect,10% 증가 Hazard 범위의 효과,
tree_sd,34853:1,Hits against you have 5% reduced Critical Damage Bonus,명중 against you have 5% 감소 치명타 피해 보너스,
tree_sd,34853:2,+5 to Strength,+5에 Strength,
tree_sd,34866:1,Remnants have 10% increased effect,Remnants have 10% 증가 효과,
tree_sd,34871:1,Gain 2 Rage when Hit by an Enemy,획득 2 격노 when 명중 by an Enemy,
tree_sd,34882:1,+2% to Quality of all Skills,+2%에 Quality의 모든 Skills,
tree_sd,34892:1,Aura Skills have 5% increased Magnitudes,오라 Skills have 5% 증가 Magnitudes,
tree_sd,34898:1,Debuffs on you expire 10% faster,Debuffs 시 you expire 10% faster,
tree_sd,34908:1,Deflected Hits cannot inflict Maim on you,Deflected 명중 cannot inflict Maim 시 you,
tree_sd,34908:2,Deflected Hits cannot inflict Bleeding on you,Deflected 명중 cannot inflict 출혈 시 you,
tree_sd,34912:1,10% increased Trap Damage,10% 증가 덫 피해,
tree_sd,3492:1,29% increased Chaos Damage,29% 증가 카오스 피해,
tree_sd,3492:2,Enemies you Curse have -3% to Chaos Resistance,Enemies you 저주 have -3%에 카오스 저항,
tree_sd,34940:1,60% increased Stun Threshold while Channelling,60% 증가 기절 한계값 동안 집중 유지,
tree_sd,34940:2,30% of Damage taken Recouped as Life while Channelling,30%의 피해 taken Recouped as 생명력 동안 집중 유지,
tree_sd,34968:1,8% reduced Slowing Potency of Debuffs on You,8% 감소 Slowing Potency의 Debuffs 시 You,
tree_sd,34990:1,10% chance to Poison on Hit,10% 확률에 독 시 명중,
tree_sd,35011:1,16% increased Attack Damage while you have an Ally in your Presence,16% 증가 공격 피해 동안 you have an 동료 in your Presence,
tree_sd,35015:1,10% increased Magnitude of Bleeding you inflict,10% 증가 Magnitude의 출혈 you inflict,
tree_sd,35028:1,Regenerate 2.5% of maximum Life per second while Surrounded,Regenerate 2.5%의 최대 생명력 per second 동안 포위,
tree_sd,35031:1,3% increased maximum Life,3% 증가 최대 생명력,
tree_sd,35031:2,10% increased Life Recovery rate,10% 증가 생명력 Recovery rate,
tree_sd,35033:1,4% increased Skill Speed,4% 증가 Skill 속도,
tree_sd,35043:1,10% increased Parried Debuff Magnitude,10% 증가 Parried Debuff Magnitude,
tree_sd,35048:1,10% increased Critical Hit Chance for Attacks,10% 증가 치명타 확률 동안 공격,
tree_sd,35058:1,25% increased Stun Threshold if you haven't been Stunned Recently,25% 증가 기절 한계값 if you haven't been Stunned Recently,
tree_sd,35095:1,10% increased Chaos Damage,10% 증가 카오스 피해,
tree_sd,35151:1,15% increased Stun Threshold,15% 증가 기절 한계값,
tree_sd,3516:1,10% increased Melee Damage,10% 증가 근접 피해,
tree_sd,35171:1,Spell Skills have 6% increased Area of Effect,주문 Skills have 6% 증가 범위의 효과,
tree_sd,35173:1,5% increased Critical Hit Chance,5% 증가 치명타 확률,
tree_sd,35173:2,8% increased Physical Damage,8% 증가 물리 피해,
tree_sd,35187:1,20% increased Movement Speed while an enemy with an Open Weakness is in your Presence,20% 증가 이동 속도 동안 an enemy 보유 an Open Weakness is in your Presence,
tree_sd,35187:2,40% increased Skill Speed while an enemy with an Open Weakness is in your Presence,40% 증가 Skill 속도 동안 an enemy 보유 an Open Weakness is in your Presence,
tree_sd,35223:1,3% increased Attack Speed with Spears,3% 증가 공격 속도 보유 Spears,
tree_sd,35234:1,10% increased Projectile Damage,10% 증가 투사체 피해,
tree_sd,35265:1,+5 to any Attribute,+5에 any 능력치,
tree_sd,35284:1,6% increased Reservation Efficiency of Herald Skills,6% 증가 Reservation 효율의 Herald Skills,
tree_sd,35324:1,Ignites you inflict deal Damage 15% faster,Ignites you inflict deal 피해 15% faster,
tree_sd,35369:1,35% increased Mana Regeneration Rate while stationary,35% 증가 마나 재생 Rate 동안 stationary,
tree_sd,35380:1,10% increased Withered Magnitude,10% 증가 Withered Magnitude,
tree_sd,35393:1,30% increased Armour while Bleeding,30% 증가 방어도 동안 출혈,
tree_sd,35404:1,+5% to Cold Resistance,+5%에 냉기 저항,
tree_sd,35408:1,40% increased Energy Shield from Equipped Focus,40% 증가 에너지 보호막에서 Equipped 집중구,
tree_sd,35417:1,40% increased chance to inflict Elemental Ailments if you have Shapeshifted to an Animal form Recently,40% 증가 확률에 inflict 원소 상태 이상 if you have Shapeshifted에 an Animal form Recently,
tree_sd,35426:1,+5 to any Attribute,+5에 any 능력치,
tree_sd,3543:1,12% increased Attack Cold Damage,12% 증가 공격 냉기 피해,
tree_sd,3544:1,15% increased Lightning Damage,15% 증가 번개 피해,
tree_sd,35453:1,Slam Skills have 8% increased Area of Effect,강타 Skills have 8% 증가 범위의 효과,
tree_sd,35477:1,30% reduced penalty to Accuracy Rating at range,30% 감소 penalty에 정확도 Rating at range,
tree_sd,354:1,15% increased Cooldown Recovery Rate for Grenade Skills,15% 증가 Cooldown Recovery Rate 동안 수류탄 Skills,
tree_sd,35503:1,6% increased Mana Regeneration Rate,6% 증가 마나 재생 Rate,
tree_sd,35503:2,10% increased Magnitude of Shock you inflict,10% 증가 Magnitude의 감전 you inflict,
tree_sd,35534:1,Mark Skills have 10% increased Use Speed,징표 Skills have 10% 증가 사용 속도,
tree_sd,35558:1,Minions Revive 5% faster,소환수 Revive 5% faster,
tree_sd,35560:1,Minions deal 10% increased Damage with Command Skills for each different type of Persistent Minion in your Presence,소환수 deal 10% 증가 피해 보유 Command Skills 동안 each different type의 Persistent 소환수 in your Presence,
tree_sd,35564:1,15% increased Spell Damage,15% 증가 주문 피해,
tree_sd,35564:2,10% reduced Projectile Speed for Spell Skills,10% 감소 투사체 속도 동안 주문 Skills,
tree_sd,35581:1,16% reduced Skill Effect Duration,16% 감소 Skill 효과 지속시간,
tree_sd,35581:2,10% reduced Slowing Potency of Debuffs on You,10% 감소 Slowing Potency의 Debuffs 시 You,
tree_sd,35594:1,10% increased effect of Fully Broken Armour,10% 증가 효과의 Fully Broken 방어도,
tree_sd,35602:1,Offerings have 30% reduced Maximum Life,Offerings have 30% 감소 최대 생명력,
tree_sd,35618:1,25% increased Freeze Buildup,25% 증가 동결 누적,
tree_sd,35618:2,25% reduced Freeze Duration on you,25% 감소 동결 지속시간 시 you,
tree_sd,35618:3,25% increased Freeze Threshold,25% 증가 동결 한계값,
tree_sd,35644:1,10% increased Magnitude of Poison you inflict,10% 증가 Magnitude의 독 you inflict,
tree_sd,35645:1,Minions have 20% increased Cooldown Recovery Rate for Command Skills,소환수 have 20% 증가 Cooldown Recovery Rate 동안 Command Skills,
tree_sd,35653:1,12% increased Grenade Damage,12% 증가 수류탄 피해,
tree_sd,35660:1,3% increased Attack Speed,3% 증가 공격 속도,
tree_sd,35671:1,2% increased Attack Speed,2% 증가 공격 속도,
tree_sd,35671:2,+5 to Dexterity,+5에 Dexterity,
tree_sd,3567:1,8% increased maximum Mana,8% 증가 최대 마나,
tree_sd,3567:2,10% increased Mana Cost of Skills,10% 증가 마나 Cost의 Skills,
tree_sd,35688:1,Equipment and Skill Gems have 4% reduced Attribute Requirements,Equipment 및 Skill Gems have 4% 감소 능력치 Requirements,
tree_sd,35689:1,10% increased Damage,10% 증가 피해,
tree_sd,35696:1,+5 to any Attribute,+5에 any 능력치,
tree_sd,35708:1,12% increased Magnitude of Chill you inflict,12% 증가 Magnitude의 냉각 you inflict,
tree_sd,35720:1,10% increased Spell Damage,10% 증가 주문 피해,
tree_sd,35720:2,+10 to Strength,+10에 Strength,
tree_sd,35739:1,25% increased Armour Break Duration,25% 증가 방어도 파괴 지속시간,
tree_sd,35739:2,25% increased Attack Area Damage,25% 증가 공격 범위 피해,
tree_sd,35745:1,"2% chance that if you would gain Endurance Charges, you instead gain up to maximum Endurance Charges","2% 확률 that if you would 획득 인내 충전, you instead 획득 up에 최대 인내 충전",
tree_sd,35755:1,10% increased Critical Damage Bonus with Daggers,10% 증가 치명타 피해 보너스 보유 Daggers,
tree_sd,35760:1,10% increased Elemental Damage,10% 증가 원소 피해,
tree_sd,35762:1,No Inherent loss of Rage,No Inherent loss의 격노,
tree_sd,35762:2,Regenerate 6% of your maximum Rage per second,Regenerate 6%의 your 최대 격노 per second,
tree_sd,35762:3,Increases and Reductions to Mana Regeneration Rate also apply to Rage Regeneration Rate,Increases 및 Reductions에 마나 재생 Rate also apply에 격노 재생 Rate,
tree_sd,35762:4,Skills have +5 to Rage cost,Skills have +5에 격노 cost,
tree_sd,35762:5,+7 to Maximum Rage,+7에 최대 격노,
tree_sd,35787:1,10% increased Skill Effect Duration,10% 증가 Skill 효과 지속시간,
tree_sd,35792:1,Gain 8 Rage when you use a Life Flask,획득 8 격노 when you 사용 a 생명력 플라스크,
tree_sd,35801:1,25% increased Frenzy Charge Duration,25% 증가 격분 충전 지속시간,
tree_sd,35809:1,Regenerate 1% of maximum Life per Second if you've used a Life Flask in the past 10 seconds,Regenerate 1%의 최대 생명력 per Second if you've used a 생명력 플라스크 in the past 10 seconds,
tree_sd,35831:1,10% increased Mana Regeneration Rate,10% 증가 마나 재생 Rate,
tree_sd,35848:1,10% increased Life and Mana Recovery from Flasks,10% 증가 생명력 및 마나 Recovery에서 Flasks,
tree_sd,35849:1,Regenerate 0.5% of maximum Life per second,Regenerate 0.5%의 최대 생명력 per second,
tree_sd,35849:2,40% increased Life Regeneration Rate while stationary,40% 증가 생명력 재생 Rate 동안 stationary,
tree_sd,35855:1,20% increased amount of Life Leeched,20% 증가 amount의 생명력 Leeched,
tree_sd,35855:2,40% increased Armour and Evasion Rating while Leeching,40% 증가 방어도 및 회피 Rating 동안 Leeching,
tree_sd,35863:1,3% increased Attack Speed,3% 증가 공격 속도,
tree_sd,35876:1,25% increased Warcry Speed,25% 증가 Warcry 속도,
tree_sd,35876:2,25% increased Warcry Cooldown Recovery Rate,25% 증가 Warcry Cooldown Recovery Rate,
tree_sd,35878:1,12% increased Elemental Damage with Attacks,12% 증가 원소 피해 보유 공격,
tree_sd,35880:1,4% increased Cast Speed,4% 증가 시전 속도,
tree_sd,35896:1,+5 to any Attribute,+5에 any 능력치,
tree_sd,35901:1,+5 to any Attribute,+5에 any 능력치,
tree_sd,35918:1,40% increased Presence Area of Effect,40% 증가 Presence 범위의 효과,
tree_sd,35918:2,8% reduced Area of Effect,8% 감소 범위의 효과,
tree_sd,35920:1,+3 to Maximum Rage,+3에 최대 격노,
tree_sd,35921:1,6% increased Area of Effect for Attacks,6% 증가 범위의 효과 동안 공격,
tree_sd,35966:1,8% of Damage taken Recouped as Life,8%의 피해 taken Recouped as 생명력,
tree_sd,35966:2,Regenerate 0.5% of maximum Life per second if you have been Hit Recently,Regenerate 0.5%의 최대 생명력 per second if you have been 명중 Recently,
tree_sd,35974:1,16% increased Totem Life,16% 증가 토템 생명력,
tree_sd,35985:1,10% increased Melee Damage,10% 증가 근접 피해,
tree_sd,35987:1,4% increased Movement Speed,4% 증가 이동 속도,
tree_sd,35987:2,20% increased Evasion Rating,20% 증가 회피 Rating,
tree_sd,35987:3,+10 to Dexterity,+10에 Dexterity,
tree_sd,3601:1,12% increased Fire Damage,12% 증가 화염 피해,
tree_sd,36025:1,Minions deal 12% increased Damage,소환수 deal 12% 증가 피해,
tree_sd,36027:1,12% increased Attack Damage,12% 증가 공격 피해,
tree_sd,3605:1,Grants Skill: Time Snap,Grants Skill: Time Snap,
tree_sd,36070:1,6% increased Area of Effect for Attacks,6% 증가 범위의 효과 동안 공격,
tree_sd,36085:1,10% increased Critical Hit Chance for Attacks,10% 증가 치명타 확률 동안 공격,
tree_sd,36085:2,30% increased Attack Damage against Rare or Unique Enemies,30% 증가 공격 피해 against Rare or Unique Enemies,
tree_sd,36100:1,Gain 8% of Damage as Extra Fire Damage while Shapeshifted,획득 8%의 피해 as Extra 화염 피해 동안 Shapeshifted,
tree_sd,36109:1,Grants Skill: Kelari's Malediction,Grants Skill: Kelari's Malediction,
tree_sd,36114:1,12% increased Attack Damage while moving,12% 증가 공격 피해 동안 moving,
tree_sd,36163:1,5% increased Block chance,5% 증가 막기 확률,
tree_sd,36169:1,10% increased Grenade Area of Effect,10% 증가 수류탄 범위의 효과,
tree_sd,36170:1,12% increased Armour and Evasion Rating,12% 증가 방어도 및 회피 Rating,
tree_sd,36191:1,12% increased Stun Threshold,12% 증가 기절 한계값,
tree_sd,36197:1,30% increased Totem Placement speed,30% 증가 토템 Placement 속도,
tree_sd,36217:1,15% increased Volatility Explosion delay,15% 증가 Volatility 폭발 delay,
tree_sd,36231:1,20% increased Critical Damage Bonus if you've consumed a Power Charge Recently,20% 증가 치명타 피해 보너스 if you've consumed a 권능 충전 Recently,
tree_sd,3624:1,15% increased Pin Buildup,15% 증가 Pin 누적,
tree_sd,36250:1,15% increased Life Regeneration rate while Shapeshifted,15% 증가 생명력 재생 rate 동안 Shapeshifted,
tree_sd,36270:1,5% chance to Daze on Hit,5% 확률에 Daze 시 명중,
tree_sd,36286:1,10% increased Spell Damage,10% 증가 주문 피해,
tree_sd,36286:2,Minions deal 10% increased Damage,소환수 deal 10% 증가 피해,
tree_sd,3628:1,15% faster start of Energy Shield Recharge,15% faster start의 에너지 보호막 재충전,
tree_sd,36290:1,15% faster start of Energy Shield Recharge,15% faster start의 에너지 보호막 재충전,
tree_sd,36293:1,Damage Penetrates 6% Lightning Resistance,피해 Penetrates 6% 번개 저항,
tree_sd,36298:1,10% increased Magnitude of Ailments you inflict,10% 증가 Magnitude의 상태 이상 you inflict,
tree_sd,36302:1,6% increased Cast Speed,6% 증가 시전 속도,
tree_sd,3630:1,10% increased Evasion Rating,10% 증가 회피 Rating,
tree_sd,3630:2,10% increased Energy Shield Recharge Rate,10% 증가 에너지 보호막 재충전 Rate,
tree_sd,36325:1,Damage Penetrates 6% Fire Resistance,피해 Penetrates 6% 화염 저항,
tree_sd,36333:1,Empowered Attacks deal 20% increased Damage,Empowered 공격 deal 20% 증가 피해,
tree_sd,36333:2,"Enemies you kill with Empowered Attacks have a 10% chance to Explode, dealing a tenth of their maximum Life as Fire Damage","Enemies you kill 보유 Empowered 공격 have a 10% 확률에 Explode, dealing a tenth의 their 최대 생명력 as 화염 피해",
tree_sd,36341:1,40% increased Culling Strike Threshold against Rare or Unique Enemies,40% 증가 Culling Strike 한계값 against Rare or Unique Enemies,
tree_sd,36358:1,7% increased Chaos Damage,7% 증가 카오스 피해,
tree_sd,36364:1,Enemies you Electrocute have 20% increased Damage taken,Enemies you Electrocute have 20% 증가 피해 taken,
tree_sd,36379:1,10% increased Mana Regeneration Rate,10% 증가 마나 재생 Rate,
tree_sd,36389:1,Gain 1 Rage on Melee Hit,획득 1 격노 시 근접 명중,
tree_sd,36408:1,35% increased Physical Damage,35% 증가 물리 피해,
tree_sd,3640:1,5% increased Attack Damage,5% 증가 공격 피해,
tree_sd,3640:2,5% Chance to build an additional Combo on Hit,5% 확률에 build an 추가 Combo 시 명중,
tree_sd,36449:1,15% increased Pin Buildup,15% 증가 Pin 누적,
tree_sd,36450:1,12% increased Spell Damage while on Full Energy Shield,12% 증가 주문 피해 동안 시 Full 에너지 보호막,
tree_sd,36474:1,15% reduced effect of Curses on you,15% 감소 효과의 Curses 시 you,
tree_sd,36478:1,10% increased Attack Damage,10% 증가 공격 피해,
tree_sd,36479:1,Gain 5% of Damage as Extra Lightning Damage,획득 5%의 피해 as Extra 번개 피해,
tree_sd,36479:2,30% increased chance to Shock,30% 증가 확률에 감전,
tree_sd,364:1,+3 to all Attributes,+3에 모든 능력치,
tree_sd,36504:1,15% increased Freeze Buildup,15% 증가 동결 누적,
tree_sd,36507:1,Minions have 20% increased maximum Life,소환수 have 20% 증가 최대 생명력,
tree_sd,36507:2,Minions Regenerate 3% of maximum Life per second,소환수 Regenerate 3%의 최대 생명력 per second,
tree_sd,36507:3,Minions have +13% to Chaos Resistance,소환수 have +13%에 카오스 저항,
tree_sd,36522:1,6% increased Area of Effect for Attacks,6% 증가 범위의 효과 동안 공격,
tree_sd,3652:1,5% increased Projectile Speed,5% 증가 투사체 속도,
tree_sd,3652:2,8% increased Physical Damage,8% 증가 물리 피해,
tree_sd,36540:1,+5% to Lightning Resistance,+5%에 번개 저항,
tree_sd,36556:1,8% increased Global Defences while Channelling,8% 증가 Global Defences 동안 집중 유지,
tree_sd,36564:1,Reserves 25% of Life,Reserves 25%의 생명력,
tree_sd,36564:2,+1 to Maximum Mana per 6 Maximum Life,+1에 최대 마나 per 6 최대 생명력,
tree_sd,36576:1,10% increased Attack Damage,10% 증가 공격 피해,
tree_sd,36596:1,30% increased Damage with Hits against Enemies that are on Low Life,30% 증가 피해 보유 명중 against Enemies that are 시 Low 생명력,
tree_sd,36602:1,15% increased Critical Damage Bonus,15% 증가 치명타 피해 보너스,
tree_sd,3660:1,8% chance to Blind Enemies on Hit with Attacks,8% 확률에 Blind Enemies 시 명중 보유 공격,
tree_sd,36623:1,15% reduced Energy Shield Recharge Rate,15% 감소 에너지 보호막 재충전 Rate,
tree_sd,36623:2,40% faster start of Energy Shield Recharge,40% faster start의 에너지 보호막 재충전,
tree_sd,36629:1,+5 to any Attribute,+5에 any 능력치,
tree_sd,36630:1,50% increased effect of Incision,50% 증가 효과의 Incision,
tree_sd,36639:1,20% increased Curse Duration,20% 증가 저주 지속시간,
tree_sd,36659:1,Fully Broken Armour you inflict increases all Damage Taken from Hits instead,Fully Broken 방어도 you inflict increases 모든 피해 Taken에서 명중 instead,
tree_sd,36659:2,You can Break Enemy Armour to below 0,You can 파괴 Enemy 방어도에 below 0,
tree_sd,36676:1,Grants 1 Passive Skill Point,Grants 1 Passive Skill Point,
tree_sd,36677:1,10% increased Damage with Spears,10% 증가 피해 보유 Spears,
tree_sd,36696:1,3% increased maximum Life,3% 증가 최대 생명력,
tree_sd,36709:1,12% increased Stun Threshold,12% 증가 기절 한계값,
tree_sd,36723:1,15% increased Stun Buildup,15% 증가 기절 누적,
tree_sd,36723:2,15% increased Freeze Buildup,15% 증가 동결 누적,
tree_sd,36728:1,+1% to Maximum Cold Resistance per 3 Blue Support Gems Socketed,+1%에 최대 냉기 저항 per 3 Blue 보조 Gems Socketed,
tree_sd,36728:2,+1% to Maximum Fire Resistance per 3 Red Support Gems Socketed,+1%에 최대 화염 저항 per 3 Red 보조 Gems Socketed,
tree_sd,36728:3,+1% to Maximum Lightning Resistance per 3 Green Support Gems Socketed,+1%에 최대 번개 저항 per 3 Green 보조 Gems Socketed,
tree_sd,36737:1,10% increased Area Damage,10% 증가 범위 피해,
tree_sd,36746:1,15% increased Energy Shield Recharge Rate,15% 증가 에너지 보호막 재충전 Rate,
tree_sd,36778:1,15% increased chance to Shock,15% 증가 확률에 감전,
tree_sd,36782:1,15% increased Freeze Buildup,15% 증가 동결 누적,
tree_sd,36788:1,11% increased amount of Life Leeched,11% 증가 amount의 생명력 Leeched,
tree_sd,36788:2,11% increased amount of Mana Leeched,11% 증가 amount의 마나 Leeched,
tree_sd,36808:1,2% increased Attack Damage per 75 Item Armour and Evasion Rating on Equipped Shield,2% 증가 공격 피해 per 75 Item 방어도 및 회피 Rating 시 Equipped 방패,
tree_sd,36808:2,50% increased Defences from Equipped Shield,50% 증가 Defences에서 Equipped 방패,
tree_sd,36814:1,20% increased Curse Duration,20% 증가 저주 지속시간,
tree_sd,3681:1,17% increased Elemental Ailment Threshold,17% 증가 원소 상태 이상 한계값,
tree_sd,36822:1,3% increased Attributes,3% 증가 능력치,
tree_sd,3685:1,+3 to all Attributes,+3에 모든 능력치,
tree_sd,36880:1,15% increased effect of Arcane Surge on you,15% 증가 효과의 Arcane Surge 시 you,
tree_sd,3688:1,40% increased Damage if you've Triggered a Skill Recently,40% 증가 피해 if you've Triggered a Skill Recently,
tree_sd,3688:2,Meta Skills gain 15% increased Energy,Meta Skills 획득 15% 증가 에너지,
tree_sd,36891:1,Non-Unique Time-Lost Jewels have 40% increased radius,Non-Unique Time-Lost Jewels have 40% 증가 radius,
tree_sd,36894:1,5% chance to inflict Bleeding on Hit,5% 확률에 inflict 출혈 시 명중,
tree_sd,36927:1,Mark Skills have 10% increased Use Speed,징표 Skills have 10% 증가 사용 속도,
tree_sd,36931:1,25% increased Attack Damage,25% 증가 공격 피해,
tree_sd,36931:2,5% chance to Daze on Hit,5% 확률에 Daze 시 명중,
tree_sd,36976:1,Culling Strike against Enemies you Mark,Culling Strike against Enemies you 징표,
tree_sd,3698:1,Enemies in Jagged Ground you create take 10% increased Damage,Enemies in Jagged Ground you create take 10% 증가 피해,
tree_sd,36994:1,15% increased maximum Energy Shield,15% 증가 최대 에너지 보호막,
tree_sd,36997:1,20% increased Stun Threshold while Parrying,20% 증가 기절 한계값 동안 Parrying,
tree_sd,3700:1,15% increased Stun Buildup,15% 증가 기절 누적,
tree_sd,3700:2,15% increased Freeze Buildup,15% 증가 동결 누적,
tree_sd,37026:1,Break 10% increased Armour,파괴 10% 증가 방어도,
tree_sd,37026:2,6% increased Physical Damage,6% 증가 물리 피해,
tree_sd,37046:1,15% more Damage against Enemies affected by Blood Boils,15% more 피해 against Enemies affected by 피 Boils,
tree_sd,37046:2,Grants Skill: Blood Boil,Grants Skill: 피 Boil,
tree_sd,3704:1,Enemies have Maximum Concentration equal to 30% of their Maximum Life,Enemies have 최대 Concentration equal에 30%의 their 최대 생명력,
tree_sd,3704:2,Break enemy Concentration on Hit equal to 100% of Damage Dealt,파괴 enemy Concentration 시 명중 equal에 100%의 피해 Dealt,
tree_sd,3704:3,Enemies regain 10% of Concentration every second if they haven't lost Concentration in the past 5 seconds,Enemies regain 10%의 Concentration every second if they haven't lost Concentration in the past 5 seconds,
tree_sd,37078:1,"10% chance for Enemies you Kill to Explode, dealing 100%","10% 확률 동안 Enemies you Kill에 Explode, dealing 100%",
tree_sd,37078:2,of their maximum Life as Physical Damage,of their 최대 생명력 as 물리 피해,
tree_sd,37078:3,Chance is doubled against Undead and Demons,확률 is doubled against Undead 및 Demons,
tree_sd,37092:1,Debuffs you inflict have 7% increased Slow Magnitude,Debuffs you inflict have 7% 증가 Slow Magnitude,
tree_sd,37092:2,7% increased Exposure Effect,7% 증가 Exposure 효과,
tree_sd,37164:1,10% increased Magnitude of Non-Damaging Ailments you inflict,10% 증가 Magnitude의 Non-Damaging 상태 이상 you inflict,
tree_sd,3717:1,12% increased Damage with Crossbows,12% 증가 피해 보유 Crossbows,
tree_sd,37187:1,20% increased Damage against Immobilised Enemies while Shapeshifted,20% 증가 피해 against Immobilised Enemies 동안 Shapeshifted,
tree_sd,37190:1,10% increased amount of Life Leeched,10% 증가 amount의 생명력 Leeched,
tree_sd,37220:1,15% increased Evasion Rating,15% 증가 회피 Rating,
tree_sd,37226:1,16% increased Warcry Speed,16% 증가 Warcry 속도,
tree_sd,3723:1,8% increased Attack Damage,8% 증가 공격 피해,
tree_sd,3723:2,Minions deal 8% increased Damage,소환수 deal 8% 증가 피해,
tree_sd,37242:1,12% increased Stun Threshold,12% 증가 기절 한계값,
tree_sd,37244:1,12% increased Block chance,12% 증가 막기 확률,
tree_sd,37244:2,40% increased Block Recovery,40% 증가 막기 Recovery,
tree_sd,37250:1,10% increased Attack Area Damage,10% 증가 공격 범위 피해,
tree_sd,37258:1,+5 to any Attribute,+5에 any 능력치,
tree_sd,37260:1,16% increased Warcry Speed,16% 증가 Warcry 속도,
tree_sd,37266:1,Companions have 20% increased maximum Life,Companions have 20% 증가 최대 생명력,
tree_sd,37266:2,20% increased Life Recovery Rate while your Companion is in your Presence,20% 증가 생명력 Recovery Rate 동안 your 동료 is in your Presence,
tree_sd,37276:1,+8 to Maximum Rage,+8에 최대 격노,
tree_sd,37279:1,8% increased Mana Regeneration Rate,8% 증가 마나 재생 Rate,
tree_sd,37279:2,8% increased Elemental Damage,8% 증가 원소 피해,
tree_sd,37290:1,+3 to maximum Rage while Shapeshifted,+3에 최대 격노 동안 Shapeshifted,
tree_sd,372:1,+30% of Armour also applies to Fire Damage,+30%의 방어도 also applies에 화염 피해,
tree_sd,372:2,30% reduced Magnitude of Ignite on you,30% 감소 Magnitude의 점화 시 you,
tree_sd,37302:1,Attacks used by Ballistas have 10% increased Attack Speed,공격 used by Ballistas have 10% 증가 공격 속도,
tree_sd,37302:2,50% increased Ballista Immobilisation buildup,50% 증가 Ballista Immobilisation 누적,
tree_sd,37304:1,10% increased Magnitude of Chill you inflict,10% 증가 Magnitude의 냉각 you inflict,
tree_sd,37304:2,10% increased Magnitude of Shock you inflict,10% 증가 Magnitude의 감전 you inflict,
tree_sd,37327:1,10% increased Mana Regeneration Rate,10% 증가 마나 재생 Rate,
tree_sd,37336:1,50% chance when you gain a Frenzy Charge to gain an additional Frenzy Charge,50% 확률 when you 획득 a 격분 충전에 획득 an 추가 격분 충전,
tree_sd,37361:1,10% increased Magnitude of Bleeding you inflict,10% 증가 Magnitude의 출혈 you inflict,
tree_sd,37372:1,3% increased Attack and Cast Speed with Lightning Skills,3% 증가 공격 및 시전 속도 보유 번개 Skills,
tree_sd,37389:1,10% increased Attack Damage,10% 증가 공격 피해,
tree_sd,37397:1,+2 to Level of all Skills with an Intelligence requirement,+2에 Level의 모든 Skills 보유 an 지능 requirement,
tree_sd,37408:1,Life Flasks gain 0.1 charges per Second,생명력 Flasks 획득 0.1 충전 per Second,
tree_sd,37408:2,+10 to Strength,+10에 Strength,
tree_sd,37414:1,10% increased Accuracy Rating,10% 증가 정확도 Rating,
tree_sd,3744:1,+8 to Dexterity,+8에 Dexterity,
tree_sd,37450:1,10% increased chance to inflict Ailments,10% 증가 확률에 inflict 상태 이상,
tree_sd,37484:1,100% more Maximum Rage,100% more 최대 격노,
tree_sd,37484:2,Regenerate 1 Rage per second per 4 Rage spent Recently,Regenerate 1 격노 per second per 4 격노 spent Recently,
tree_sd,37484:3,No Rage effect,No 격노 효과,
tree_sd,37509:1,15% increased Critical Hit Chance if you have Shapeshifted to an Animal form Recently,15% 증가 치명타 확률 if you have Shapeshifted에 an Animal form Recently,
tree_sd,37514:1,8% increased Attack Speed with Quarterstaves,8% 증가 공격 속도 보유 Quarterstaves,
tree_sd,37514:2,Knocks Back Enemies if you get a Critical Hit with a Quarterstaff,Knocks Back Enemies if you get a 치명타 명중 보유 a 육척봉,
tree_sd,37519:1,2% increased Movement Speed,2% 증가 이동 속도,
tree_sd,37523:1,+1 to maximum number of Summoned Totems,+1에 최대 number의 Summoned Totems,
tree_sd,37523:2,Skills used by Totems have 30% more Skill Speed,Skills used by Totems have 30% more Skill 속도,
tree_sd,37523:3,Totems only use Skills when you fire an Attack Projectile,Totems only 사용 Skills when you 화염 an 공격 투사체,
tree_sd,37543:1,15% increased Life Regeneration rate,15% 증가 생명력 재생 rate,
tree_sd,37543:2,15% increased Mana Regeneration Rate,15% 증가 마나 재생 Rate,
tree_sd,37543:3,12% increased Cast Speed while on Full Mana,12% 증가 시전 속도 동안 시 Full 마나,
tree_sd,37548:1,10% increased amount of Mana Leeched,10% 증가 amount의 마나 Leeched,
tree_sd,37568:1,Hits against you have 5% reduced Critical Damage Bonus,명중 against you have 5% 감소 치명타 피해 보너스,
tree_sd,37568:2,+5 to Strength,+5에 Strength,
tree_sd,37593:1,Remnants can be collected from 20% further away,Remnants can be collected에서 20% further away,
tree_sd,37594:1,Minions deal 12% increased Damage,소환수 deal 12% 증가 피해,
tree_sd,375:1,15% increased Damage with Maces,15% 증가 피해 보유 Maces,
tree_sd,37608:1,10% increased Physical Damage,10% 증가 물리 피해,
tree_sd,37612:1,+5 to any Attribute,+5에 any 능력치,
tree_sd,37629:1,+5 to any Attribute,+5에 any 능력치,
tree_sd,3762:1,Every second Slam Skill you use yourself is Ancestrally Boosted,Every second 강타 Skill you 사용 yourself is Ancestrally Boosted,
tree_sd,37644:1,12% increased Attack Physical Damage,12% 증가 공격 물리 피해,
tree_sd,37665:1,Break 10% increased Armour,파괴 10% 증가 방어도,
tree_sd,37665:2,6% increased Attack Area Damage,6% 증가 공격 범위 피해,
tree_sd,37688:1,25% increased Trap Damage,25% 증가 덫 피해,
tree_sd,37691:1,10% increased Attack Damage,10% 증가 공격 피해,
tree_sd,37694:1,20% increased Fire Damage,20% 증가 화염 피해,
tree_sd,37695:1,15% increased Evasion Rating,15% 증가 회피 Rating,
tree_sd,37742:1,50% increased amount of Mana Leeched,50% 증가 amount의 마나 Leeched,
tree_sd,37742:2,25% increased chance to inflict Ailments against Rare or Unique Enemies,25% 증가 확률에 inflict 상태 이상 against Rare or Unique Enemies,
tree_sd,37746:1,30% increased Flammability Magnitude,30% 증가 Flammability Magnitude,
tree_sd,3775:1,15% increased Life Flask Charges gained,15% 증가 생명력 플라스크 충전 획득,
tree_sd,37767:1,4% increased Attack Speed while a Rare or Unique Enemy is in your Presence,4% 증가 공격 속도 동안 a Rare or Unique Enemy is in your Presence,
tree_sd,37778:1,20% reduced Spirit Reservation Efficiency of Skills,20% 감소 정신력 Reservation 효율의 Skills,
tree_sd,37778:2,40% increased Reservation Efficiency of Minion Skills,40% 증가 Reservation 효율의 소환수 Skills,
tree_sd,37780:1,10% Chance to build an additional Combo on Hit,10% 확률에 build an 추가 Combo 시 명중,
tree_sd,37782:1,Grants Skill: Align Fate,Grants Skill: Align Fate,
tree_sd,37806:1,60% chance for Lightning Skills to Chain an additional time,60% 확률 동안 번개 Skills에 연쇄 an 추가 time,
tree_sd,37813:1,20% increased Shock Duration,20% 증가 감전 지속시간,
tree_sd,3781:1,Grants Unravelling,Grants Unravelling,
tree_sd,37869:1,Inherent Rage loss starts 1 second later,Inherent 격노 loss starts 1 second later,
tree_sd,37872:1,Allies in your Presence have +100 to Accuracy Rating,동료 in your Presence have +100에 정확도 Rating,
tree_sd,37872:2,35% increased Attack Damage while you have an Ally in your Presence,35% 증가 공격 피해 동안 you have an 동료 in your Presence,
tree_sd,37876:1,10% increased Spell Damage,10% 증가 주문 피해,
tree_sd,37888:1,4% increased Movement Speed,4% 증가 이동 속도,
tree_sd,37888:2,14% increased Cooldown Recovery Rate,14% 증가 Cooldown Recovery Rate,
tree_sd,378:1,12% increased Critical Hit Chance,12% 증가 치명타 확률,
tree_sd,37905:1,30% increased Flammability Magnitude,30% 증가 Flammability Magnitude,
tree_sd,37946:1,20% increased Projectile Stun Buildup,20% 증가 투사체 기절 누적,
tree_sd,37951:1,Gain Deflection Rating equal to 6% of Evasion Rating,획득 Deflection Rating equal에 6%의 회피 Rating,
tree_sd,37956:1,8% reduced Skill Effect Duration,8% 감소 Skill 효과 지속시간,
tree_sd,37963:1,10% increased Damage with Swords,10% 증가 피해 보유 Swords,
tree_sd,37972:1,15% increased Charm Charges gained,15% 증가 참 충전 획득,
tree_sd,37974:1,15% increased maximum Energy Shield,15% 증가 최대 에너지 보호막,
tree_sd,37991:1,6% increased Curse Magnitudes,6% 증가 저주 Magnitudes,
tree_sd,38003:1,12% increased Stun Threshold,12% 증가 기절 한계값,
tree_sd,38004:1,Grants Skill: Explosive Concoction,Grants Skill: Explosive 혼합물,
tree_sd,38010:1,5% increased Attack Damage,5% 증가 공격 피해,
tree_sd,38010:2,8% increased Glory generation,8% 증가 Glory generation,
tree_sd,38014:1,Slam Skills have 8% increased Area of Effect,강타 Skills have 8% 증가 범위의 효과,
tree_sd,38044:1,15% increased Evasion Rating,15% 증가 회피 Rating,
tree_sd,38053:1,25% increased Warcry Cooldown Recovery Rate,25% 증가 Warcry Cooldown Recovery Rate,
tree_sd,38053:2,8% increased Damage for each time you've Warcried Recently,8% 증가 피해 동안 each time you've Warcried Recently,
tree_sd,38057:1,12% increased Armour and Evasion Rating,12% 증가 방어도 및 회피 Rating,
tree_sd,38066:1,10% increased Armour,10% 증가 방어도,
tree_sd,38066:2,Break 15% increased Armour,파괴 15% 증가 방어도,
tree_sd,38068:1,24% increased Flammability Magnitude,24% 증가 Flammability Magnitude,
tree_sd,38068:2,12% increased Freeze Buildup,12% 증가 동결 누적,
tree_sd,38068:3,12% increased chance to Shock,12% 증가 확률에 감전,
tree_sd,38069:1,Meta Skills gain 8% increased Energy,Meta Skills 획득 8% 증가 에너지,
tree_sd,38103:1,8% increased Skill Effect Duration,8% 증가 Skill 효과 지속시간,
tree_sd,38103:2,8% increased Stun Threshold,8% 증가 기절 한계값,
tree_sd,38105:1,15% increased maximum Energy Shield,15% 증가 최대 에너지 보호막,
tree_sd,38111:1,6% of Damage taken Recouped as Life,6%의 피해 taken Recouped as 생명력,
tree_sd,38111:2,25% increased speed of Recoup Effects,25% 증가 속도의 회생 Effects,
tree_sd,38124:1,15% increased Totem Damage,15% 증가 토템 피해,
tree_sd,38130:1,10% increased Warcry Cooldown Recovery Rate,10% 증가 Warcry Cooldown Recovery Rate,
tree_sd,38138:1,Equipment and Skill Gems have 4% reduced Attribute Requirements,Equipment 및 Skill Gems have 4% 감소 능력치 Requirements,
tree_sd,38143:1,+5 to any Attribute,+5에 any 능력치,
tree_sd,38172:1,20% increased Totem Placement speed,20% 증가 토템 Placement 속도,
tree_sd,38212:1,3% of Damage taken Recouped as Life,3%의 피해 taken Recouped as 생명력,
tree_sd,38215:1,Damage Penetrates 6% Lightning Resistance,피해 Penetrates 6% 번개 저항,
tree_sd,3823:1,+3% to all Elemental Resistances,+3%에 모든 원소 저항,
tree_sd,3823:2,20% increased Elemental Damage,20% 증가 원소 피해,
tree_sd,38270:1,10% increased Lightning Damage,10% 증가 번개 피해,
tree_sd,38292:1,30% increased Flammability Magnitude,30% 증가 Flammability Magnitude,
tree_sd,38300:1,30% increased Flammability Magnitude,30% 증가 Flammability Magnitude,
tree_sd,38313:1,10% increased Projectile Speed,10% 증가 투사체 속도,
tree_sd,38323:1,+5 to any Attribute,+5에 any 능력치,
tree_sd,38329:1,20% reduced Freeze Duration on Enemies,20% 감소 동결 지속시간 시 Enemies,
tree_sd,38329:2,Enemies Frozen by you take 20% increased Cold Damage,Enemies 동결 by you take 20% 증가 냉기 피해,
tree_sd,38338:1,10% increased Elemental Damage,10% 증가 원소 피해,
tree_sd,38342:1,10% chance to Daze on Hit,10% 확률에 Daze 시 명중,
tree_sd,38342:2,30% increased Damage against Dazed Enemies,30% 증가 피해 against Dazed Enemies,
tree_sd,38365:1,Recover 2% of maximum Life for each Endurance Charge consumed,Recover 2%의 최대 생명력 동안 each 인내 충전 consumed,
tree_sd,38368:1,3% of Damage taken Recouped as Life,3%의 피해 taken Recouped as 생명력,
tree_sd,38369:1,10% increased Critical Hit Chance with Spears,10% 증가 치명타 확률 보유 Spears,
tree_sd,38398:1,30% reduced Damage,30% 감소 피해,
tree_sd,38398:2,+8% to Critical Hit Chance of Herald Skills,+8%에 치명타 확률의 Herald Skills,
tree_sd,38420:1,10% increased Mana Regeneration Rate,10% 증가 마나 재생 Rate,
tree_sd,38433:1,Minions have 10% increased maximum Life,소환수 have 10% 증가 최대 생명력,
tree_sd,3843:1,Parry has 25% increased Stun Buildup,Parry has 25% 증가 기절 누적,
tree_sd,38459:1,25% increased Blind duration,25% 증가 Blind 지속시간,
tree_sd,38459:2,25% increased Damage with Hits against Blinded Enemies,25% 증가 피해 보유 명중 against 실명 Enemies,
tree_sd,38463:1,+5 to any Attribute,+5에 any 능력치,
tree_sd,38479:1,50% chance for Projectiles to Pierce Enemies within 3m distance of you,50% 확률 동안 투사체에 Pierce Enemies within 3m distance의 you,
tree_sd,38493:1,15% increased Critical Damage Bonus,15% 증가 치명타 피해 보너스,
tree_sd,38497:1,6% reduced Charm Charges used,6% 감소 참 충전 used,
tree_sd,38501:1,3% increased Attack Speed,3% 증가 공격 속도,
tree_sd,38532:1,25% chance when you gain a Power Charge to gain an additional Power Charge,25% 확률 when you 획득 a 권능 충전에 획득 an 추가 권능 충전,
tree_sd,38535:1,40% increased Elemental Damage if you've dealt a Critical Hit Recently,40% 증가 원소 피해 if you've dealt a 치명타 명중 Recently,
tree_sd,38535:2,15% increased Critical Hit Chance,15% 증가 치명타 확률,
tree_sd,38537:1,+10 to Intelligence,+10에 지능,
tree_sd,38537:2,20% increased Critical Hit Chance,20% 증가 치명타 확률,
tree_sd,38541:1,10% increased Critical Hit Chance,10% 증가 치명타 확률,
tree_sd,38564:1,10% increased Damage with Swords,10% 증가 피해 보유 Swords,
tree_sd,38570:1,Gain 4% of Damage as Extra Fire Damage for,획득 4%의 피해 as Extra 화염 피해 for,
tree_sd,38570:2,every different Grenade fired in the past 8 seconds,every different 수류탄 fired in the past 8 seconds,
tree_sd,38578:1,+2 to Limit for Elemental Skills,+2에 Limit 동안 원소 Skills,
tree_sd,38596:1,15% reduced effect of Curses on you,15% 감소 효과의 Curses 시 you,
tree_sd,38601:1,35% less Armour and Evasion Rating,35% less 방어도 및 회피 Rating,
tree_sd,38601:2,Grants Skill: Sorcery Ward,Grants Skill: Sorcery Ward,
tree_sd,38614:1,12% chance for Spell Skills to fire 2 additional Projectiles,12% 확률 동안 주문 Skills에 화염 2 추가 투사체,
tree_sd,38628:1,"10% increased Poison Duration for each Poison you have inflicted Recently, up to a maximum of 100%","10% 증가 독 지속시간 동안 each 독 you have inflicted Recently, up에 a 최대의 100%",
tree_sd,38646:1,+20 to Armour,+20에 방어도,
tree_sd,38663:1,10% increased Melee Critical Hit Chance,10% 증가 근접 치명타 확률,
tree_sd,38668:1,15% faster start of Energy Shield Recharge,15% faster start의 에너지 보호막 재충전,
tree_sd,3866:1,Minions have 12% increased maximum Life,소환수 have 12% 증가 최대 생명력,
tree_sd,38670:1,20% increased Armour if you have been Hit Recently,20% 증가 방어도 if you have been 명중 Recently,
tree_sd,38676:1,10% increased Attack Damage,10% 증가 공격 피해,
tree_sd,38678:1,15% increased Elemental Ailment Threshold,15% 증가 원소 상태 이상 한계값,
tree_sd,38694:1,Herald Skills deal 20% increased Damage,Herald Skills deal 20% 증가 피해,
tree_sd,38697:1,8% increased Block chance,8% 증가 막기 확률,
tree_sd,38703:1,8% increased Critical Hit Chance for Attacks,8% 증가 치명타 확률 동안 공격,
tree_sd,38703:2,6% increased Accuracy Rating,6% 증가 정확도 Rating,
tree_sd,38707:1,+5 to any Attribute,+5에 any 능력치,
tree_sd,38728:1,8% increased Evasion Rating,8% 증가 회피 Rating,
tree_sd,38728:2,Gain Deflection Rating equal to 3% of Evasion Rating,획득 Deflection Rating equal에 3%의 회피 Rating,
tree_sd,38732:1,+5 to any Attribute,+5에 any 능력치,
tree_sd,38763:1,6% increased Reservation Efficiency of Herald Skills,6% 증가 Reservation 효율의 Herald Skills,
tree_sd,38769:1,Break 25% increased Armour,파괴 25% 증가 방어도,
tree_sd,38776:1,+8 to Dexterity,+8에 Dexterity,
tree_sd,38779:1,12% increased Armour and Evasion Rating,12% 증가 방어도 및 회피 Rating,
tree_sd,38814:1,+5 to any Attribute,+5에 any 능력치,
tree_sd,38827:1,12% increased Armour,12% 증가 방어도,
tree_sd,38827:2,12% increased maximum Energy Shield,12% 증가 최대 에너지 보호막,
tree_sd,38856:1,+5 to any Attribute,+5에 any 능력치,
tree_sd,38876:1,+5 to any Attribute,+5에 any 능력치,
tree_sd,38878:1,Debuffs on you expire 10% faster,Debuffs 시 you expire 10% faster,
tree_sd,38888:1,16% increased Accuracy Rating with One Handed Melee Weapons,16% 증가 정확도 Rating 보유 One Handed 근접 Weapons,
tree_sd,38888:2,16% increased Accuracy Rating with Two Handed Melee Weapons,16% 증가 정확도 Rating 보유 Two Handed 근접 Weapons,
tree_sd,38888:3,+2 to Melee Strike Range,+2에 근접 Strike Range,
tree_sd,38895:1,40% increased Elemental Damage with Attack Skills during any Flask Effect,40% 증가 원소 피해 보유 공격 Skills during any 플라스크 효과,
tree_sd,38923:1,3% increased Skill Speed,3% 증가 Skill 속도,
tree_sd,3893:1,Gain Deflection Rating equal to 6% of Evasion Rating,획득 Deflection Rating equal에 6%의 회피 Rating,
tree_sd,38944:1,8% increased Lightning Damage,8% 증가 번개 피해,
tree_sd,38944:2,8% increased chance to Shock,8% 증가 확률에 감전,
tree_sd,3894:1,"3% increased maximum Life, Mana and Energy Shield","3% 증가 최대 생명력, 마나 및 에너지 보호막",
tree_sd,3894:2,Gain additional Ailment Threshold equal to 15% of maximum Energy Shield,획득 추가 상태 이상 한계값 equal에 15%의 최대 에너지 보호막,
tree_sd,3894:3,Gain additional Stun Threshold equal to 15% of maximum Energy Shield,획득 추가 기절 한계값 equal에 15%의 최대 에너지 보호막,
tree_sd,38965:1,+1 to maximum number of Elemental Infusions,+1에 최대 number의 원소 Infusions,
tree_sd,38966:1,8% increased Evasion Rating,8% 증가 회피 Rating,
tree_sd,38966:2,12% increased Stun Threshold if you haven't been Stunned Recently,12% 증가 기절 한계값 if you haven't been Stunned Recently,
tree_sd,38969:1,10% increased Accuracy Rating,10% 증가 정확도 Rating,
tree_sd,38969:2,Gain Accuracy Rating equal to your Intelligence,획득 정확도 Rating equal에 your 지능,
tree_sd,3896:1,50% increased Armour while Bleeding,50% 증가 방어도 동안 출혈,
tree_sd,3896:2,50% reduced Magnitude of Bleeding on You,50% 감소 Magnitude의 출혈 시 You,
tree_sd,38972:1,Minions Revive 25% faster,소환수 Revive 25% faster,
tree_sd,38993:1,16% increased Critical Damage Bonus with Bows,16% 증가 치명타 피해 보너스 보유 Bows,
tree_sd,39037:1,+5 to any Attribute,+5에 any 능력치,
tree_sd,39050:1,25% increased Damage with Hits against Enemies affected by Elemental Ailments,25% 증가 피해 보유 명중 against Enemies affected by 원소 상태 이상,
tree_sd,39050:2,"15% increased Duration of Ignite, Shock and Chill on Enemies","15% 증가 지속시간의 점화, 감전 및 냉각 시 Enemies",
tree_sd,39083:1,6% increased Skill Speed,6% 증가 Skill 속도,
tree_sd,39083:2,6% of Skill Mana Costs Converted to Life Costs,6%의 Skill 마나 Costs Converted에 생명력 Costs,
tree_sd,39102:1,"2% chance that if you would gain Power Charges, you instead gain up to","2% 확률 that if you would 획득 권능 충전, you instead 획득 up to",
tree_sd,39102:2,your maximum number of Power Charges,your 최대 number의 권능 충전,
tree_sd,39128:1,15% increased Magnitude of Daze,15% 증가 Magnitude의 Daze,
tree_sd,39130:1,12% increased Spell Damage with Spells that cost Life,12% 증가 주문 피해 보유 Spells that cost 생명력,
tree_sd,39131:1,+5 to any Attribute,+5에 any 능력치,
tree_sd,3918:1,10% increased Mana Regeneration Rate,10% 증가 마나 재생 Rate,
tree_sd,39190:1,15% increased Melee Damage with Hits at Close Range,15% 증가 근접 피해 보유 명중 at Close Range,
tree_sd,39204:1,20% of Damage is taken from Mana before Life,20%의 피해 is taken에서 마나 before 생명력,
tree_sd,39204:2,20% increased Effect of Arcane Surge on you per ten percent missing Mana,20% 증가 효과의 Arcane Surge 시 you per ten percent missing 마나,
tree_sd,39207:1,8% reduced Slowing Potency of Debuffs on You,8% 감소 Slowing Potency의 Debuffs 시 You,
tree_sd,3921:1,20% increased Reservation Efficiency of Herald Skills,20% 증가 Reservation 효율의 Herald Skills,
tree_sd,39228:1,Damage Penetrates 6% Fire Resistance,피해 Penetrates 6% 화염 저항,
tree_sd,39241:1,20% increased maximum Energy Shield,20% 증가 최대 에너지 보호막,
tree_sd,39274:1,10% increased amount of Life Leeched,10% 증가 amount의 생명력 Leeched,
tree_sd,39280:1,10% increased Skill Effect Duration,10% 증가 Skill 효과 지속시간,
tree_sd,39292:1,20% increased Evasion Rating,20% 증가 회피 Rating,
tree_sd,39298:1,+5 to any Attribute,+5에 any 능력치,
tree_sd,39307:1,10% increased Physical Damage,10% 증가 물리 피해,
tree_sd,39347:1,30% increased Stun Buildup,30% 증가 기절 누적,
tree_sd,39347:2,12% increased Area of Effect if you have Stunned an Enemy Recently,12% 증가 범위의 효과 if you have Stunned an Enemy Recently,
tree_sd,39365:1,20% increased Totem Life,20% 증가 토템 생명력,
tree_sd,39369:1,Attacks have +1% to Critical Hit Chance,공격 have +1%에 치명타 확률,
tree_sd,3936:1,10% increased Melee Damage,10% 증가 근접 피해,
tree_sd,39411:1,+1 to maximum number of Summoned Totems,+1에 최대 number의 Summoned Totems,
tree_sd,39411:2,Trigger Ancestral Spirits when you Summon a Totem,Trigger 선조 혼령 when you Summon a 토템,
tree_sd,39411:3,Grants Skill: Ancestral Spirits,Grants Skill: 선조 혼령,
tree_sd,39423:1,Damage Penetrates 6% Lightning Resistance,피해 Penetrates 6% 번개 저항,
tree_sd,39448:1,3% increased Attack Speed with Axes,3% 증가 공격 속도 보유 Axes,
tree_sd,39461:1,Minions have 6% increased maximum Life,소환수 have 6% 증가 최대 생명력,
tree_sd,39461:2,Minions deal 6% increased Damage,소환수 deal 6% 증가 피해,
tree_sd,39470:1,Minions have 12% increased maximum Life,소환수 have 12% 증가 최대 생명력,
tree_sd,39495:1,Companions deal 12% increased Damage,Companions deal 12% 증가 피해,
tree_sd,3949:1,Empowered Attacks deal 8% increased Damage,Empowered 공격 deal 8% 증가 피해,
tree_sd,3949:2,5% increased total Power counted by Warcries,5% 증가 total 권능 counted by Warcries,
tree_sd,39515:1,12% increased Fire Damage,12% 증가 화염 피해,
tree_sd,39517:1,5% increased Block chance,5% 증가 막기 확률,
tree_sd,39540:1,10% increased Critical Hit Chance,10% 증가 치명타 확률,
tree_sd,39564:1,10% increased Melee Damage,10% 증가 근접 피해,
tree_sd,39567:1,+25 to Intelligence,+25에 지능,
tree_sd,39569:1,15% increased Critical Damage Bonus,15% 증가 치명타 피해 보너스,
tree_sd,39570:1,10% chance to inflict Bleeding on Critical Hit with Attacks,10% 확률에 inflict 출혈 시 치명타 명중 보유 공격,
tree_sd,39581:1,15% increased Stun Buildup,15% 증가 기절 누적,
tree_sd,39594:1,Damage Penetrates 6% Fire Resistance,피해 Penetrates 6% 화염 저항,
tree_sd,39598:1,Empowered Attacks deal 8% increased Damage,Empowered 공격 deal 8% 증가 피해,
tree_sd,39598:2,5% increased total Power counted by Warcries,5% 증가 total 권능 counted by Warcries,
tree_sd,39607:1,10% increased Flask Charges gained,10% 증가 플라스크 충전 획득,
tree_sd,39608:1,20% increased Hazard Duration,20% 증가 Hazard 지속시간,
tree_sd,39621:1,Inherent Rage loss starts 1 second later,Inherent 격노 loss starts 1 second later,
tree_sd,39640:1,All Damage from Hits Contributes to Shock Chance,모든 피해에서 명중 Contributes에 감전 확률,
tree_sd,39658:1,5% increased Block chance,5% 증가 막기 확률,
tree_sd,39659:1,12% increased Spell Damage,12% 증가 주문 피해,
tree_sd,39710:1,+5 to any Attribute,+5에 any 능력치,
tree_sd,39716:1,30% increased Flammability Magnitude,30% 증가 Flammability Magnitude,
tree_sd,39723:1,12% increased Projectile Damage,12% 증가 투사체 피해,
tree_sd,39732:1,8% increased Accuracy Rating,8% 증가 정확도 Rating,
tree_sd,39752:1,"10% increased Duration of Ignite, Shock and Chill on Enemies","10% 증가 지속시간의 점화, 감전 및 냉각 시 Enemies",
tree_sd,39759:1,10% increased Life Regeneration rate,10% 증가 생명력 재생 rate,
tree_sd,39839:1,25% increased Stun Threshold if you haven't been Stunned Recently,25% 증가 기절 한계값 if you haven't been Stunned Recently,
tree_sd,39857:1,Minions have 15% reduced Attack Speed,소환수 have 15% 감소 공격 속도,
tree_sd,39857:2,Minions have 15% reduced Cast Speed,소환수 have 15% 감소 시전 속도,
tree_sd,39857:3,Minions deal 100% increased Damage with Command Skills,소환수 deal 100% 증가 피해 보유 Command Skills,
tree_sd,3985:1,Attack Damage Penetrates 15% of Enemy Elemental Resistances,공격 피해 Penetrates 15%의 Enemy 원소 저항,
tree_sd,3987:1,4% increased Skill Speed,4% 증가 Skill 속도,
tree_sd,39881:1,20% increased Critical Damage Bonus,20% 증가 치명타 피해 보너스,
tree_sd,39881:2,20% increased Knockback Distance,20% 증가 Knockback Distance,
tree_sd,39881:3,20% increased Physical Damage,20% 증가 물리 피해,
tree_sd,39884:1,100% increased Flammability Magnitude,100% 증가 Flammability Magnitude,
tree_sd,39884:2,Ignites you inflict deal Damage 10% faster,Ignites you inflict deal 피해 10% faster,
tree_sd,39886:1,+5 to any Attribute,+5에 any 능력치,
tree_sd,3988:1,Empowered Attacks deal 16% increased Damage,Empowered 공격 deal 16% 증가 피해,
tree_sd,39911:1,20% reduced Accuracy Rating,20% 감소 정확도 Rating,
tree_sd,39911:2,18% increased Area of Effect for Attacks,18% 증가 범위의 효과 동안 공격,
tree_sd,39935:1,All bonuses from Equipped Amulet apply to your Minions instead of you,모든 bonuses에서 Equipped 목걸이 apply에 your 소환수 instead의 you,
tree_sd,3994:1,Gain Deflection Rating equal to 6% of Evasion Rating,획득 Deflection Rating equal에 6%의 회피 Rating,
tree_sd,3995:1,15% increased Crossbow Reload Speed,15% 증가 쇠뇌 Reload 속도,
tree_sd,39964:1,10% increased Mana Regeneration Rate,10% 증가 마나 재생 Rate,
tree_sd,39986:1,Companions deal 12% increased Damage,Companions deal 12% 증가 피해,
tree_sd,39987:1,5% increased Chaos Damage,5% 증가 카오스 피해,
tree_sd,39987:2,5% increased Skill Effect Duration,5% 증가 Skill 효과 지속시간,
tree_sd,39990:1,20% increased Skill Effect Duration,20% 증가 Skill 효과 지속시간,
tree_sd,39990:2,Debuffs you inflict have 10% increased Slow Magnitude,Debuffs you inflict have 10% 증가 Slow Magnitude,
tree_sd,3999:1,10% increased Attack Area Damage,10% 증가 공격 범위 피해,
tree_sd,40006:1,5% increased Life Regeneration rate,5% 증가 생명력 재생 rate,
tree_sd,40006:2,10% increased Presence Area of Effect,10% 증가 Presence 범위의 효과,
tree_sd,40024:1,8% chance to Poison on Hit,8% 확률에 독 시 명중,
tree_sd,40043:1,10% increased Magnitude of Bleeding you inflict,10% 증가 Magnitude의 출혈 you inflict,
tree_sd,40068:1,15% increased Freeze Buildup,15% 증가 동결 누적,
tree_sd,40073:1,40% increased chance to Shock,40% 증가 확률에 감전,
tree_sd,40073:2,Gain 5% of Lightning Damage as Extra Cold Damage,획득 5%의 번개 피해 as Extra 냉기 피해,
tree_sd,40105:1,3% increased Attack Speed,3% 증가 공격 속도,
tree_sd,40105:2,Minions have 3% increased Attack Speed,소환수 have 3% 증가 공격 속도,
tree_sd,40110:1,10% increased Blind Effect,10% 증가 Blind 효과,
tree_sd,40117:1,Thorns Damage has 50% chance to ignore Enemy Armour,Thorns 피해 has 50% 확률에 ignore Enemy 방어도,
tree_sd,4015:1,10% increased Warcry Cooldown Recovery Rate,10% 증가 Warcry Cooldown Recovery Rate,
tree_sd,40166:1,8% increased Attack Speed,8% 증가 공격 속도,
tree_sd,40166:2,15% increased Cost Efficiency,15% 증가 Cost 효율,
tree_sd,4017:1,15% increased Energy Shield Recharge Rate,15% 증가 에너지 보호막 재충전 Rate,
tree_sd,40200:1,Minions deal 12% increased Damage,소환수 deal 12% 증가 피해,
tree_sd,40213:1,Gain 20 Life per enemy killed,획득 20 생명력 per enemy killed,
tree_sd,40213:2,2% chance to Recover all Life when you Kill an Enemy,2% 확률에 Recover 모든 생명력 when you Kill an Enemy,
tree_sd,40244:1,3% increased Attack Speed with One Handed Melee Weapons,3% 증가 공격 속도 보유 One Handed 근접 Weapons,
tree_sd,40270:1,10% chance when you gain a Frenzy Charge to gain an additional Frenzy Charge,10% 확률 when you 획득 a 격분 충전에 획득 an 추가 격분 충전,
tree_sd,40270:2,+1 to Maximum Frenzy Charges,+1에 최대 격분 충전,
tree_sd,40276:1,5% chance to inflict Bleeding on Hit,5% 확률에 inflict 출혈 시 명중,
tree_sd,40292:1,10% increased Attack Damage,10% 증가 공격 피해,
tree_sd,40292:2,Gain Accuracy Rating equal to your Strength,획득 정확도 Rating equal에 your Strength,
tree_sd,40313:1,8% increased Archon Buff duration,8% 증가 Archon Buff 지속시간,
tree_sd,40313:2,5% increased effect of Archon Buffs on you,5% 증가 효과의 Archon Buffs 시 you,
tree_sd,4031:1,Gain 50% of maximum Energy Shield as additional Freeze Threshold,획득 50%의 최대 에너지 보호막 as 추가 동결 한계값,
tree_sd,40325:1,25% increased Stun Threshold,25% 증가 기절 한계값,
tree_sd,40325:2,10% increased Defences,10% 증가 Defences,
tree_sd,40328:1,16% increased Warcry Speed,16% 증가 Warcry 속도,
tree_sd,40333:1,12% increased Damage while your Companion is in your Presence,12% 증가 피해 동안 your 동료 is in your Presence,
tree_sd,40336:1,5% chance to inflict Bleeding on Hit,5% 확률에 inflict 출혈 시 명중,
tree_sd,40341:1,3% increased Movement Speed if you've Killed Recently,3% 증가 이동 속도 if you've Killed Recently,
tree_sd,40345:1,25% reduced Curse Duration,25% 감소 저주 지속시간,
tree_sd,40345:2,18% increased Curse Magnitudes,18% 증가 저주 Magnitudes,
tree_sd,40399:1,25% chance for Trigger skills to refund half of Energy Spent,25% 확률 동안 Trigger skills에 refund half의 에너지 Spent,
tree_sd,40453:1,Meta Skills gain 8% increased Energy,Meta Skills 획득 8% 증가 에너지,
tree_sd,4046:1,15% increased Electrocute Buildup,15% 증가 Electrocute 누적,
tree_sd,40471:1,+8 to Dexterity,+8에 Dexterity,
tree_sd,40480:1,15% increased Critical Hit Chance against Shocked Enemies,15% 증가 치명타 확률 against Shocked Enemies,
tree_sd,40480:2,40% increased Magnitude of Shock you inflict with Critical Hits,40% 증가 Magnitude의 감전 you inflict 보유 치명타,
tree_sd,40511:1,Minions have 12% increased maximum Life,소환수 have 12% 증가 최대 생명력,
tree_sd,40596:1,12% increased Stun Threshold,12% 증가 기절 한계값,
tree_sd,40597:1,Attacks used by Ballistas have 4% increased Attack Speed,공격 used by Ballistas have 4% 증가 공격 속도,
tree_sd,4059:1,+5 to any Attribute,+5에 any 능력치,
tree_sd,4061:1,15% increased maximum Energy Shield,15% 증가 최대 에너지 보호막,
tree_sd,40630:1,15% increased Flask Charges gained,15% 증가 플라스크 충전 획득,
tree_sd,40632:1,Gain Deflection Rating equal to 6% of Evasion Rating,획득 Deflection Rating equal에 6%의 회피 Rating,
tree_sd,40687:1,30% increased Presence Area of Effect,30% 증가 Presence 범위의 효과,
tree_sd,40687:2,Allies in your Presence have 30% increased Glory generation,동료 in your Presence have 30% 증가 Glory generation,
tree_sd,40691:1,15% increased Energy Shield Recharge Rate,15% 증가 에너지 보호막 재충전 Rate,
tree_sd,40719:1,35% increased Damage with Hits against Enemies that are on Low Life,35% 증가 피해 보유 명중 against Enemies that are 시 Low 생명력,
tree_sd,40736:1,5% increased Attack Damage,5% 증가 공격 피해,
tree_sd,40736:2,8% increased Glory generation,8% 증가 Glory generation,
tree_sd,40760:1,10% increased Critical Hit Chance,10% 증가 치명타 확률,
tree_sd,40783:1,+5 to any Attribute,+5에 any 능력치,
tree_sd,40803:1,30% increased Damage with Hits against Chilled Enemies,30% 증가 피해 보유 명중 against Chilled Enemies,
tree_sd,4083:1,10% increased Magnitude of Poison you inflict,10% 증가 Magnitude의 독 you inflict,
tree_sd,4086:1,Totems you place grant Embankment Auras,Totems you place grant Embankment Auras,
tree_sd,40894:1,Minions have 10% increased maximum Life,소환수 have 10% 증가 최대 생명력,
tree_sd,40915:1,20% of Damage from Hits is taken from your nearest Totem's Life before you,20%의 피해에서 명중 is taken에서 your nearest Totem's 생명력 before you,
tree_sd,40918:1,5% increased Magnitude of Ailments you inflict,5% 증가 Magnitude의 상태 이상 you inflict,
tree_sd,40918:2,5% increased Duration of Damaging Ailments on Enemies,5% 증가 지속시간의 Damaging 상태 이상 시 Enemies,
tree_sd,40929:1,15% increased Archon Buff duration,15% 증가 Archon Buff 지속시간,
tree_sd,40975:1,15% increased Ballista damage,15% 증가 Ballista 피해,
tree_sd,40985:1,15% chance for Remnants you create to grant their effects twice,15% 확률 동안 Remnants you create에 grant their effects twice,
tree_sd,40990:1,Damage Penetrates 18% Lightning Resistance,피해 Penetrates 18% 번개 저항,
tree_sd,40990:2,15% increased Critical Hit Chance against enemies with Exposure,15% 증가 치명타 확률 against enemies 보유 Exposure,
tree_sd,40:1,50% of Evasion Rating also grants Elemental Damage reduction,50%의 회피 Rating also grants 원소 피해 reduction,
tree_sd,41008:1,Attacks using your Weapons have Added Physical Damage equal,공격 using your Weapons have Added 물리 피해 equal,
tree_sd,41008:2,to 25% of the Accuracy Rating on the Weapon,to 25%의 the 정확도 Rating 시 the 무기,
tree_sd,41012:1,6% increased Fire Damage,6% 증가 화염 피해,
tree_sd,41012:2,10% increased Armour,10% 증가 방어도,
tree_sd,41017:1,+5 to any Attribute,+5에 any 능력치,
tree_sd,41020:1,Gain Deflection Rating equal to 6% of Evasion Rating,획득 Deflection Rating equal에 6%의 회피 Rating,
tree_sd,41029:1,+5 to any Attribute,+5에 any 능력치,
tree_sd,41031:1,+5 to any Attribute,+5에 any 능력치,
tree_sd,41033:1,Offerings cannot be damaged if they have been created Recently,Offerings cannot be damaged if they have been created Recently,
tree_sd,41044:1,3% of Damage taken Recouped as Mana,3%의 피해 taken Recouped as 마나,
tree_sd,41076:1,You have no Spirit,You have no 정신력,
tree_sd,41076:2,Base Maximum Darkness is 100,기본 최대 Darkness is 100,
tree_sd,41076:3,Damage taken is Reserved from Darkness before being taken from Life or Energy Shield,피해 taken is Reserved에서 Darkness before being taken에서 생명력 or 에너지 보호막,
tree_sd,41076:4,Darkness Reservation lasts for 5 seconds,Darkness Reservation lasts 동안 5 seconds,
tree_sd,41076:5,+10 to Maximum Darkness per Level,+10에 최대 Darkness per Level,
tree_sd,41096:1,10% increased chance to Shock,10% 증가 확률에 감전,
tree_sd,41096:2,8% increased Elemental Damage,8% 증가 원소 피해,
tree_sd,41105:1,3% of Damage taken Recouped as Life,3%의 피해 taken Recouped as 생명력,
tree_sd,41126:1,10% increased Attack Area Damage,10% 증가 공격 범위 피해,
tree_sd,41129:1,12% increased Damage with Hits against Enemies affected by Elemental Ailments,12% 증가 피해 보유 명중 against Enemies affected by 원소 상태 이상,
tree_sd,41130:1,10% increased Spell Damage,10% 증가 주문 피해,
tree_sd,41130:2,Minions deal 10% increased Damage,소환수 deal 10% 증가 피해,
tree_sd,4113:1,15% increased Freeze Buildup,15% 증가 동결 누적,
tree_sd,41147:1,10% increased Armour,10% 증가 방어도,
tree_sd,41147:2,+10% of Armour also applies to Lightning Damage,+10%의 방어도 also applies에 번개 피해,
tree_sd,41154:1,20% increased Freeze Buildup,20% 증가 동결 누적,
tree_sd,41159:1,8% increased Mana Regeneration Rate,8% 증가 마나 재생 Rate,
tree_sd,41159:2,8% increased Elemental Damage,8% 증가 원소 피해,
tree_sd,41171:1,4% increased Attack Speed while a Rare or Unique Enemy is in your Presence,4% 증가 공격 속도 동안 a Rare or Unique Enemy is in your Presence,
tree_sd,41186:1,20% increased Totem Placement speed,20% 증가 토템 Placement 속도,
tree_sd,41210:1,15% increased Projectile Damage,15% 증가 투사체 피해,
tree_sd,41210:2,Projectiles have 10% chance to Chain an additional time from terrain,투사체 have 10% 확률에 연쇄 an 추가 time에서 terrain,
tree_sd,4128:1,15% increased Armour,15% 증가 방어도,
tree_sd,41338:1,+8% of Armour also applies to Elemental Damage while Shapeshifted,+8%의 방어도 also applies에 원소 피해 동안 Shapeshifted,
tree_sd,41363:1,+5% to Lightning Resistance,+5%에 번개 저항,
tree_sd,41372:1,10% increased maximum Energy Shield,10% 증가 최대 에너지 보호막,
tree_sd,41372:2,6% increased Mana Regeneration Rate,6% 증가 마나 재생 Rate,
tree_sd,41394:1,Archon Buffs also grant +20% to all Elemental Resistances,Archon Buffs also grant +20%에 모든 원소 저항,
tree_sd,41394:2,Archon Buffs also grant 10% increased Movement Speed,Archon Buffs also grant 10% 증가 이동 속도,
tree_sd,4140:1,+5 to any Attribute,+5에 any 능력치,
tree_sd,41414:1,+5% to Cold Resistance,+5%에 냉기 저항,
tree_sd,41442:1,4% increased Block chance,4% 증가 막기 확률,
tree_sd,41442:2,5% increased Stun Threshold,5% 증가 기절 한계값,
tree_sd,41447:1,15% increased Flammability Magnitude,15% 증가 Flammability Magnitude,
tree_sd,41447:2,4% increased Area of Effect for Attacks,4% 증가 범위의 효과 동안 공격,
tree_sd,41493:1,8% increased Attack Area Damage,8% 증가 공격 범위 피해,
tree_sd,41493:2,4% increased Area of Effect for Attacks,4% 증가 범위의 효과 동안 공격,
tree_sd,41497:1,Minions have 8% increased maximum Life,소환수 have 8% 증가 최대 생명력,
tree_sd,41497:2,Minions have +7% to Chaos Resistance,소환수 have +7%에 카오스 저항,
tree_sd,41511:1,Minions deal 15% increased Damage with Command Skills,소환수 deal 15% 증가 피해 보유 Command Skills,
tree_sd,41512:1,15% increased Melee Damage,15% 증가 근접 피해,
tree_sd,41512:2,15% increased Stun Buildup with Melee Damage,15% 증가 기절 누적 보유 근접 피해,
tree_sd,41512:3,+15 to Strength,+15에 Strength,
tree_sd,41529:1,15% increased Critical Damage Bonus,15% 증가 치명타 피해 보너스,
tree_sd,41538:1,15% increased Elemental Ailment Threshold,15% 증가 원소 상태 이상 한계값,
tree_sd,41573:1,Damage Penetrates 6% Fire Resistance,피해 Penetrates 6% 화염 저항,
tree_sd,4157:1,10% increased Critical Hit Chance,10% 증가 치명타 확률,
tree_sd,41580:1,25% increased Attack Damage,25% 증가 공격 피해,
tree_sd,41580:2,Attacks have 25% chance to Maim on Hit,공격 have 25% 확률에 Maim 시 명중,
tree_sd,41609:1,15% increased Energy Shield Recharge Rate while Shapeshifted,15% 증가 에너지 보호막 재충전 Rate 동안 Shapeshifted,
tree_sd,41615:1,20% increased Totem Placement speed,20% 증가 토템 Placement 속도,
tree_sd,41619:1,Life Flask Effects are not removed when Unreserved Life is Filled,생명력 플라스크 Effects are not removed when Unreserved 생명력 is Filled,
tree_sd,41619:2,Life Flask Effects do not Queue,생명력 플라스크 Effects do not Queue,
tree_sd,41620:1,40% increased Stun buildup if you have Shapeshifted to an Animal form Recently,40% 증가 기절 누적 if you have Shapeshifted에 an Animal form Recently,
tree_sd,41645:1,10% increased Physical Damage,10% 증가 물리 피해,
tree_sd,41646:1,+5 to any Attribute,+5에 any 능력치,
tree_sd,41651:1,Banner Skills have 15% increased Area of Effect,깃발 Skills have 15% 증가 범위의 효과,
tree_sd,41654:1,Offerings have 15% increased Maximum Life,Offerings have 15% 증가 최대 생명력,
tree_sd,41657:1,15% increased Armour,15% 증가 방어도,
tree_sd,41665:1,15% increased Critical Damage Bonus,15% 증가 치명타 피해 보너스,
tree_sd,41669:1,12% increased Cold Damage,12% 증가 냉기 피해,
tree_sd,41701:1,10% increased Endurance Charge Duration,10% 증가 인내 충전 지속시간,
tree_sd,41701:2,10% increased Armour if you've consumed an Endurance Charge Recently,10% 증가 방어도 if you've consumed an 인내 충전 Recently,
tree_sd,41739:1,15% increased Stun Buildup,15% 증가 기절 누적,
tree_sd,41747:1,10% increased Critical Hit Chance with Flails,10% 증가 치명타 확률 보유 Flails,
tree_sd,41753:1,25% increased Critical Hit Chance if you've Triggered a Skill Recently,25% 증가 치명타 확률 if you've Triggered a Skill Recently,
tree_sd,41753:2,Meta Skills gain 25% increased Energy if you've dealt a Critical Hit Recently,Meta Skills 획득 25% 증가 에너지 if you've dealt a 치명타 명중 Recently,
tree_sd,41768:1,+5 to any Attribute,+5에 any 능력치,
tree_sd,41770:1,6% increased Parried Debuff Magnitude,6% 증가 Parried Debuff Magnitude,
tree_sd,41770:2,8% increased Parry Hit Area of Effect,8% 증가 Parry 명중 범위의 효과,
tree_sd,41811:1,30% increased Stun Buildup,30% 증가 기절 누적,
tree_sd,41811:2,10% chance to Daze on Hit,10% 확률에 Daze 시 명중,
tree_sd,41838:1,8% increased Skill Effect Duration,8% 증가 Skill 효과 지속시간,
tree_sd,41838:2,8% increased Stun Threshold,8% 증가 기절 한계값,
tree_sd,41861:1,You can have two Companions of different types,You can have two Companions의 different types,
tree_sd,41861:2,You have 30% less Defences,You have 30% less Defences,
tree_sd,41861:3,Companions have +1 to each Defence for every 2 of that Defence you have,Companions have +1에 each Defence 동안 every 2의 that Defence you have,
tree_sd,41873:1,20% increased Frenzy Charge Duration,20% 증가 격분 충전 지속시간,
tree_sd,41875:1,"Projectiles deal 20% more Hit damage to targets in the first 3.5 metres of their movement, scaling down with distance travelled to reach 0% after 7 metres","투사체 deal 20% more 명중 피해에 targets in the first 3.5 metres의 their 이동, scaling down 보유 distance travelled에 reach 0% after 7 metres",
tree_sd,41877:1,+5 to any Attribute,+5에 any 능력치,
tree_sd,41886:1,5% increased Chaos Damage,5% 증가 카오스 피해,
tree_sd,41886:2,+3% to Chaos Resistance,+3%에 카오스 저항,
tree_sd,41905:1,Minions Revive 15% faster,소환수 Revive 15% faster,
tree_sd,41905:2,Recover 2% of maximum Life when one of your Minions is Revived,Recover 2%의 최대 생명력 when one의 your 소환수 is Revived,
tree_sd,41935:1,40% increased Armour while Shapeshifted,40% 증가 방어도 동안 Shapeshifted,
tree_sd,41935:2,+1% to Maximum Fire Resistance while Shapeshifted,+1%에 최대 화염 저항 동안 Shapeshifted,
tree_sd,41935:3,25% increased Stun Threshold while Shapeshifted,25% 증가 기절 한계값 동안 Shapeshifted,
tree_sd,41965:1,8% increased Spell Damage,8% 증가 주문 피해,
tree_sd,41972:1,Damage Penetrates 18% Cold Resistance,피해 Penetrates 18% 냉기 저항,
tree_sd,41972:2,Gain 6% of Elemental Damage as Extra Cold Damage,획득 6%의 원소 피해 as Extra 냉기 피해,
tree_sd,4197:1,Grants Skill: Moment of Vulnerability,Grants Skill: Moment의 Vulnerability,
tree_sd,41991:1,Minions have 3% increased Attack and Cast Speed,소환수 have 3% 증가 공격 및 시전 속도,
tree_sd,419:1,10% increased Magnitude of Non-Damaging Ailments you inflict,10% 증가 Magnitude의 Non-Damaging 상태 이상 you inflict,
tree_sd,42017:1,25% reduced Spirit,25% 감소 정신력,
tree_sd,42026:1,16% increased Warcry Speed,16% 증가 Warcry 속도,
tree_sd,42032:1,"10% increased Damage for each Hazard triggered Recently, up to 50%","10% 증가 피해 동안 each Hazard triggered Recently, up에 50%",
tree_sd,42035:1,Grants Skill: Inevitable Agony,Grants Skill: Inevitable Agony,
tree_sd,42036:1,30% increased Parried Debuff Duration,30% 증가 Parried Debuff 지속시간,
tree_sd,4203:1,+5 to any Attribute,+5에 any 능력치,
tree_sd,42045:1,Gain Elemental Archon when your Energy Shield Recharge begins,획득 원소 Archon when your 에너지 보호막 재충전 begins,
tree_sd,42059:1,Empowered Attacks deal 16% increased Damage,Empowered 공격 deal 16% 증가 피해,
tree_sd,42065:1,Damage Penetrates 15% Lightning Resistance,피해 Penetrates 15% 번개 저항,
tree_sd,42065:2,+10 to Dexterity,+10에 Dexterity,
tree_sd,42070:1,20% increased Elemental Damage with Attacks,20% 증가 원소 피해 보유 공격,
tree_sd,42070:2,15% increased Accuracy Rating,15% 증가 정확도 Rating,
tree_sd,42070:3,+10 to Dexterity,+10에 Dexterity,
tree_sd,42076:1,10% increased Energy Shield Recharge Rate,10% 증가 에너지 보호막 재충전 Rate,
tree_sd,42076:2,10% increased Mana Recovery from Flasks,10% 증가 마나 Recovery에서 Flasks,
tree_sd,42077:1,40% increased Energy Shield Recharge Rate,40% 증가 에너지 보호막 재충전 Rate,
tree_sd,42077:2,+10 to Intelligence,+10에 지능,
tree_sd,42103:1,20% increased Evasion Rating,20% 증가 회피 Rating,
tree_sd,42103:2,Prevent +3% of Damage from Deflected Hits,Prevent +3%의 피해에서 Deflected 명중,
tree_sd,42111:1,Break 20% increased Armour,파괴 20% 증가 방어도,
tree_sd,42118:1,+5 to any Attribute,+5에 any 능력치,
tree_sd,42127:1,Damage Penetrates 6% Fire Resistance,피해 Penetrates 6% 화염 저항,
tree_sd,42177:1,5% increased Attack Speed,5% 증가 공격 속도,
tree_sd,42177:2,10% increased Accuracy Rating,10% 증가 정확도 Rating,
tree_sd,42177:3,5% increased Dexterity,5% 증가 Dexterity,
tree_sd,42226:1,+10 to Intelligence,+10에 지능,
tree_sd,42245:1,Meta Skills have 20% increased Reservation Efficiency,Meta Skills have 20% 증가 Reservation 효율,
tree_sd,42250:1,+5 to any Attribute,+5에 any 능력치,
tree_sd,42253:1,Gain the benefits of Bonded modifiers on Runes and Idols,획득 the benefits의 Bonded modifiers 시 Runes 및 Idols,
tree_sd,42275:1,25% chance for Slam Skills you use yourself to cause an additional Aftershock,25% 확률 동안 강타 Skills you 사용 yourself에 cause an 추가 여진,
tree_sd,42280:1,+3 to all Attributes,+3에 모든 능력치,
tree_sd,42290:1,6% increased Curse Magnitudes,6% 증가 저주 Magnitudes,
tree_sd,42302:1,Projectiles have 75% chance for an additional Projectile when Forking,투사체 have 75% 확률 동안 an 추가 투사체 when Forking,
tree_sd,42339:1,5% chance to create an additional Remnant,5% 확률에 create an 추가 Remnant,
tree_sd,42347:1,20% increased Light Radius,20% 증가 Light Radius,
tree_sd,42347:2,Cannot be Blinded,Cannot be 실명,
tree_sd,42347:3,12% chance to Blind Enemies on Hit,12% 확률에 Blind Enemies 시 명중,
tree_sd,42350:1,+5 to any Attribute,+5에 any 능력치,
tree_sd,42354:1,20% increased Blind Effect,20% 증가 Blind 효과,
tree_sd,42354:2,Blind Enemies when they Stun you,Blind Enemies when they 기절 you,
tree_sd,42379:1,+5 to any Attribute,+5에 any 능력치,
tree_sd,4238:1,6% increased Attack Speed with One Handed Melee Weapons,6% 증가 공격 속도 보유 One Handed 근접 Weapons,
tree_sd,4238:2,15% increased Accuracy Rating with One Handed Melee Weapons,15% 증가 정확도 Rating 보유 One Handed 근접 Weapons,
tree_sd,4238:3,+10 to Strength and Dexterity,+10에 Strength 및 Dexterity,
tree_sd,42390:1,Gain 25% of Physical Damage as Extra Fire Damage against Heavy Stunned Enemies,획득 25%의 물리 피해 as Extra 화염 피해 against Heavy Stunned Enemies,
tree_sd,42410:1,Break 10% increased Armour,파괴 10% 증가 방어도,
tree_sd,42410:2,6% increased Attack Area Damage,6% 증가 공격 범위 피해,
tree_sd,42441:1,"When you Consume a Charge, Trigger Elemental Surge to gain 2 Fire Surges","When you Consume a 충전, Trigger 원소 Surge에 획득 2 화염 Surges",
tree_sd,42441:2,"When you Consume a Charge, Trigger Elemental Surge to gain 2 Cold Surges","When you Consume a 충전, Trigger 원소 Surge에 획득 2 냉기 Surges",
tree_sd,42441:3,Gain 1 fewer Lightning Surge from Triggering Elemental Surge,획득 1 fewer 번개 Surge에서 Triggering 원소 Surge,
tree_sd,42452:1,15% increased Attack Damage if you have Shapeshifted to an Animal form Recently,15% 증가 공격 피해 if you have Shapeshifted에 an Animal form Recently,
tree_sd,4245:1,20% increased Pin Buildup,20% 증가 Pin 누적,
tree_sd,42460:1,10% increased chance to inflict Ailments,10% 증가 확률에 inflict 상태 이상,
tree_sd,42500:1,+5 to any Attribute,+5에 any 능력치,
tree_sd,42522:1,"When collecting an Elemental Infusion, gain another different Elemental Infusion","When collecting an 원소 Infusion, 획득 another different 원소 Infusion",
tree_sd,42578:1,5% increased Block chance,5% 증가 막기 확률,
tree_sd,42583:1,10% increased Life Regeneration rate,10% 증가 생명력 재생 rate,
tree_sd,42614:1,Offering Skills have 30% reduced Duration,공물 Skills have 30% 감소 지속시간,
tree_sd,42635:1,Channelling Skills deal 12% increased Damage,집중 유지 Skills deal 12% 증가 피해,
tree_sd,42658:1,+5 to any Attribute,+5에 any 능력치,
tree_sd,42660:1,Every Rage also grants you 1% increased Minion Attack Speed,Every 격노 also grants you 1% 증가 소환수 공격 속도,
tree_sd,42660:2,Every Rage also grants you 1% increased Minion Damage,Every 격노 also grants you 1% 증가 소환수 피해,
tree_sd,42680:1,Fire Spells Convert 100% of Fire Damage to Chaos Damage,화염 Spells Convert 100%의 화염 피해에 카오스 피해,
tree_sd,42680:2,Chaos Damage from Fire Spells Contributes to Flammability and Ignite Magnitudes,카오스 피해에서 화염 Spells Contributes에 Flammability 및 점화 Magnitudes,
tree_sd,42680:3,Ignite inflicted with Fire Spells deals Chaos Damage instead of Fire Damage,점화 inflicted 보유 화염 Spells deals 카오스 피해 instead의 화염 피해,
tree_sd,42710:1,20% increased Totem Placement speed,20% 증가 토템 Placement 속도,
tree_sd,42714:1,Enemies you apply Incision to take 2% increased Physical Damage per Incision,Enemies you apply Incision에 take 2% 증가 물리 피해 per Incision,
tree_sd,4271:1,Minions have +8% to all Elemental Resistances,소환수 have +8%에 모든 원소 저항,
tree_sd,42736:1,+5 to any Attribute,+5에 any 능력치,
tree_sd,42750:1,10% increased Attack Damage,10% 증가 공격 피해,
tree_sd,42760:1,30% increased Stun Recovery,30% 증가 기절 Recovery,
tree_sd,42760:2,Regenerate 3% of maximum Life over 1 second when Stunned,Regenerate 3%의 최대 생명력 over 1 second when Stunned,
tree_sd,42760:3,+1 to Stun Threshold per Dexterity,+1에 기절 한계값 per Dexterity,
tree_sd,42762:1,15% increased Physical Damage,15% 증가 물리 피해,
tree_sd,42781:1,15% chance to Pierce an Enemy,15% 확률에 Pierce an Enemy,
tree_sd,42781:2,15% increased Projectile Damage,15% 증가 투사체 피해,
tree_sd,42794:1,12% increased Elemental Damage with Attacks,12% 증가 원소 피해 보유 공격,
tree_sd,42805:1,12% increased Evasion Rating,12% 증가 회피 Rating,
tree_sd,42805:2,12% increased maximum Energy Shield,12% 증가 최대 에너지 보호막,
tree_sd,42813:1,25% increased Skill Effect Duration,25% 증가 Skill 효과 지속시간,
tree_sd,42825:1,15% faster start of Energy Shield Recharge,15% faster start의 에너지 보호막 재충전,
tree_sd,42845:1,Banner Skills have 20% increased Area of Effect,깃발 Skills have 20% 증가 범위의 효과,
tree_sd,42857:1,4% increased Skill Speed,4% 증가 Skill 속도,
tree_sd,42914:1,15% increased Damage with Flails,15% 증가 피해 보유 Flails,
tree_sd,42914:2,6% increased Attack Speed with Flails,6% 증가 공격 속도 보유 Flails,
tree_sd,42916:1,15% faster start of Energy Shield Recharge,15% faster start의 에너지 보호막 재충전,
tree_sd,42959:1,60% increased Effect of Poison you inflict on targets that are not Poisoned,60% 증가 효과의 독 you inflict 시 targets that are not Poisoned,
tree_sd,4295:1,20% reduced Life Regeneration rate,20% 감소 생명력 재생 rate,
tree_sd,4295:2,20% of Damage taken Recouped as Mana,20%의 피해 taken Recouped as 마나,
tree_sd,42974:1,5% chance to Blind Enemies on Hit,5% 확률에 Blind Enemies 시 명중,
tree_sd,42981:1,Break 40% increased Armour,파괴 40% 증가 방어도,
tree_sd,42981:2,25% increased Physical Damage,25% 증가 물리 피해,
tree_sd,42984:1,6% increased Area of Effect,6% 증가 범위의 효과,
tree_sd,42998:1,12% increased Damage while your Companion is in your Presence,12% 증가 피해 동안 your 동료 is in your Presence,
tree_sd,42999:1,7% increased Chaos Damage,7% 증가 카오스 피해,
tree_sd,43014:1,5% increased Attack Damage,5% 증가 공격 피해,
tree_sd,43014:2,8% increased Immobilisation buildup,8% 증가 Immobilisation 누적,
tree_sd,43036:1,10% increased Mana Regeneration Rate,10% 증가 마나 재생 Rate,
tree_sd,43044:1,+5 to any Attribute,+5에 any 능력치,
tree_sd,43082:1,3% increased Movement Speed,3% 증가 이동 속도,
tree_sd,43082:2,10% increased Skill Speed,10% 증가 Skill 속도,
tree_sd,43088:1,40% increased Chaos Damage while affected by Herald of Plague,40% 증가 카오스 피해 동안 affected by Herald의 Plague,
tree_sd,43088:2,40% increased Physical Damage while affected by Herald of Blood,40% 증가 물리 피해 동안 affected by Herald의 피,
tree_sd,43090:1,5% increased Skill Speed,5% 증가 Skill 속도,
tree_sd,43090:2,30% increased Electrocute Buildup,30% 증가 Electrocute 누적,
tree_sd,43095:1,4% increased Skill Speed,4% 증가 Skill 속도,
tree_sd,43102:1,12% increased Damage while your Companion is in your Presence,12% 증가 피해 동안 your 동료 is in your Presence,
tree_sd,43128:1,4% increased Cast Speed,4% 증가 시전 속도,
tree_sd,43128:2,8% increased Area of Effect,8% 증가 범위의 효과,
tree_sd,43131:1,35% increased Damage with Hits against Enemies that are on Low Life,35% 증가 피해 보유 명중 against Enemies that are 시 Low 생명력,
tree_sd,43139:1,20% increased Damage for each type of Elemental Ailment on Enemy,20% 증가 피해 동안 each type의 원소 상태 이상 시 Enemy,
tree_sd,4313:1,8% increased Projectile Damage,8% 증가 투사체 피해,
tree_sd,43149:1,5% increased Attack Damage,5% 증가 공격 피해,
tree_sd,43149:2,6% increased Accuracy Rating,6% 증가 정확도 Rating,
tree_sd,43155:1,10% increased Critical Hit Chance with Crossbows,10% 증가 치명타 확률 보유 Crossbows,
tree_sd,43164:1,8% increased Melee Damage,8% 증가 근접 피해,
tree_sd,43174:1,10% increased effect of Fully Broken Armour,10% 증가 효과의 Fully Broken 방어도,
tree_sd,43183:1,2% increased Attack Speed,2% 증가 공격 속도,
tree_sd,43183:2,5% increased Accuracy Rating,5% 증가 정확도 Rating,
tree_sd,43201:1,10% increased chance to inflict Ailments,10% 증가 확률에 inflict 상태 이상,
tree_sd,43238:1,Hazards have 5% chance to rearm after they are triggered,Hazards have 5% 확률에 rearm after they are triggered,
tree_sd,43250:1,+1% to Maximum Resistances of each Elemental Damage Type you have been Hit with Recently,+1%에 최대 저항의 each 원소 피해 Type you have been 명중 보유 Recently,
tree_sd,43254:1,10% increased Parried Debuff Magnitude,10% 증가 Parried Debuff Magnitude,
tree_sd,43263:1,3% increased Attack Speed with One Handed Melee Weapons,3% 증가 공격 속도 보유 One Handed 근접 Weapons,
tree_sd,43281:1,Triggered Spells deal 16% increased Spell Damage,Triggered Spells deal 16% 증가 주문 피해,
tree_sd,43282:1,12% increased Elemental Damage while Shapeshifted,12% 증가 원소 피해 동안 Shapeshifted,
tree_sd,4328:1,+5 to any Attribute,+5에 any 능력치,
tree_sd,4331:1,Ancestrally Boosted Attacks deal 30% increased Damage,Ancestrally Boosted 공격 deal 30% 증가 피해,
tree_sd,4331:2,"On Heavy Stunning a Rare or Unique Enemy, your next Attack within 4 seconds will be Ancestrally Boosted","On Heavy Stunning a Rare or Unique Enemy, your next 공격 within 4 seconds will be Ancestrally Boosted",
tree_sd,43324:1,8% of Skill Mana Costs Converted to Life Costs,8%의 Skill 마나 Costs Converted에 생명력 Costs,
tree_sd,43338:1,8% increased Lightning Damage,8% 증가 번개 피해,
tree_sd,43338:2,8% increased chance to Shock,8% 증가 확률에 감전,
tree_sd,43366:1,Minions have 12% additional Physical Damage Reduction,소환수 have 12% 추가 물리 피해 Reduction,
tree_sd,43383:1,15% increased chance to inflict Ailments,15% 증가 확률에 inflict 상태 이상,
tree_sd,43383:2,Hits Break 30% increased Armour on targets with Ailments,명중 파괴 30% 증가 방어도 시 targets 보유 상태 이상,
tree_sd,43385:1,Minions deal 15% increased Damage,소환수 deal 15% 증가 피해,
tree_sd,43396:1,25% increased Totem Placement speed,25% 증가 토템 Placement 속도,
tree_sd,43396:2,50% increased Totem Placement range,50% 증가 토템 Placement range,
tree_sd,43423:1,50% increased Flammability Magnitude,50% 증가 Flammability Magnitude,
tree_sd,43423:2,25% increased Freeze Buildup,25% 증가 동결 누적,
tree_sd,43423:3,25% increased chance to Shock,25% 증가 확률에 감전,
tree_sd,43423:4,25% increased Electrocute Buildup,25% 증가 Electrocute 누적,
tree_sd,43426:1,Grants Skill: Navira's Well,Grants Skill: Navira's Well,
tree_sd,43443:1,15% increased Critical Hit Chance with Flails,15% 증가 치명타 확률 보유 Flails,
tree_sd,43444:1,8% increased Knockback Distance,8% 증가 Knockback Distance,
tree_sd,43453:1,3% increased Movement Speed while Sprinting,3% 증가 이동 속도 동안 Sprinting,
tree_sd,43460:1,10% increased Armour while Shapeshifted,10% 증가 방어도 동안 Shapeshifted,
tree_sd,43460:2,+5% of Armour also applies to Elemental Damage while Shapeshifted,+5%의 방어도 also applies에 원소 피해 동안 Shapeshifted,
tree_sd,43461:1,8% increased Fire Damage,8% 증가 화염 피해,
tree_sd,43461:2,8% increased Attack Damage,8% 증가 공격 피해,
tree_sd,4346:1,20% increased Damage if you've dealt a Critical Hit Recently,20% 증가 피해 if you've dealt a 치명타 명중 Recently,
tree_sd,43486:1,"2% chance that if you would gain Power Charges, you instead gain up to","2% 확률 that if you would 획득 권능 충전, you instead 획득 up to",
tree_sd,43486:2,your maximum number of Power Charges,your 최대 number의 권능 충전,
tree_sd,43507:1,5% increased Attack Damage,5% 증가 공격 피해,
tree_sd,43507:2,6% increased Accuracy Rating,6% 증가 정확도 Rating,
tree_sd,43522:1,6% reduced Charm Charges used,6% 감소 참 충전 used,
tree_sd,43557:1,Minions have 15% increased Critical Damage Bonus,소환수 have 15% 증가 치명타 피해 보너스,
tree_sd,43562:1,8% chance to Blind Enemies on Hit with Attacks,8% 확률에 Blind Enemies 시 명중 보유 공격,
tree_sd,43575:1,10% increased Melee Damage,10% 증가 근접 피해,
tree_sd,43576:1,10% increased Mana Regeneration Rate,10% 증가 마나 재생 Rate,
tree_sd,43578:1,10% increased Projectile Damage,10% 증가 투사체 피해,
tree_sd,43584:1,Gain 2% of Damage as Extra Fire Damage per Endurance Charge consumed Recently,획득 2%의 피해 as Extra 화염 피해 per 인내 충전 consumed Recently,
tree_sd,43588:1,8% increased Spell Damage,8% 증가 주문 피해,
tree_sd,43588:2,8% increased Attack Damage,8% 증가 공격 피해,
tree_sd,43633:1,20% faster start of Energy Shield Recharge while affected by an Archon Buff,20% faster start의 에너지 보호막 재충전 동안 affected by an Archon Buff,
tree_sd,43633:2,40% increased Energy Shield Recharge Rate while affected by an Archon Buff,40% 증가 에너지 보호막 재충전 Rate 동안 affected by an Archon Buff,
tree_sd,4364:1,8% increased Attack Damage while moving,8% 증가 공격 피해 동안 moving,
tree_sd,4364:2,2% reduced Movement Speed Penalty from using Skills while moving,2% 감소 이동 속도 Penalty에서 using Skills 동안 moving,
tree_sd,43650:1,8% increased Critical Damage Bonus,8% 증가 치명타 피해 보너스,
tree_sd,43650:2,5% increased Critical Hit Chance,5% 증가 치명타 확률,
tree_sd,43653:1,12% increased Cold Damage,12% 증가 냉기 피해,
tree_sd,43677:1,25% chance for Attacks to Maim on Hit against Poisoned Enemies,25% 확률 동안 공격에 Maim 시 명중 against Poisoned Enemies,
tree_sd,43677:2,25% increased Magnitude of Poison you inflict,25% 증가 Magnitude의 독 you inflict,
tree_sd,43691:1,+5 to any Attribute,+5에 any 능력치,
tree_sd,43711:1,+6% to Thorns Critical Hit Chance,+6%에 Thorns 치명타 확률,
tree_sd,43713:1,Offering Skills have 20% increased Area of Effect,공물 Skills have 20% 증가 범위의 효과,
tree_sd,43720:1,+5% to Cold Resistance,+5%에 냉기 저항,
tree_sd,43720:2,10% increased amount of Mana Leeched,10% 증가 amount의 마나 Leeched,
tree_sd,43721:1,21% increased Chaos Damage,21% 증가 카오스 피해,
tree_sd,43721:2,11% increased Life Cost of Skills,11% 증가 생명력 Cost의 Skills,
tree_sd,43721:3,3% of Skill Mana Costs Converted to Life Costs,3%의 Skill 마나 Costs Converted에 생명력 Costs,
tree_sd,43736:1,15% faster start of Energy Shield Recharge,15% faster start의 에너지 보호막 재충전,
tree_sd,43746:1,+5 to any Attribute,+5에 any 능력치,
tree_sd,43778:1,5% chance to inflict Bleeding on Hit,5% 확률에 inflict 출혈 시 명중,
tree_sd,4377:1,10% increased Accuracy Rating while Dual Wielding,10% 증가 정확도 Rating 동안 Dual Wielding,
tree_sd,4378:1,8% increased Accuracy Rating,8% 증가 정확도 Rating,
tree_sd,43791:1,"When a Banner expires, recover 15% of the Glory required for that Banner","When a 깃발 expires, recover 15%의 the Glory required 동안 that 깃발",
tree_sd,43829:1,25% increased chance to inflict Ailments with Projectiles,25% 증가 확률에 inflict 상태 이상 보유 투사체,
tree_sd,43842:1,10% increased effect of Archon Buffs on you,10% 증가 효과의 Archon Buffs 시 you,
tree_sd,43843:1,5% increased Projectile Speed,5% 증가 투사체 속도,
tree_sd,43843:2,8% increased Physical Damage,8% 증가 물리 피해,
tree_sd,43854:1,20% reduced Presence Area of Effect,20% 감소 Presence 범위의 효과,
tree_sd,43854:2,12% increased Area of Effect,12% 증가 범위의 효과,
tree_sd,43867:1,Damage Penetrates 6% Fire Resistance,피해 Penetrates 6% 화염 저항,
tree_sd,43877:1,3% increased Attack Speed,3% 증가 공격 속도,
tree_sd,43893:1,10% increased Elemental Damage,10% 증가 원소 피해,
tree_sd,43895:1,15% increased Life Regeneration Rate while on Low Life,15% 증가 생명력 재생 Rate 동안 시 Low 생명력,
tree_sd,43923:1,8% increased Accuracy Rating,8% 증가 정확도 Rating,
tree_sd,43938:1,6% increased Trap Throwing Speed,6% 증가 덫 Throwing 속도,
tree_sd,43939:1,"Enemies Ignited by you permanently take 1% increased Fire Damage for each second they have ever been Ignited by you, up to a maximum of 10%","Enemies Ignited by you permanently take 1% 증가 화염 피해 동안 each second they have ever been Ignited by you, up에 a 최대의 10%",
tree_sd,43941:1,3% increased Skill Speed while Shapeshifted,3% 증가 Skill 속도 동안 Shapeshifted,
tree_sd,43944:1,"25% chance that when Volatility on you explodes, you regain an equivalent amount of Volatility","25% 확률 that when Volatility 시 you explodes, you regain an equivalent amount의 Volatility",
tree_sd,43964:1,Break 20% increased Armour,파괴 20% 증가 방어도,
tree_sd,44005:1,15% reduced Spell Damage,15% 감소 주문 피해,
tree_sd,44005:2,6% increased Cast Speed for each different Non-Instant Spell you've Cast Recently,6% 증가 시전 속도 동안 each different Non-Instant 주문 you've 시전 Recently,
tree_sd,44014:1,8% increased Accuracy Rating,8% 증가 정확도 Rating,
tree_sd,44017:1,Accuracy Rating is Doubled,정확도 Rating is Doubled,
tree_sd,44017:2,Never deal Critical Hits,Never deal 치명타,
tree_sd,44069:1,15% increased Stun Buildup,15% 증가 기절 누적,
tree_sd,4407:1,Minions have 12% additional Physical Damage Reduction,소환수 have 12% 추가 물리 피해 Reduction,
tree_sd,4407:2,Minions have 25% increased Evasion Rating,소환수 have 25% 증가 회피 Rating,
tree_sd,44082:1,15% increased Energy Shield Recharge Rate,15% 증가 에너지 보호막 재충전 Rate,
tree_sd,44092:1,12% increased Ignite Magnitude,12% 증가 점화 Magnitude,
tree_sd,44098:1,Gain additional Ailment Threshold equal to 8% of maximum Energy Shield,획득 추가 상태 이상 한계값 equal에 8%의 최대 에너지 보호막,
tree_sd,44098:2,Gain additional Stun Threshold equal to 8% of maximum Energy Shield,획득 추가 기절 한계값 equal에 8%의 최대 에너지 보호막,
tree_sd,440:1,25% increased Defences from Equipped Shield,25% 증가 Defences에서 Equipped 방패,
tree_sd,44141:1,3% increased Attack Speed with Bows,3% 증가 공격 속도 보유 Bows,
tree_sd,44176:1,+3 to all Attributes,+3에 모든 능력치,
tree_sd,44188:1,8% increased Power Charge Duration,8% 증가 권능 충전 지속시간,
tree_sd,44188:2,8% increased Elemental Infusion duration,8% 증가 원소 Infusion 지속시간,
tree_sd,44201:1,6% chance for Spell Skills to fire 2 additional Projectiles,6% 확률 동안 주문 Skills에 화염 2 추가 투사체,
tree_sd,44204:1,20% increased Flammability Magnitude,20% 증가 Flammability Magnitude,
tree_sd,44204:2,8% increased Elemental Damage,8% 증가 원소 피해,
tree_sd,44213:1,12% increased Armour,12% 증가 방어도,
tree_sd,44213:2,12% faster start of Energy Shield Recharge,12% faster start의 에너지 보호막 재충전,
tree_sd,44223:1,15% increased Critical Damage Bonus,15% 증가 치명타 피해 보너스,
tree_sd,44239:1,15% increased Pin Buildup,15% 증가 Pin 누적,
tree_sd,4423:1,Critical Hits with Daggers have a 25% chance to Poison the Enemy,치명타 보유 Daggers have a 25% 확률에 독 the Enemy,
tree_sd,44255:1,Minions Revive 5% faster,소환수 Revive 5% faster,
tree_sd,44280:1,8% increased Effect of your Mark Skills,8% 증가 효과의 your 징표 Skills,
tree_sd,44280:2,5% chance to Blind Enemies on Hit with Attacks,5% 확률에 Blind Enemies 시 명중 보유 공격,
tree_sd,44293:1,5% increased Cast Speed,5% 증가 시전 속도,
tree_sd,44293:2,10% increased Cast Speed when on Full Life,10% 증가 시전 속도 when 시 Full 생명력,
tree_sd,44299:1,25% increased maximum Energy Shield,25% 증가 최대 에너지 보호막,
tree_sd,44299:2,5% of Maximum Life Converted to Energy Shield,5%의 최대 생명력 Converted에 에너지 보호막,
tree_sd,44309:1,Companions deal 15% increased Damage,Companions deal 15% 증가 피해,
tree_sd,44330:1,25% increased Damage with One Handed Weapons,25% 증가 피해 보유 One Handed Weapons,
tree_sd,44330:2,Attacks with One-Handed Weapons have 20% increased Chance to inflict Ailments,공격 보유 One-Handed Weapons have 20% 증가 확률에 inflict 상태 이상,
tree_sd,44343:1,+5 to any Attribute,+5에 any 능력치,
tree_sd,44344:1,+5 to any Attribute,+5에 any 능력치,
tree_sd,44345:1,10% increased Lightning Damage,10% 증가 번개 피해,
tree_sd,44357:1,12% increased Critical Hit Chance,12% 증가 치명타 확률,
tree_sd,44369:1,3% chance to gain Volatility on Kill,3% 확률에 획득 Volatility 시 Kill,
tree_sd,44371:1,Gain Deflection Rating equal to 20% of Armour,획득 Deflection Rating equal에 20%의 방어도,
tree_sd,44371:2,Gain 100% of Evasion Rating as extra Ailment Threshold,획득 100%의 회피 Rating as extra 상태 이상 한계값,
tree_sd,44372:1,6% increased Spell Damage,6% 증가 주문 피해,
tree_sd,44372:2,2% increased Cast Speed,2% 증가 시전 속도,
tree_sd,44373:1,Unwithered enemies are Withered for 8 seconds when they enter your Presence,Unwithered enemies are Withered 동안 8 seconds when they enter your Presence,
tree_sd,44373:2,20% increased Withered Magnitude,20% 증가 Withered Magnitude,
tree_sd,44406:1,15% increased Stun Buildup,15% 증가 기절 누적,
tree_sd,44419:1,10% increased amount of Life Leeched,10% 증가 amount의 생명력 Leeched,
tree_sd,44420:1,10% increased Critical Hit Chance,10% 증가 치명타 확률,
tree_sd,4442:1,+15% of Armour also applies to Lightning Damage,+15%의 방어도 also applies에 번개 피해,
tree_sd,44430:1,12% increased Damage with Crossbows,12% 증가 피해 보유 Crossbows,
tree_sd,44452:1,5% increased Skill Effect Duration,5% 증가 Skill 효과 지속시간,
tree_sd,44452:2,12% increased Physical Damage,12% 증가 물리 피해,
tree_sd,44453:1,15% increased Stun Threshold,15% 증가 기절 한계값,
tree_sd,44455:1,12% increased Cold Damage,12% 증가 냉기 피해,
tree_sd,44461:1,10% increased Skill Effect Duration,10% 증가 Skill 효과 지속시간,
tree_sd,4447:1,20% increased Pin duration,20% 증가 Pin 지속시간,
tree_sd,4447:2,Pinned Enemies cannot deal Critical Hits,Pinned Enemies cannot deal 치명타,
tree_sd,44484:1,Remnants can be collected from 25% further away,Remnants can be collected에서 25% further away,
tree_sd,44485:1,Companions deal 15% increased Damage,Companions deal 15% 증가 피해,
tree_sd,44487:1,10% increased Ignite Magnitude,10% 증가 점화 Magnitude,
tree_sd,44490:1,8% increased Lightning Damage,8% 증가 번개 피해,
tree_sd,44490:2,10% increased Electrocute Buildup,10% 증가 Electrocute 누적,
tree_sd,44498:1,10% increased Exposure Effect,10% 증가 Exposure 효과,
tree_sd,44516:1,3% increased Attack Speed with Quarterstaves,3% 증가 공격 속도 보유 Quarterstaves,
tree_sd,44522:1,Gain Deflection Rating equal to 6% of Evasion Rating,획득 Deflection Rating equal에 6%의 회피 Rating,
tree_sd,44527:1,15% increased Flask Effect Duration,15% 증가 플라스크 효과 지속시간,
tree_sd,44527:2,15% increased Flask Charges gained,15% 증가 플라스크 충전 획득,
tree_sd,44560:1,20% increased Cold Damage,20% 증가 냉기 피해,
tree_sd,44563:1,Debuffs you inflict have 4% increased Slow Magnitude,Debuffs you inflict have 4% 증가 Slow Magnitude,
tree_sd,44563:2,20% increased Hinder Duration,20% 증가 Hinder 지속시간,
tree_sd,44566:1,30% chance for Lightning Damage with Hits to be Lucky,30% 확률 동안 번개 피해 보유 명중에 be Lucky,
tree_sd,4456:1,+5 to any Attribute,+5에 any 능력치,
tree_sd,44573:1,10% increased Skill Effect Duration,10% 증가 Skill 효과 지속시간,
tree_sd,44573:2,10% increased Area of Effect for Attacks,10% 증가 범위의 효과 동안 공격,
tree_sd,44573:3,Combo count loss occurs 20% slower,Combo count loss occurs 20% slower,
tree_sd,44605:1,15% increased Projectile Damage,15% 증가 투사체 피해,
tree_sd,44605:2,30% increased Stun Buildup against enemies within 2 metres,30% 증가 기절 누적 against enemies within 2 metres,
tree_sd,44605:3,+5 to Strength and Dexterity,+5에 Strength 및 Dexterity,
tree_sd,44628:1,3% increased Attack Speed,3% 증가 공격 속도,
tree_sd,44659:1,+5 to any Attribute,+5에 any 능력치,
tree_sd,44669:1,10% increased Skill Effect Duration,10% 증가 Skill 효과 지속시간,
tree_sd,4467:1,15% increased Damage with Hits against Blinded Enemies,15% 증가 피해 보유 명중 against 실명 Enemies,
tree_sd,44690:1,8% reduced Skill Effect Duration,8% 감소 Skill 효과 지속시간,
tree_sd,44699:1,8% increased Reservation Efficiency of Companion Skills,8% 증가 Reservation 효율의 동료 Skills,
tree_sd,44707:1,Attack Skills deal 10% increased Damage while holding a Shield,공격 Skills deal 10% 증가 피해 동안 holding a 방패,
tree_sd,44733:1,+5 to any Attribute,+5에 any 능력치,
tree_sd,44746:1,40% more Immobilisation buildup,40% more Immobilisation 누적,
tree_sd,44753:1,50% reduced Magnitude of Ignite on you,50% 감소 Magnitude의 점화 시 you,
tree_sd,44756:1,60% increased Mana Cost Efficiency of Marks,60% 증가 마나 Cost 효율의 Marks,
tree_sd,44756:2,4% increased Movement Speed if you've used a Mark Recently,4% 증가 이동 속도 if you've used a 징표 Recently,
tree_sd,44765:1,10% increased Cooldown Recovery Rate,10% 증가 Cooldown Recovery Rate,
tree_sd,44765:2,Enemies in your Presence have 10% reduced Cooldown Recovery Rate,Enemies in your Presence have 10% 감소 Cooldown Recovery Rate,
tree_sd,44776:1,15% increased Evasion Rating,15% 증가 회피 Rating,
tree_sd,44783:1,10% increased Spell Area Damage,10% 증가 주문 범위 피해,
tree_sd,44787:1,20% increased Totem Placement speed,20% 증가 토템 Placement 속도,
tree_sd,44836:1,20% increased Armour and Evasion Rating,20% 증가 방어도 및 회피 Rating,
tree_sd,44836:2,20% increased Stun Threshold,20% 증가 기절 한계값,
tree_sd,44841:1,Mark Skills have 25% increased Skill Effect Duration,징표 Skills have 25% 증가 Skill 효과 지속시간,
tree_sd,44871:1,+10 to maximum Energy Shield,+10에 최대 에너지 보호막,
tree_sd,44872:1,+5 to any Attribute,+5에 any 능력치,
tree_sd,44891:1,Damage Penetrates 6% Cold Resistance,피해 Penetrates 6% 냉기 저항,
tree_sd,44902:1,8% increased Spell Damage,8% 증가 주문 피해,
tree_sd,44902:2,8% increased Attack Damage,8% 증가 공격 피해,
tree_sd,44917:1,Gain additional Stun Threshold equal to 20% of maximum Energy Shield,획득 추가 기절 한계값 equal에 20%의 최대 에너지 보호막,
tree_sd,44917:2,20% increased Stun Threshold while on Full Life,20% 증가 기절 한계값 동안 시 Full 생명력,
tree_sd,44932:1,15% increased Magnitude of Shock you inflict,15% 증가 Magnitude의 감전 you inflict,
tree_sd,44951:1,Minions deal 10% increased Damage,소환수 deal 10% 증가 피해,
tree_sd,44952:1,30% increased Armour,30% 증가 방어도,
tree_sd,44952:2,5% of Physical Damage prevented Recouped as Life,5%의 물리 피해 prevented Recouped as 생명력,
tree_sd,44974:1,Empowered Attacks Gain 16% of Damage as Extra Cold Damage,Empowered 공격 획득 16%의 피해 as Extra 냉기 피해,
tree_sd,44983:1,+3 to all Attributes,+3에 모든 능력치,
tree_sd,45012:1,10% increased Attack Damage,10% 증가 공격 피해,
tree_sd,45013:1,60% increased Damage with Hits against Enemies that are on Low Life,60% 증가 피해 보유 명중 against Enemies that are 시 Low 생명력,
tree_sd,45013:2,30% increased Stun Buildup against Enemies that are on Low Life,30% 증가 기절 누적 against Enemies that are 시 Low 생명력,
tree_sd,45037:1,12% increased Armour and Evasion Rating,12% 증가 방어도 및 회피 Rating,
tree_sd,45075:1,5% increased Attack Damage,5% 증가 공격 피해,
tree_sd,45075:2,6% increased Accuracy Rating,6% 증가 정확도 Rating,
tree_sd,45086:1,Gain 3% of Physical Damage as extra Chaos Damage,획득 3%의 물리 피해 as extra 카오스 피해,
tree_sd,45090:1,12% increased Attack Damage,12% 증가 공격 피해,
tree_sd,45100:1,5% increased Flask Effect Duration,5% 증가 플라스크 효과 지속시간,
tree_sd,45100:2,2% increased Attack Speed,2% 증가 공격 속도,
tree_sd,45111:1,20% increased Curse Duration,20% 증가 저주 지속시간,
tree_sd,45137:1,10% increased Ignite Magnitude,10% 증가 점화 Magnitude,
tree_sd,45162:1,20% increased Presence Area of Effect,20% 증가 Presence 범위의 효과,
tree_sd,45177:1,20% increased Accuracy Rating,20% 증가 정확도 Rating,
tree_sd,45177:2,+10 to Dexterity,+10에 Dexterity,
tree_sd,45193:1,10% increased Magnitude of Poison you inflict,10% 증가 Magnitude의 독 you inflict,
tree_sd,4519:1,20% increased Damage if you've dealt a Critical Hit Recently,20% 증가 피해 if you've dealt a 치명타 명중 Recently,
tree_sd,45202:1,Unlimited number of Summoned Totems,Unlimited number의 Summoned Totems,
tree_sd,45202:2,Totems reserve 75 Spirit each,Totems reserve 75 정신력 each,
tree_sd,45215:1,Allies in your Presence deal 8% increased Damage,동료 in your Presence deal 8% 증가 피해,
tree_sd,45215:2,8% increased Attack Damage while you have an Ally in your Presence,8% 증가 공격 피해 동안 you have an 동료 in your Presence,
tree_sd,45226:1,16% increased Damage with Bows,16% 증가 피해 보유 Bows,
tree_sd,45227:1,Break 20% increased Armour,파괴 20% 증가 방어도,
tree_sd,45230:1,10% increased Area of Effect of Curses,10% 증가 범위의 효과의 Curses,
tree_sd,45244:1,Life Flasks gain 0.15 charges per Second,생명력 Flasks 획득 0.15 충전 per Second,
tree_sd,45248:1,+2% to Quality of all Skills,+2%에 Quality의 모든 Skills,
tree_sd,45272:1,+3 to all Attributes,+3에 모든 능력치,
tree_sd,45278:1,Equipment and Skill Gems have 4% reduced Attribute Requirements,Equipment 및 Skill Gems have 4% 감소 능력치 Requirements,
tree_sd,4527:1,+5 to any Attribute,+5에 any 능력치,
tree_sd,45301:1,8% reduced Slowing Potency of Debuffs on You,8% 감소 Slowing Potency의 Debuffs 시 You,
tree_sd,45304:1,10% increased Poison Duration,10% 증가 독 지속시간,
tree_sd,45319:1,8% increased Spell Damage,8% 증가 주문 피해,
tree_sd,45327:1,15% increased Stun Buildup,15% 증가 기절 누적,
tree_sd,45329:1,30% increased Hazard Duration,30% 증가 Hazard 지속시간,
tree_sd,45329:2,40% increased Hazard Damage,40% 증가 Hazard 피해,
tree_sd,45331:1,Projectiles have 5% chance to Chain an additional time from terrain,투사체 have 5% 확률에 연쇄 an 추가 time에서 terrain,
tree_sd,45343:1,Minions have 8% increased Area of Effect,소환수 have 8% 증가 범위의 효과,
tree_sd,4534:1,50% chance to Pierce an Enemy,50% 확률에 Pierce an Enemy,
tree_sd,45350:1,Invocated Spells deal 15% increased Damage,Invocated Spells deal 15% 증가 피해,
tree_sd,45354:1,Aura Skills have 5% increased Magnitudes,오라 Skills have 5% 증가 Magnitudes,
tree_sd,45363:1,20% increased Melee Damage,20% 증가 근접 피해,
tree_sd,45363:2,40% increased Melee Damage against Heavy Stunned enemies,40% 증가 근접 피해 against Heavy Stunned enemies,
tree_sd,4536:1,3% increased Attack Speed with Quarterstaves,3% 증가 공격 속도 보유 Quarterstaves,
tree_sd,45370:1,Hits against you have 30% reduced Critical Damage Bonus,명중 against you have 30% 감소 치명타 피해 보너스,
tree_sd,45370:2,15% reduced Duration of Ailments on You,15% 감소 지속시간의 상태 이상 시 You,
tree_sd,45370:3,+10 to Strength,+10에 Strength,
tree_sd,45382:1,10% increased Elemental Damage,10% 증가 원소 피해,
tree_sd,45382:2,6% increased chance to inflict Ailments,6% 증가 확률에 inflict 상태 이상,
tree_sd,45383:1,12% increased Lightning Damage,12% 증가 번개 피해,
tree_sd,45390:1,Mark Skills have 10% increased Use Speed,징표 Skills have 10% 증가 사용 속도,
tree_sd,45400:1,Totems gain +3% to all Maximum Elemental Resistances,Totems 획득 +3%에 모든 최대 원소 저항,
tree_sd,45400:2,20% increased Area of Effect for Skills used by Totems,20% 증가 범위의 효과 동안 Skills used by Totems,
tree_sd,45422:1,+15 to Maximum Rage,+15에 최대 격노,
tree_sd,45422:2,200% faster start of inherent Rage loss,200% faster start의 inherent 격노 loss,
tree_sd,4544:1,40% reduced Poison Duration on you,40% 감소 독 지속시간 시 you,
tree_sd,4544:2,Life Flasks gain 0.1 charges per Second,생명력 Flasks 획득 0.1 충전 per Second,
tree_sd,4544:3,+10 to Intelligence,+10에 지능,
tree_sd,4547:1,+3% to all Elemental Resistances,+3%에 모든 원소 저항,
tree_sd,4547:2,+2% to Maximum Fire Resistance if you have at least 5 Red Support Gems Socketed,+2%에 최대 화염 저항 if you have at least 5 Red 보조 Gems Socketed,
tree_sd,45481:1,10% increased Mana Regeneration Rate,10% 증가 마나 재생 Rate,
tree_sd,45488:1,20% increased Accuracy Rating while Dual Wielding,20% 증가 정확도 Rating 동안 Dual Wielding,
tree_sd,45488:2,3% increased Movement Speed while Dual Wielding,3% 증가 이동 속도 동안 Dual Wielding,
tree_sd,45494:1,20% increased Ballista Immobilisation buildup,20% 증가 Ballista Immobilisation 누적,
tree_sd,45497:1,10% increased Elemental Damage,10% 증가 원소 피해,
tree_sd,45503:1,30% increased Flammability Magnitude,30% 증가 Flammability Magnitude,
tree_sd,45522:1,12% increased Spell Damage if you have consumed an Elemental Infusion Recently,12% 증가 주문 피해 if you have consumed an 원소 Infusion Recently,
tree_sd,4552:1,10% increased Mana Regeneration Rate,10% 증가 마나 재생 Rate,
tree_sd,45530:1,Minions cause 15% increased Stun Buildup,소환수 cause 15% 증가 기절 누적,
tree_sd,45569:1,15% increased Critical Spell Damage Bonus,15% 증가 치명타 주문 피해 보너스,
tree_sd,45570:1,Offering Skills have 20% increased Area of Effect,공물 Skills have 20% 증가 범위의 효과,
tree_sd,45585:1,20% increased Armour while Surrounded,20% 증가 방어도 동안 포위,
tree_sd,45585:2,20% increased Evasion Rating while Surrounded,20% 증가 회피 Rating 동안 포위,
tree_sd,45586:1,Allies in your Presence deal 16% increased Damage,동료 in your Presence deal 16% 증가 피해,
tree_sd,45599:1,1% increased Damage per 1% Chance to Block,1% 증가 피해 per 1% 확률에 막기,
tree_sd,45602:1,Grants Skill: Navira's Oasis,Grants Skill: Navira's Oasis,
tree_sd,45609:1,15% increased Critical Damage Bonus,15% 증가 치명타 피해 보너스,
tree_sd,45612:1,12% increased Block chance,12% 증가 막기 확률,
tree_sd,45612:2,5 Mana gained when you Block,5 마나 획득 when you 막기,
tree_sd,45631:1,10% increased Evasion Rating,10% 증가 회피 Rating,
tree_sd,45631:2,10% increased Energy Shield Recharge Rate,10% 증가 에너지 보호막 재충전 Rate,
tree_sd,45632:1,20% increased Mana Regeneration Rate,20% 증가 마나 재생 Rate,
tree_sd,45632:2,15% increased Mana Cost Efficiency,15% 증가 마나 Cost 효율,
tree_sd,45650:1,15% increased Melee Damage if you've dealt a Projectile Attack Hit in the past eight seconds,15% 증가 근접 피해 if you've dealt a 투사체 공격 명중 in the past eight seconds,
tree_sd,45693:1,25% increased Defences from Equipped Shield,25% 증가 Defences에서 Equipped 방패,
tree_sd,45702:1,10% increased Critical Hit Chance,10% 증가 치명타 확률,
tree_sd,45709:1,15% increased Life Flask Charges gained,15% 증가 생명력 플라스크 충전 획득,
tree_sd,45712:1,20% increased Flammability Magnitude,20% 증가 Flammability Magnitude,
tree_sd,45712:2,8% increased Elemental Damage,8% 증가 원소 피해,
tree_sd,45713:1,20% increased Flask Effect Duration,20% 증가 플라스크 효과 지속시간,
tree_sd,45713:2,20% chance for Flasks you use to not consume Charges,20% 확률 동안 Flasks you 사용에 not consume 충전,
tree_sd,45751:1,Apply Debilitate to Enemies 3 Metres in front of you while your Shield is raised,Apply Debilitate에 Enemies 3 Metres in front의 you 동안 your 방패 is raised,
tree_sd,45774:1,Debuffs you inflict have 5% increased Slow Magnitude,Debuffs you inflict have 5% 증가 Slow Magnitude,
tree_sd,45777:1,20% increased chance to inflict Ailments,20% 증가 확률에 inflict 상태 이상,
tree_sd,45777:2,20% increased Physical Damage,20% 증가 물리 피해,
tree_sd,4577:1,6% increased Area of Effect for Attacks,6% 증가 범위의 효과 동안 공격,
tree_sd,45798:1,3% chance to gain Volatility on Kill,3% 확률에 획득 Volatility 시 Kill,
tree_sd,4579:1,+10% to Cold Resistance,+10%에 냉기 저항,
tree_sd,4579:2,+2% to Maximum Cold Resistance if you have at least 5 Blue Support Gems Socketed,+2%에 최대 냉기 저항 if you have at least 5 Blue 보조 Gems Socketed,
tree_sd,45824:1,10% increased Damage with Swords,10% 증가 피해 보유 Swords,
tree_sd,45874:1,Fissure Skills have +1 to Limit,Fissure Skills have +1에 Limit,
tree_sd,45885:1,+5 to any Attribute,+5에 any 능력치,
tree_sd,45899:1,6% increased Fire Damage,6% 증가 화염 피해,
tree_sd,45899:2,5% increased Area of Effect,5% 증가 범위의 효과,
tree_sd,45916:1,10% increased Life Regeneration rate,10% 증가 생명력 재생 rate,
tree_sd,45918:1,All Damage is taken from Mana before Life,모든 피해 is taken에서 마나 before 생명력,
tree_sd,45918:2,50% less Mana Recovery Rate,50% less 마나 Recovery Rate,
tree_sd,45923:1,+5 to any Attribute,+5에 any 능력치,
tree_sd,45962:1,10% increased Life Recovery from Flasks,10% 증가 생명력 Recovery에서 Flasks,
tree_sd,45969:1,+5 to any Attribute,+5에 any 능력치,
tree_sd,45990:1,4% increased Attack Speed with Axes,4% 증가 공격 속도 보유 Axes,
tree_sd,45992:1,15% increased Armour,15% 증가 방어도,
tree_sd,46016:1,3% increased maximum Life,3% 증가 최대 생명력,
tree_sd,46017:1,15% increased Life Regeneration Rate while stationary,15% 증가 생명력 재생 Rate 동안 stationary,
tree_sd,46023:1,15% increased Armour,15% 증가 방어도,
tree_sd,46024:1,30% increased Damage with Hits against Shocked Enemies,30% 증가 피해 보유 명중 against Shocked Enemies,
tree_sd,46034:1,+5 to any Attribute,+5에 any 능력치,
tree_sd,46060:1,20% of Leech is Instant,20%의 흡수 is Instant,
tree_sd,46069:1,12% increased Magnitude of Poison you inflict,12% 증가 Magnitude의 독 you inflict,
tree_sd,46071:1,12% increased Accuracy Rating,12% 증가 정확도 Rating,
tree_sd,46088:1,10% increased Critical Hit Chance for Spells,10% 증가 치명타 확률 동안 Spells,
tree_sd,46091:1,-1 second to base Energy Shield Recharge delay,-1 second에 기본 에너지 보호막 재충전 delay,
tree_sd,46091:2,40% more Energy Shield Recharge Rate while on Low Energy Shield,40% more 에너지 보호막 재충전 Rate 동안 시 Low 에너지 보호막,
tree_sd,46124:1,Recover 3% of Maximum Mana when you collect a Remnant,Recover 3%의 최대 마나 when you collect a Remnant,
tree_sd,46146:1,10% increased amount of Mana Leeched,10% 증가 amount의 마나 Leeched,
tree_sd,46152:1,10% increased Blind Effect,10% 증가 Blind 효과,
tree_sd,46157:1,20% chance for Lightning Skills to Chain an additional time,20% 확률 동안 번개 Skills에 연쇄 an 추가 time,
tree_sd,46171:1,10% increased Critical Hit Chance,10% 증가 치명타 확률,
tree_sd,46182:1,20% increased chance to inflict Ailments,20% 증가 확률에 inflict 상태 이상,
tree_sd,46182:2,15% increased Duration of Damaging Ailments on Enemies,15% 증가 지속시간의 Damaging 상태 이상 시 Enemies,
tree_sd,46197:1,20% reduced Critical Damage Bonus,20% 감소 치명타 피해 보너스,
tree_sd,46197:2,50% increased Critical Hit Chance,50% 증가 치명타 확률,
tree_sd,46205:1,15% increased Totem Damage,15% 증가 토템 피해,
tree_sd,4621:1,11% increased Stun Threshold,11% 증가 기절 한계값,
tree_sd,4621:2,11% increased Elemental Ailment Threshold,11% 증가 원소 상태 이상 한계값,
tree_sd,46224:1,Mana Flasks gain 0.1 charges per Second,마나 Flasks 획득 0.1 충전 per Second,
tree_sd,46224:2,+10 to Intelligence,+10에 지능,
tree_sd,4623:1,15% of Spell Mana Cost Converted to Life Cost,15%의 주문 마나 Cost Converted에 생명력 Cost,
tree_sd,4624:1,Gain 1 Rage on Melee Hit,획득 1 격노 시 근접 명중,
tree_sd,46268:1,20% increased Attack Damage while you have no Life Flask uses left,20% 증가 공격 피해 동안 you have no 생명력 플라스크 uses left,
tree_sd,46275:1,Gain additional Ailment Threshold equal to 8% of maximum Energy Shield,획득 추가 상태 이상 한계값 equal에 8%의 최대 에너지 보호막,
tree_sd,46275:2,Gain additional Stun Threshold equal to 8% of maximum Energy Shield,획득 추가 기절 한계값 equal에 8%의 최대 에너지 보호막,
tree_sd,4627:1,20% increased Freeze Buildup,20% 증가 동결 누적,
tree_sd,4627:2,Gain 25% of Cold Damage as Extra Fire Damage against Frozen Enemies,획득 25%의 냉기 피해 as Extra 화염 피해 against 동결 Enemies,
tree_sd,46296:1,10% reduced Projectile Speed,10% 감소 투사체 속도,
tree_sd,46296:2,20% increased Projectile Damage,20% 증가 투사체 피해,
tree_sd,46300:1,30% increased Flammability Magnitude,30% 증가 Flammability Magnitude,
tree_sd,46325:1,10% increased Melee Damage,10% 증가 근접 피해,
tree_sd,46358:1,+5 to any Attribute,+5에 any 능력치,
tree_sd,46365:1,25% reduced Reservation Efficiency of Minion Skills,25% 감소 Reservation 효율의 소환수 Skills,
tree_sd,46365:2,Your Minions are Gigantic,Your 소환수 are Gigantic,
tree_sd,46380:1,20% increased maximum Energy Shield if you've consumed a Power Charge Recently,20% 증가 최대 에너지 보호막 if you've consumed a 권능 충전 Recently,
tree_sd,46384:1,30% increased Block chance,30% 증가 막기 확률,
tree_sd,46384:2,25% reduced Defences,25% 감소 Defences,
tree_sd,46386:1,Companions deal 12% increased Damage,Companions deal 12% 증가 피해,
tree_sd,46399:1,Gain 1 Rage on Melee Hit,획득 1 격노 시 근접 명중,
tree_sd,46402:1,15% increased Evasion Rating,15% 증가 회피 Rating,
tree_sd,46431:1,16% increased Hazard Damage,16% 증가 Hazard 피해,
tree_sd,46454:1,Attribute Passive Skills can instead grant 5% increased Damage,능력치 Passive Skills can instead grant 5% 증가 피해,
tree_sd,46454:2,Attribute Passive Skills can instead grant 5% increased Defences,능력치 Passive Skills can instead grant 5% 증가 Defences,
tree_sd,46454:3,Attribute Passive Skills can instead grant 5% increased Cost Efficiency,능력치 Passive Skills can instead grant 5% 증가 Cost 효율,
tree_sd,46475:1,12% increased Armour and Evasion Rating,12% 증가 방어도 및 회피 Rating,
tree_sd,46499:1,Recover 3% of maximum Life for each Endurance Charge consumed,Recover 3%의 최대 생명력 동안 each 인내 충전 consumed,
tree_sd,46499:2,+1 to Maximum Endurance Charges,+1에 최대 인내 충전,
tree_sd,46522:1,20% increased Pin Buildup,20% 증가 Pin 누적,
tree_sd,46533:1,15% increased Stun Buildup,15% 증가 기절 누적,
tree_sd,46533:2,15% increased Freeze Buildup,15% 증가 동결 누적,
tree_sd,46535:1,Deal up to 40% more Damage to Enemies based on their missing Concentration,Deal up에 40% more 피해에 Enemies based 시 their missing Concentration,
tree_sd,46554:1,+5 to any Attribute,+5에 any 능력치,
tree_sd,46565:1,25% increased Damage with Swords,25% 증가 피해 보유 Swords,
tree_sd,46601:1,10% increased amount of Mana Leeched,10% 증가 amount의 마나 Leeched,
tree_sd,46604:1,7% increased Chaos Damage,7% 증가 카오스 피해,
tree_sd,46615:1,50% chance to gain Volatility when you are Stunned,50% 확률에 획득 Volatility when you are Stunned,
tree_sd,4661:1,Banners also grant +25% to all Elemental Resistances to you and Allies,Banners also grant +25%에 모든 원소 저항에 you 및 동료,
tree_sd,46628:1,+5 to any Attribute,+5에 any 능력치,
tree_sd,46644:1,Reserves 25% of Life,Reserves 25%의 생명력,
tree_sd,46644:2,+1 to Maximum Spirit per 25 Maximum Life,+1에 최대 정신력 per 25 최대 생명력,
tree_sd,4664:1,6% increased Trap Throwing Speed,6% 증가 덫 Throwing 속도,
tree_sd,46654:1,+3% to all Elemental Resistances,+3%에 모든 원소 저항,
tree_sd,4665:1,Regenerate 0.2% of maximum Life per second,Regenerate 0.2%의 최대 생명력 per second,
tree_sd,46674:1,6% increased Area of Effect for Attacks,6% 증가 범위의 효과 동안 공격,
tree_sd,46683:1,Warcries have 15% chance to Empower 3 additional Attacks,Warcries have 15% 확률에 Empower 3 추가 공격,
tree_sd,46688:1,3% increased Attack Speed with One Handed Melee Weapons,3% 증가 공격 속도 보유 One Handed 근접 Weapons,
tree_sd,46692:1,20% increased Flask and Charm Charges gained,20% 증가 플라스크 및 참 충전 획득,
tree_sd,46692:2,40% increased Life and Mana Recovery from Flasks while you have an active Charm,40% 증가 생명력 및 마나 Recovery에서 Flasks 동안 you have an active 참,
tree_sd,46696:1,25% increased Damage with One Handed Weapons,25% 증가 피해 보유 One Handed Weapons,
tree_sd,46696:2,Attacks have 10% chance to Maim on Hit,공격 have 10% 확률에 Maim 시 명중,
tree_sd,46705:1,15% increased Projectile Damage if you've dealt a Melee Hit in the past eight seconds,15% 증가 투사체 피해 if you've dealt a 근접 명중 in the past eight seconds,
tree_sd,46726:1,Your Energy Shield Recharge starts when your Minions are Reformed,Your 에너지 보호막 재충전 starts when your 소환수 are Reformed,
tree_sd,4673:1,30% increased Stun Buildup,30% 증가 기절 누적,
tree_sd,4673:2,+15 to Strength,+15에 Strength,
tree_sd,46741:1,15% increased Stun Buildup,15% 증가 기절 누적,
tree_sd,46742:1,Create Lightning Infusion Remnants instead of Fire,Create 번개 Infusion Remnants instead의 화염,
tree_sd,46742:2,Create Cold Infusion Remnants instead of Lightning,Create 냉기 Infusion Remnants instead의 번개,
tree_sd,46742:3,Create Fire Infusion Remnants instead of Cold,Create 화염 Infusion Remnants instead의 냉기,
tree_sd,46748:1,16% increased Totem Life,16% 증가 토템 생명력,
tree_sd,46760:1,16% increased Critical Hit Chance if you haven't dealt a Critical Hit Recently,16% 증가 치명타 확률 if you haven't dealt a 치명타 명중 Recently,
tree_sd,46782:1,10% increased Attack Damage,10% 증가 공격 피해,
tree_sd,46819:1,+5 to any Attribute,+5에 any 능력치,
tree_sd,4681:1,"2% chance that if you would gain Frenzy Charges, you instead gain up to your maximum number of Frenzy Charges","2% 확률 that if you would 획득 격분 충전, you instead 획득 up에 your 최대 number의 격분 충전",
tree_sd,46854:1,10% increased Projectile Speed,10% 증가 투사체 속도,
tree_sd,46857:1,15% faster start of Energy Shield Recharge,15% faster start의 에너지 보호막 재충전,
tree_sd,46874:1,12% increased Attack Physical Damage,12% 증가 공격 물리 피해,
tree_sd,46887:1,10% increased amount of Mana Leeched,10% 증가 amount의 마나 Leeched,
tree_sd,46931:1,25% increased Attack Damage while Surrounded,25% 증가 공격 피해 동안 포위,
tree_sd,46972:1,25% increased Energy Shield Recharge Rate,25% 증가 에너지 보호막 재충전 Rate,
tree_sd,46972:2,Mana Flasks gain 0.1 charges per Second,마나 Flasks 획득 0.1 충전 per Second,
tree_sd,46989:1,Spell Skills have 6% increased Area of Effect,주문 Skills have 6% 증가 범위의 효과,
tree_sd,47006:1,10% increased effect of Fully Broken Armour,10% 증가 효과의 Fully Broken 방어도,
tree_sd,47009:1,10% increased Attack Area Damage,10% 증가 공격 범위 피해,
tree_sd,47021:1,15% increased Volatility Explosion delay,15% 증가 Volatility 폭발 delay,
tree_sd,47088:1,Companions deal 60% increased damage against Immobilised enemies,Companions deal 60% 증가 피해 against Immobilised enemies,
tree_sd,47097:1,Warcries Explode Corpses dealing 25% of their Life as Physical Damage,Warcries Explode Corpses dealing 25%의 their 생명력 as 물리 피해,
tree_sd,47097:2,Ignore Warcry Cooldowns,Ignore Warcry Cooldowns,
tree_sd,4709:1,30% increased Critical Hit Chance for Attacks,30% 증가 치명타 확률 동안 공격,
tree_sd,4709:2,30% increased penalty to Accuracy Rating at range,30% 증가 penalty에 정확도 Rating at range,
tree_sd,47150:1,12% increased Armour and Evasion Rating,12% 증가 방어도 및 회피 Rating,
tree_sd,47155:1,Minions deal 10% increased Damage,소환수 deal 10% 증가 피해,
tree_sd,47157:1,Projectiles deal 15% increased Damage with Hits against Enemies further than 6m,투사체 deal 15% 증가 피해 보유 명중 against Enemies further than 6m,
tree_sd,47168:1,+5 to any Attribute,+5에 any 능력치,
tree_sd,4716:1,60% increased Evasion Rating if you have Hit an Enemy Recently,60% 증가 회피 Rating if you have 명중 an Enemy Recently,
tree_sd,4716:2,5% reduced Movement Speed Penalty from using Skills while moving,5% 감소 이동 속도 Penalty에서 using Skills 동안 moving,
tree_sd,47177:1,+5 to any Attribute,+5에 any 능력치,
tree_sd,47184:1,Grants Skill: Manifest Weapon,Grants Skill: Manifest 무기,
tree_sd,47190:1,Grants 1 Passive Skill Point,Grants 1 Passive Skill Point,
tree_sd,47191:1,12% increased Fire Damage,12% 증가 화염 피해,
tree_sd,47235:1,Enemies Blinded by you have 15% reduced Critical Hit Chance,Enemies 실명 by you have 15% 감소 치명타 확률,
tree_sd,47236:1,20% increased Melee Damage,20% 증가 근접 피해,
tree_sd,47252:1,16% increased Mana Regeneration Rate while stationary,16% 증가 마나 재생 Rate 동안 stationary,
tree_sd,4725:1,10% increased Damage,10% 증가 피해,
tree_sd,4725:2,Minions deal 10% increased Damage,소환수 deal 10% 증가 피해,
tree_sd,47263:1,+5 to any Attribute,+5에 any 능력치,
tree_sd,47270:1,40% increased Freeze Buildup,40% 증가 동결 누적,
tree_sd,47270:2,20% increased Freeze Duration on Enemies,20% 증가 동결 지속시간 시 Enemies,
tree_sd,47284:1,Minions have +20% to Cold Resistance,소환수 have +20%에 냉기 저항,
tree_sd,472:1,+8 to Dexterity,+8에 Dexterity,
tree_sd,47307:1,3% increased Cast Speed,3% 증가 시전 속도,
tree_sd,47312:1,Life Flasks also recover Mana,생명력 Flasks also recover 마나,
tree_sd,47312:2,Mana Flasks also recover Life,마나 Flasks also recover 생명력,
tree_sd,47316:1,3% reduced maximum Life,3% 감소 최대 생명력,
tree_sd,47316:2,30% increased amount of Life Leeched,30% 증가 amount의 생명력 Leeched,
tree_sd,47316:3,40% increased Physical Damage,40% 증가 물리 피해,
tree_sd,47344:1,11% increased Chaos Damage,11% 증가 카오스 피해,
tree_sd,47359:1,Triggered Spells deal 16% increased Spell Damage,Triggered Spells deal 16% 증가 주문 피해,
tree_sd,47363:1,12% increased Area of Effect for Attacks,12% 증가 범위의 효과 동안 공격,
tree_sd,47363:2,+10 to Strength,+10에 Strength,
tree_sd,47371:1,5% chance to inflict Bleeding on Hit,5% 확률에 inflict 출혈 시 명중,
tree_sd,47371:2,Empowered Attacks deal 10% increased Damage,Empowered 공격 deal 10% 증가 피해,
tree_sd,47374:1,Projectiles deal 15% increased Damage with Hits against Enemies within 2m,투사체 deal 15% 증가 피해 보유 명중 against Enemies within 2m,
tree_sd,47375:1,Companions have 12% increased maximum Life,Companions have 12% 증가 최대 생명력,
tree_sd,47375:2,10% increased Defences while your Companion is in your Presence,10% 증가 Defences 동안 your 동료 is in your Presence,
tree_sd,4739:1,10% increased Spell Damage,10% 증가 주문 피해,
tree_sd,47418:1,10% reduced Flask Charges used from Mana Flasks,10% 감소 플라스크 충전 used에서 마나 Flasks,
tree_sd,47418:2,Remove a Curse when you use a Mana Flask,Remove a 저주 when you 사용 a 마나 플라스크,
tree_sd,47420:1,20% increased Minion Duration,20% 증가 소환수 지속시간,
tree_sd,47420:2,Temporary Minion Skills have +2 to Limit of Minions summoned,Temporary 소환수 Skills have +2에 Limit의 소환수 summoned,
tree_sd,47429:1,10% increased Warcry Cooldown Recovery Rate,10% 증가 Warcry Cooldown Recovery Rate,
tree_sd,47441:1,Offerings have 30% increased Maximum Life,Offerings have 30% 증가 최대 생명력,
tree_sd,47441:2,Recover 3% of maximum Life when you create an Offering,Recover 3%의 최대 생명력 when you create an 공물,
tree_sd,47442:1,15% increased Life Flask Charges gained,15% 증가 생명력 플라스크 충전 획득,
tree_sd,47443:1,8% increased Reservation Efficiency of Companion Skills,8% 증가 Reservation 효율의 동료 Skills,
tree_sd,47477:1,15% reduced Volatility Explosion delay,15% 감소 Volatility 폭발 delay,
tree_sd,4748:1,15% faster start of Energy Shield Recharge,15% faster start의 에너지 보호막 재충전,
tree_sd,47514:1,10% chance to Daze on Hit,10% 확률에 Daze 시 명중,
tree_sd,47514:2,25% increased Critical Hit Chance against Dazed Enemies,25% 증가 치명타 확률 against Dazed Enemies,
tree_sd,47555:1,+5 to any Attribute,+5에 any 능력치,
tree_sd,47560:1,+24% Surpassing chance to fire an additional Projectile,+24% Surpassing 확률에 화염 an 추가 투사체,
tree_sd,47591:1,3% of Damage taken Recouped as Mana,3%의 피해 taken Recouped as 마나,
tree_sd,47614:1,Triggered Spells deal 14% increased Spell Damage,Triggered Spells deal 14% 증가 주문 피해,
tree_sd,47623:1,12% increased Grenade Damage,12% 증가 수류탄 피해,
tree_sd,47633:1,20% increased Thorns damage,20% 증가 Thorns 피해,
tree_sd,47635:1,Damage Penetrates 10% Lightning Resistance if on Low Mana,피해 Penetrates 10% 번개 저항 if 시 Low 마나,
tree_sd,47635:2,Damage Penetrates 15% Lightning Resistance,피해 Penetrates 15% 번개 저항,
tree_sd,47677:1,8% increased Projectile Speed,8% 증가 투사체 속도,
tree_sd,47683:1,Projectiles have 5% chance to Chain an additional time from terrain,투사체 have 5% 확률에 연쇄 an 추가 time에서 terrain,
tree_sd,47709:1,5% chance to inflict Bleeding on Hit,5% 확률에 inflict 출혈 시 명중,
tree_sd,47722:1,16% increased Damage with Warcries,16% 증가 피해 보유 Warcries,
tree_sd,47733:1,Attacks with One-Handed Weapons have 15% increased Chance to inflict Ailments,공격 보유 One-Handed Weapons have 15% 증가 확률에 inflict 상태 이상,
tree_sd,47753:1,Damage Penetrates 8% Fire Resistance,피해 Penetrates 8% 화염 저항,
tree_sd,47754:1,10% increased Cold Damage,10% 증가 냉기 피해,
tree_sd,47759:1,You can apply an additional Curse,You can apply an 추가 저주,
tree_sd,47759:2,Double Activation Delay of Curses,Double Activation Delay의 Curses,
tree_sd,4776:1,Damage Penetrates 6% Lightning Resistance,피해 Penetrates 6% 번개 저항,
tree_sd,47782:1,40% increased Stun Threshold,40% 증가 기절 한계값,
tree_sd,47782:2,20% increased Stun Threshold if you haven't been Stunned Recently,20% 증가 기절 한계값 if you haven't been Stunned Recently,
tree_sd,47790:1,Gain 1 Rage on Melee Hit,획득 1 격노 시 근접 명중,
tree_sd,47796:1,3% increased Attack Speed,3% 증가 공격 속도,
tree_sd,47821:1,Offering Skills have 15% increased Buff effect,공물 Skills have 15% 증가 Buff 효과,
tree_sd,47831:1,Gain Deflection Rating equal to 6% of Evasion Rating,획득 Deflection Rating equal에 6%의 회피 Rating,
tree_sd,47856:1,10% increased Damage with Two Handed Weapons,10% 증가 피해 보유 Two Handed Weapons,
tree_sd,47893:1,3% increased Attack Speed while Dual Wielding,3% 증가 공격 속도 동안 Dual Wielding,
tree_sd,47895:1,20% increased Evasion Rating if you have Hit an Enemy Recently,20% 증가 회피 Rating if you have 명중 an Enemy Recently,
tree_sd,47931:1,+5 to any Attribute,+5에 any 능력치,
tree_sd,47976:1,+5 to any Attribute,+5에 any 능력치,
tree_sd,479:1,Gain 8% of Damage as Extra Damage of a random Element while Shapeshifted,획득 8%의 피해 as Extra 피해의 a random Element 동안 Shapeshifted,
tree_sd,48006:1,15% increased Attack Area Damage,15% 증가 공격 범위 피해,
tree_sd,48006:2,12% increased Area of Effect for Attacks,12% 증가 범위의 효과 동안 공격,
tree_sd,48014:1,25% increased Armour if you've Hit an Enemy with a Melee Attack Recently,25% 증가 방어도 if you've 명중 an Enemy 보유 a 근접 공격 Recently,
tree_sd,48014:2,50% increased Melee Damage against Immobilised Enemies,50% 증가 근접 피해 against Immobilised Enemies,
tree_sd,48026:1,20% increased Glory generation for Banner Skills,20% 증가 Glory generation 동안 깃발 Skills,
tree_sd,48030:1,15% increased maximum Energy Shield,15% 증가 최대 에너지 보호막,
tree_sd,48035:1,10% increased Life Regeneration rate,10% 증가 생명력 재생 rate,
tree_sd,4806:1,Damage Penetrates 6% Cold Resistance,피해 Penetrates 6% 냉기 저항,
tree_sd,48079:1,10% increased Bleeding Duration,10% 증가 출혈 지속시간,
tree_sd,48079:2,20% chance for Attack Hits to apply Incision,20% 확률 동안 공격 명중에 apply Incision,
tree_sd,48103:1,20% increased Stun Buildup,20% 증가 기절 누적,
tree_sd,48103:2,20% increased Knockback Distance,20% 증가 Knockback Distance,
tree_sd,48103:3,20% increased Physical Damage,20% 증가 물리 피해,
tree_sd,4810:1,Immune to Corrupted Blood,Immune에 Corrupted 피,
tree_sd,4810:2,40% reduced Duration of Bleeding on You,40% 감소 지속시간의 출혈 시 You,
tree_sd,48116:1,+5 to any Attribute,+5에 any 능력치,
tree_sd,48121:1,Totems gain +12% to all Elemental Resistances,Totems 획득 +12%에 모든 원소 저항,
tree_sd,48135:1,10% increased Charm Charges gained,10% 증가 참 충전 획득,
tree_sd,48137:1,15% increased Crossbow Reload Speed,15% 증가 쇠뇌 Reload 속도,
tree_sd,48160:1,Allies in your Presence deal 20% increased Damage,동료 in your Presence deal 20% 증가 피해,
tree_sd,48160:2,10% reduced Damage,10% 감소 피해,
tree_sd,48171:1,12% increased Cold Damage,12% 증가 냉기 피해,
tree_sd,48198:1,4% increased Movement Speed,4% 증가 이동 속도,
tree_sd,48198:2,15% increased Mana Regeneration Rate,15% 증가 마나 재생 Rate,
tree_sd,48198:3,+5 to Dexterity and Intelligence,+5에 Dexterity 및 지능,
tree_sd,48215:1,Projectiles have 30% increased Critical Damage Bonus against Enemies further than 6m,투사체 have 30% 증가 치명타 피해 보너스 against Enemies further than 6m,
tree_sd,48215:2,Projectiles have 20% increased Critical Hit Chance against Enemies further than 6m,투사체 have 20% 증가 치명타 확률 against Enemies further than 6m,
tree_sd,48215:3,25% chance to inflict Daze with Hits against Enemies further than 6m,25% 확률에 inflict Daze 보유 명중 against Enemies further than 6m,
tree_sd,48240:1,40% increased Stun Recovery,40% 증가 기절 Recovery,
tree_sd,48240:2,Regenerate 5% of maximum Life over 1 second when Stunned,Regenerate 5%의 최대 생명력 over 1 second when Stunned,
tree_sd,48264:1,Aura Skills have 5% increased Magnitudes,오라 Skills have 5% 증가 Magnitudes,
tree_sd,4828:1,10% increased Mana Regeneration Rate,10% 증가 마나 재생 Rate,
tree_sd,48305:1,+5 to any Attribute,+5에 any 능력치,
tree_sd,48314:1,3% increased Skill Speed while Shapeshifted,3% 증가 Skill 속도 동안 Shapeshifted,
tree_sd,48387:1,12% increased Physical Damage,12% 증가 물리 피해,
tree_sd,483:1,"2% chance that if you would gain Endurance Charges, you instead gain up to maximum Endurance Charges","2% 확률 that if you would 획득 인내 충전, you instead 획득 up에 최대 인내 충전",
tree_sd,48401:1,+5 to any Attribute,+5에 any 능력치,
tree_sd,48418:1,+3 to Stun Threshold per Strength,+3에 기절 한계값 per Strength,
tree_sd,48429:1,15% increased Cooldown Recovery Rate for Grenade Skills,15% 증가 Cooldown Recovery Rate 동안 수류탄 Skills,
tree_sd,4844:1,10% increased Projectile Damage,10% 증가 투사체 피해,
tree_sd,48462:1,Charms applied to you have 10% increased Effect,Charms applied에 you have 10% 증가 효과,
tree_sd,4847:1,3% increased Cast Speed,3% 증가 시전 속도,
tree_sd,4850:1,6% increased Mana Regeneration Rate,6% 증가 마나 재생 Rate,
tree_sd,4850:2,10% increased Magnitude of Shock you inflict,10% 증가 Magnitude의 감전 you inflict,
tree_sd,48524:1,25% increased Life Regeneration rate,25% 증가 생명력 재생 rate,
tree_sd,48524:2,25% of Spell Mana Cost Converted to Life Cost,25%의 주문 마나 Cost Converted에 생명력 Cost,
tree_sd,48530:1,6% increased Spell Damage with Spells that cost Life,6% 증가 주문 피해 보유 Spells that cost 생명력,
tree_sd,48530:2,8% of Spell Mana Cost Converted to Life Cost,8%의 주문 마나 Cost Converted에 생명력 Cost,
tree_sd,48531:1,3% increased Melee Attack Speed,3% 증가 근접 공격 속도,
tree_sd,48537:1,Modifiers to Maximum Fire Resistance also grant Maximum Cold and Lightning Resistance,Modifiers에 최대 화염 저항 also grant 최대 냉기 및 번개 저항,
tree_sd,48551:1,12% increased Critical Hit Chance for Spells,12% 증가 치명타 확률 동안 Spells,
tree_sd,48552:1,+5 to any Attribute,+5에 any 능력치,
tree_sd,48565:1,20% increased Damage,20% 증가 피해,
tree_sd,48565:2,Minions deal 20% increased Damage,소환수 deal 20% 증가 피해,
tree_sd,48568:1,+5 to any Attribute,+5에 any 능력치,
tree_sd,48581:1,24% increased Damage with Hits against Enemies affected by Elemental Ailments,24% 증가 피해 보유 명중 against Enemies affected by 원소 상태 이상,
tree_sd,48581:2,30% increased chance to inflict Ailments against Rare or Unique Enemies,30% 증가 확률에 inflict 상태 이상 against Rare or Unique Enemies,
tree_sd,48583:1,8% increased amount of Life Leeched,8% 증가 amount의 생명력 Leeched,
tree_sd,48583:2,8% increased Armour and Evasion Rating while Leeching,8% 증가 방어도 및 회피 Rating 동안 Leeching,
tree_sd,48585:1,10% increased Evasion Rating,10% 증가 회피 Rating,
tree_sd,48585:2,2% reduced Movement Speed Penalty from using Skills while moving,2% 감소 이동 속도 Penalty에서 using Skills 동안 moving,
tree_sd,48588:1,8% increased Projectile Damage,8% 증가 투사체 피해,
tree_sd,48589:1,10% increased Life Recovery from Flasks,10% 증가 생명력 Recovery에서 Flasks,
tree_sd,48611:1,Minions have +8% to all Elemental Resistances,소환수 have +8%에 모든 원소 저항,
tree_sd,48614:1,20% increased Presence Area of Effect,20% 증가 Presence 범위의 효과,
tree_sd,48614:2,3% reduced Area of Effect,3% 감소 범위의 효과,
tree_sd,48617:1,50% increased Damage against Demons,50% 증가 피해 against Demons,
tree_sd,48617:2,50% increased Duration of Ailments on Beasts,50% 증가 지속시간의 상태 이상 시 Beasts,
tree_sd,48617:3,50% increased Critical Hit Chance against Humanoids,50% 증가 치명타 확률 against Humanoids,
tree_sd,48617:4,50% increased Immobilisation buildup against Constructs,50% 증가 Immobilisation 누적 against Constructs,
tree_sd,48618:1,10% increased Mana Regeneration Rate,10% 증가 마나 재생 Rate,
tree_sd,48631:1,+5 to any Attribute,+5에 any 능력치,
tree_sd,48635:1,+5 to any Attribute,+5에 any 능력치,
tree_sd,48649:1,20% faster start of Energy Shield Recharge while Shapeshifted,20% faster start의 에너지 보호막 재충전 동안 Shapeshifted,
tree_sd,48649:2,+20% of Armour also applies to Elemental Damage while Shapeshifted,+20%의 방어도 also applies에 원소 피해 동안 Shapeshifted,
tree_sd,48658:1,30% increased Freeze Buildup,30% 증가 동결 누적,
tree_sd,48658:2,20% increased Chill Duration on Enemies,20% 증가 냉각 지속시간 시 Enemies,
tree_sd,48658:3,20% increased Magnitude of Chill you inflict,20% 증가 Magnitude의 냉각 you inflict,
tree_sd,48670:1,+5 to any Attribute,+5에 any 능력치,
tree_sd,48682:1,20% increased Totem Life,20% 증가 토템 생명력,
tree_sd,48699:1,40% reduced Effect of Chill on you,40% 감소 효과의 냉각 시 you,
tree_sd,48699:2,Gain 15% of Damage as Extra Cold Damage while on Chilled Ground,획득 15%의 피해 as Extra 냉기 피해 동안 시 Chilled Ground,
tree_sd,48714:1,3% increased Attack Speed,3% 증가 공격 속도,
tree_sd,48734:1,15% increased Presence Area of Effect,15% 증가 Presence 범위의 효과,
tree_sd,48734:2,Aura Skills have 10% increased Magnitudes,오라 Skills have 10% 증가 Magnitudes,
tree_sd,48734:3,+10 to Intelligence,+10에 지능,
tree_sd,4873:1,Meta Skills gain 20% increased Energy,Meta Skills 획득 20% 증가 에너지,
tree_sd,48745:1,5% increased Block chance,5% 증가 막기 확률,
tree_sd,48773:1,+5 to any Attribute,+5에 any 능력치,
tree_sd,48774:1,20% of Physical Damage taken Recouped as Life,20%의 물리 피해 taken Recouped as 생명력,
tree_sd,48805:1,10% increased Critical Hit Chance for Spells,10% 증가 치명타 확률 동안 Spells,
tree_sd,48821:1,15% increased Critical Spell Damage Bonus,15% 증가 치명타 주문 피해 보너스,
tree_sd,48828:1,"2% chance that if you would gain Frenzy Charges, you instead gain up to your maximum number of Frenzy Charges","2% 확률 that if you would 획득 격분 충전, you instead 획득 up에 your 최대 number의 격분 충전",
tree_sd,4882:1,15% increased Totem Damage,15% 증가 토템 피해,
tree_sd,48833:1,10% increased Lightning Damage,10% 증가 번개 피해,
tree_sd,48836:1,+10% Surpassing chance to fire an additional Arrow,+10% Surpassing 확률에 화염 an 추가 화살,
tree_sd,48846:1,12% increased Lightning Damage,12% 증가 번개 피해,
tree_sd,48856:1,12% increased Grenade Damage,12% 증가 수류탄 피해,
tree_sd,48889:1,Gain Deflection Rating equal to 6% of Evasion Rating,획득 Deflection Rating equal에 6%의 회피 Rating,
tree_sd,4891:1,+1 Charm Slot,+1 참 Slot,
tree_sd,4891:2,20% more Charm Charges gained,20% more 참 충전 획득,
tree_sd,48925:1,"8% increased Skill Effect Duration per Enemy you've Frozen in the last 8 seconds, up to 40%","8% 증가 Skill 효과 지속시간 per Enemy you've 동결 in the last 8 seconds, up에 40%",
tree_sd,48935:1,Adds 1 to 7 Lightning damage to Attacks,Adds 1에 7 번개 피해에 공격,
tree_sd,48974:1,25% increased Mana Recovery from Flasks,25% 증가 마나 Recovery에서 Flasks,
tree_sd,48974:2,10% increased Mana Recovery Rate during Effect of any Mana Flask,10% 증가 마나 Recovery Rate during 효과의 any 마나 플라스크,
tree_sd,48979:1,16% increased Totem Life,16% 증가 토템 생명력,
tree_sd,49023:1,5% increased Block chance,5% 증가 막기 확률,
tree_sd,49046:1,+5 to any Attribute,+5에 any 능력치,
tree_sd,49049:1,Enemies in your Presence are Slowed by 20%,Enemies in your Presence are Slowed by 20%,
tree_sd,49088:1,Minions Break Armour equal to 3% of Physical damage dealt,소환수 파괴 방어도 equal에 3%의 물리 피해 dealt,
tree_sd,49107:1,10% increased Critical Hit Chance,10% 증가 치명타 확률,
tree_sd,49110:1,6% increased chance to inflict Ailments,6% 증가 확률에 inflict 상태 이상,
tree_sd,49110:2,6% increased Magnitude of Damaging Ailments you inflict,6% 증가 Magnitude의 Damaging 상태 이상 you inflict,
tree_sd,49130:1,6% reduced Projectile Speed,6% 감소 투사체 속도,
tree_sd,49136:1,12% increased amount of Life Leeched,12% 증가 amount의 생명력 Leeched,
tree_sd,49150:1,Invocated Spells have 30% increased Critical Hit Chance,Invocated Spells have 30% 증가 치명타 확률,
tree_sd,49153:1,30% increased Damage,30% 증가 피해,
tree_sd,49153:2,Minions deal 30% increased Damage,소환수 deal 30% 증가 피해,
tree_sd,49165:1,12% increased Effect of your Mark Skills,12% 증가 효과의 your 징표 Skills,
tree_sd,49172:1,3% increased Skill Speed with Channelling Skills,3% 증가 Skill 속도 보유 집중 유지 Skills,
tree_sd,49189:1,Remnants can be collected from 50% further away,Remnants can be collected에서 50% further away,
tree_sd,49189:2,"Remnants you create reappear once, 3 seconds after being collected","Remnants you create reappear once, 3 seconds after being collected",
tree_sd,49192:1,20% increased Totem Placement speed,20% 증가 토템 Placement 속도,
tree_sd,49198:1,5% increased Block chance,5% 증가 막기 확률,
tree_sd,49214:1,15% increased amount of Life Leeched while Shapeshifted,15% 증가 amount의 생명력 Leeched 동안 Shapeshifted,
tree_sd,49214:2,15% increased Life Regeneration rate while Shapeshifted,15% 증가 생명력 재생 rate 동안 Shapeshifted,
tree_sd,49214:3,+1% to Maximum Cold Resistance while Shapeshifted,+1%에 최대 냉기 저항 동안 Shapeshifted,
tree_sd,4921:1,20% increased Presence Area of Effect,20% 증가 Presence 범위의 효과,
tree_sd,49220:1,8% increased Attack and Cast Speed,8% 증가 공격 및 시전 속도,
tree_sd,49220:2,+5 to Dexterity and Intelligence,+5에 Dexterity 및 지능,
tree_sd,49231:1,3% increased Attack Speed,3% 증가 공격 속도,
tree_sd,49235:1,15% faster start of Energy Shield Recharge,15% faster start의 에너지 보호막 재충전,
tree_sd,49256:1,12% increased Armour,12% 증가 방어도,
tree_sd,49256:2,12% increased maximum Energy Shield,12% 증가 최대 에너지 보호막,
tree_sd,49258:1,21% increased Chaos Damage,21% 증가 카오스 피해,
tree_sd,49258:2,11% increased Life Cost of Skills,11% 증가 생명력 Cost의 Skills,
tree_sd,49258:3,3% of Skill Mana Costs Converted to Life Costs,3%의 Skill 마나 Costs Converted에 생명력 Costs,
tree_sd,4925:1,7% increased Chaos Damage,7% 증가 카오스 피해,
tree_sd,49280:1,12% increased Armour and Evasion Rating,12% 증가 방어도 및 회피 Rating,
tree_sd,49285:1,+8 to Strength,+8에 Strength,
tree_sd,49291:1,10% increased Life Recovery from Flasks,10% 증가 생명력 Recovery에서 Flasks,
tree_sd,4931:1,25% increased Energy Shield Recharge Rate,25% 증가 에너지 보호막 재충전 Rate,
tree_sd,4931:2,25% faster start of Energy Shield Recharge,25% faster start의 에너지 보호막 재충전,
tree_sd,49320:1,10% increased Critical Hit Chance with Daggers,10% 증가 치명타 확률 보유 Daggers,
tree_sd,49340:1,Body Armour grants 20% increased Strength,Body 방어도 grants 20% 증가 Strength,
tree_sd,49357:1,+5 to any Attribute,+5에 any 능력치,
tree_sd,49363:1,Storm and Plant Spells:,폭풍 및 Plant Spells:,
tree_sd,49363:2,deal 50% more damage,deal 50% more 피해,
tree_sd,49363:3,cost 50% less,cost 50% less,
tree_sd,49363:4,have 75% less duration,have 75% less 지속시간,
tree_sd,49370:1,30% increased Critical Hit Chance with Flails,30% 증가 치명타 확률 보유 Flails,
tree_sd,49370:2,20% increased Critical Damage Bonus with Flails,20% 증가 치명타 피해 보너스 보유 Flails,
tree_sd,49380:1,Break 25% increased Armour,파괴 25% 증가 방어도,
tree_sd,49388:1,10% increased Magnitude of Chill you inflict,10% 증가 Magnitude의 냉각 you inflict,
tree_sd,49388:2,10% increased Magnitude of Shock you inflict,10% 증가 Magnitude의 감전 you inflict,
tree_sd,49394:1,15% increased Magnitude of Bleeding you inflict with Critical Hits,15% 증가 Magnitude의 출혈 you inflict 보유 치명타,
tree_sd,49406:1,10% increased Projectile Damage,10% 증가 투사체 피해,
tree_sd,49455:1,15% increased maximum Energy Shield,15% 증가 최대 에너지 보호막,
tree_sd,49461:1,3% increased Attack Speed,3% 증가 공격 속도,
tree_sd,49466:1,10% increased Life Recovery from Flasks,10% 증가 생명력 Recovery에서 Flasks,
tree_sd,49473:1,20% chance for Attack Hits to apply Incision,20% 확률 동안 공격 명중에 apply Incision,
tree_sd,49485:1,+8 to Dexterity,+8에 Dexterity,
tree_sd,4948:1,Break 20% increased Armour,파괴 20% 증가 방어도,
tree_sd,49497:1,5% increased Culling Strike Threshold,5% 증가 Culling Strike 한계값,
tree_sd,49503:1,20% increased Mana Flask Charges gained,20% 증가 마나 플라스크 충전 획득,
tree_sd,49512:1,+5 to any Attribute,+5에 any 능력치,
tree_sd,49537:1,3% increased Attack and Cast Speed with Elemental Skills,3% 증가 공격 및 시전 속도 보유 원소 Skills,
tree_sd,49543:1,3% reduced Skill Speed,3% 감소 Skill 속도,
tree_sd,49543:2,Allies in your Presence have 6% increased Attack Speed,동료 in your Presence have 6% 증가 공격 속도,
tree_sd,49543:3,Allies in your Presence have 6% increased Cast Speed,동료 in your Presence have 6% 증가 시전 속도,
tree_sd,49545:1,20% increased Parry Damage,20% 증가 Parry 피해,
tree_sd,49547:1,5% of Physical Damage prevented Recouped as Energy Shield per enemy Power,5%의 물리 피해 prevented Recouped as 에너지 보호막 per enemy 권능,
tree_sd,49547:2,Energy Shield does not Recharge,에너지 보호막 does not 재충전,
tree_sd,49547:3,You cannot Recover Energy Shield from Regeneration,You cannot Recover 에너지 보호막에서 재생,
tree_sd,49547:4,You cannot Recover Energy Shield to above Armour,You cannot Recover 에너지 보호막에 above 방어도,
tree_sd,49550:1,Inherent loss of Rage is 25% slower,Inherent loss의 격노 is 25% slower,
tree_sd,49593:1,10% increased Damage,10% 증가 피해,
tree_sd,49593:2,Minions deal 10% increased Damage,소환수 deal 10% 증가 피해,
tree_sd,4959:1,20% increased Freeze Buildup,20% 증가 동결 누적,
tree_sd,4959:2,Hits ignore non-negative Elemental Resistances of Frozen Enemies,명중 ignore non-negative 원소 저항의 동결 Enemies,
tree_sd,49618:1,25% increased Melee Critical Hit Chance,25% 증가 근접 치명타 확률,
tree_sd,49642:1,15% increased Totem Damage,15% 증가 토템 피해,
tree_sd,49657:1,+5 to any Attribute,+5에 any 능력치,
tree_sd,49661:1,25% increased Critical Hit Chance against Bleeding Enemies,25% 증가 치명타 확률 against 출혈 Enemies,
tree_sd,49661:2,20% chance to Aggravate Bleeding on targets you Critically Hit with Attacks,20% 확률에 Aggravate 출혈 시 targets you Critically 명중 보유 공격,
tree_sd,49691:1,+16 to Evasion Rating,+16에 회피 Rating,
tree_sd,49696:1,+3 to all Attributes,+3에 모든 능력치,
tree_sd,4970:1,10% increased Life Regeneration rate,10% 증가 생명력 재생 rate,
tree_sd,4970:2,10% increased Mana Regeneration Rate,10% 증가 마나 재생 Rate,
tree_sd,49734:1,+5 to any Attribute,+5에 any 능력치,
tree_sd,49740:1,60% reduced Ice Crystal Life,60% 감소 Ice Crystal 생명력,
tree_sd,49759:1,20% increased chance to Shock,20% 증가 확률에 감전,
tree_sd,49769:1,7% chance to Avoid Death from Hits,7% 확률에 Avoid Death에서 명중,
tree_sd,49799:1,10% increased Mana Recovery from Flasks,10% 증가 마나 Recovery에서 Flasks,
tree_sd,49804:1,10% increased Exposure Effect,10% 증가 Exposure 효과,
tree_sd,4985:1,Recover 50% of maximum Life when you Heavy Stun a Rare or Unique Enemy,Recover 50%의 최대 생명력 when you Heavy 기절 a Rare or Unique Enemy,
tree_sd,49929:1,30% increased Skill Effect Duration,30% 증가 Skill 효과 지속시간,
tree_sd,49938:1,+5 to any Attribute,+5에 any 능력치,
tree_sd,49952:1,12% increased Magnitude of Ailments you inflict,12% 증가 Magnitude의 상태 이상 you inflict,
tree_sd,49968:1,18% increased Stun Buildup with Melee Damage,18% 증가 기절 누적 보유 근접 피해,
tree_sd,49976:1,4% of Damage is taken from Mana before Life,4%의 피해 is taken에서 마나 before 생명력,
tree_sd,49984:1,32% increased Spell Damage while wielding a Melee Weapon,32% 증가 주문 피해 동안 wielding a 근접 무기,
tree_sd,49984:2,+10 to Dexterity,+10에 Dexterity,
tree_sd,49993:1,Gain Deflection Rating equal to 6% of Evasion Rating,획득 Deflection Rating equal에 6%의 회피 Rating,
tree_sd,49996:1,+5 to any Attribute,+5에 any 능력치,
tree_sd,4:1,15% increased chance to Shock,15% 증가 확률에 감전,
tree_sd,50023:1,Recover 1% of maximum Life per Glory consumed,Recover 1%의 최대 생명력 per Glory consumed,
tree_sd,50062:1,20% increased maximum Energy Shield,20% 증가 최대 에너지 보호막,
tree_sd,50062:2,Defend with 120% of Armour while not on Low Energy Shield,Defend 보유 120%의 방어도 동안 not 시 Low 에너지 보호막,
tree_sd,50084:1,10% increased Spell Damage,10% 증가 주문 피해,
tree_sd,50084:2,10% increased Attack Damage,10% 증가 공격 피해,
tree_sd,50098:1,Grants Skill: Into the Breach,Grants Skill: Into the Breach,
tree_sd,5009:1,10% chance to Daze on Hit,10% 확률에 Daze 시 명중,
tree_sd,5009:2,25% increased Daze Duration,25% 증가 Daze 지속시간,
tree_sd,50104:1,+5 to any Attribute,+5에 any 능력치,
tree_sd,50107:1,15% reduced effect of Curses on you,15% 감소 효과의 Curses 시 you,
tree_sd,50118:1,Companions have +12% to all Elemental Resistances,Companions have +12%에 모든 원소 저항,
tree_sd,50118:2,Companions have 12% increased maximum Life,Companions have 12% 증가 최대 생명력,
tree_sd,50121:1,10% increased Cold Damage,10% 증가 냉기 피해,
tree_sd,50142:1,15% increased Lightning Damage,15% 증가 번개 피해,
tree_sd,50150:1,8% increased Mana Regeneration Rate,8% 증가 마나 재생 Rate,
tree_sd,50150:2,8% increased Elemental Damage,8% 증가 원소 피해,
tree_sd,50184:1,12% increased Magnitude of Poison you inflict,12% 증가 Magnitude의 독 you inflict,
tree_sd,50192:1,3% increased maximum Life,3% 증가 최대 생명력,
tree_sd,50216:1,2% increased Skill Speed,2% 증가 Skill 속도,
tree_sd,50216:2,5% increased Mana Regeneration Rate,5% 증가 마나 재생 Rate,
tree_sd,50219:1,Curse zones erupt after 10% reduced delay,저주 zones erupt after 10% 감소 delay,
tree_sd,50228:1,10% increased Fire Damage,10% 증가 화염 피해,
tree_sd,50253:1,Slam Skills you use yourself have 30% increased Aftershock Area of Effect,강타 Skills you 사용 yourself have 30% 증가 여진 범위의 효과,
tree_sd,50268:1,8% increased Cold Damage,8% 증가 냉기 피해,
tree_sd,50268:2,8% increased Lightning Damage,8% 증가 번개 피해,
tree_sd,50273:1,12% increased Attack Damage while Dual Wielding,12% 증가 공격 피해 동안 Dual Wielding,
tree_sd,50277:1,15% increased Magnitude of Shock you inflict,15% 증가 Magnitude의 감전 you inflict,
tree_sd,50302:1,6% of Skill Mana Costs Converted to Life Costs,6%의 Skill 마나 Costs Converted에 생명력 Costs,
tree_sd,50328:1,10% increased Life and Mana Recovery from Flasks,10% 증가 생명력 및 마나 Recovery에서 Flasks,
tree_sd,50342:1,15% increased Evasion Rating,15% 증가 회피 Rating,
tree_sd,50392:1,10% reduced maximum Mana,10% 감소 최대 마나,
tree_sd,50392:2,1% increased Damage per 15 Strength,1% 증가 피해 per 15 Strength,
tree_sd,50420:1,10% increased Charm Charges gained,10% 증가 참 충전 획득,
tree_sd,50423:1,+5 to any Attribute,+5에 any 능력치,
tree_sd,50437:1,15% increased Evasion Rating,15% 증가 회피 Rating,
tree_sd,50469:1,+5 to any Attribute,+5에 any 능력치,
tree_sd,50483:1,Minions have 8% increased Area of Effect,소환수 have 8% 증가 범위의 효과,
tree_sd,50485:1,20% increased Area of Effect of Curses,20% 증가 범위의 효과의 Curses,
tree_sd,50485:2,10% increased Curse Magnitudes,10% 증가 저주 Magnitudes,
tree_sd,50485:3,"Enemies you Curse are Hindered, with 15% reduced Movement Speed","Enemies you 저주 are Hindered, 보유 15% 감소 이동 속도",
tree_sd,5048:1,10% increased Magnitude of Poison you inflict,10% 증가 Magnitude의 독 you inflict,
tree_sd,5049:1,2% increased Attack Speed,2% 증가 공격 속도,
tree_sd,5049:2,+5 to Dexterity,+5에 Dexterity,
tree_sd,50510:1,5% increased Block chance,5% 증가 막기 확률,
tree_sd,50516:1,15% increased Flammability Magnitude,15% 증가 Flammability Magnitude,
tree_sd,50516:2,4% increased Area of Effect for Attacks,4% 증가 범위의 효과 동안 공격,
tree_sd,50535:1,15% increased effect of Archon Buffs on you,15% 증가 효과의 Archon Buffs 시 you,
tree_sd,50558:1,Aura Skills have 5% increased Magnitudes,오라 Skills have 5% 증가 Magnitudes,
tree_sd,50561:1,Empowered Attacks deal 16% increased Damage,Empowered 공격 deal 16% 증가 피해,
tree_sd,50562:1,45% increased Critical Damage Bonus,45% 증가 치명타 피해 보너스,
tree_sd,50562:2,10% increased Mana Cost of Skills,10% 증가 마나 Cost의 Skills,
tree_sd,50562:3,+10 to Strength,+10에 Strength,
tree_sd,50574:1,3% of Physical Damage taken Recouped as Life,3%의 물리 피해 taken Recouped as 생명력,
tree_sd,50574:2,5% increased Physical Damage,5% 증가 물리 피해,
tree_sd,50588:1,8% increased Accuracy Rating,8% 증가 정확도 Rating,
tree_sd,50609:1,40% increased Flask Life Recovery rate,40% 증가 플라스크 생명력 Recovery rate,
tree_sd,50609:2,Regenerate 0.75% of maximum Life per second,Regenerate 0.75%의 최대 생명력 per second,
tree_sd,50626:1,+10 to Armour,+10에 방어도,
tree_sd,50626:2,+5 to maximum Energy Shield,+5에 최대 에너지 보호막,
tree_sd,50629:1,10% increased Elemental Damage,10% 증가 원소 피해,
tree_sd,50635:1,3% increased Attack Speed,3% 증가 공격 속도,
tree_sd,5066:1,10% reduced effect of Curses on you,10% 감소 효과의 Curses 시 you,
tree_sd,50673:1,-5% to amount of Damage Prevented by Deflection,-5%에 amount의 피해 Prevented by Deflection,
tree_sd,50673:2,20% increased Deflection Rating,20% 증가 Deflection Rating,
tree_sd,50687:1,40% increased Electrocute Buildup,40% 증가 Electrocute 누적,
tree_sd,50687:2,30% increased Shock Chance against Electrocuted Enemies,30% 증가 감전 확률 against Electrocuted Enemies,
tree_sd,506:1,12% increased Armour,12% 증가 방어도,
tree_sd,506:2,12% increased maximum Energy Shield,12% 증가 최대 에너지 보호막,
tree_sd,50701:1,15% increased Magnitude of Shock you inflict,15% 증가 Magnitude의 감전 you inflict,
tree_sd,50715:1,+1 to maximum Cold Infusions,+1에 최대 냉기 Infusions,
tree_sd,50720:1,Minions deal 10% increased Damage,소환수 deal 10% 증가 피해,
tree_sd,50755:1,+8 to Intelligence,+8에 지능,
tree_sd,5077:1,15% increased Parry Hit Area of Effect,15% 증가 Parry 명중 범위의 효과,
tree_sd,50795:1,15% increased Accuracy Rating,15% 증가 정확도 Rating,
tree_sd,50795:2,20% increased Projectile Damage,20% 증가 투사체 피해,
tree_sd,50816:1,+8 to Intelligence,+8에 지능,
tree_sd,50817:1,4% of Damage is taken from Mana before Life,4%의 피해 is taken에서 마나 before 생명력,
tree_sd,50820:1,15% increased Glory generation,15% 증가 Glory generation,
tree_sd,50847:1,10% increased Damage with Flails,10% 증가 피해 보유 Flails,
tree_sd,5084:1,30% increased Flammability Magnitude,30% 증가 Flammability Magnitude,
tree_sd,50879:1,16% increased Hazard Damage,16% 증가 Hazard 피해,
tree_sd,50881:1,15% reduced effect of Curses on you,15% 감소 효과의 Curses 시 you,
tree_sd,50884:1,Damage Penetrates 12% Elemental Resistances,피해 Penetrates 12% 원소 저항,
tree_sd,50884:2,8% increased Area of Effect for Attacks,8% 증가 범위의 효과 동안 공격,
tree_sd,5088:1,3% increased Attack and Cast Speed with Elemental Skills,3% 증가 공격 및 시전 속도 보유 원소 Skills,
tree_sd,50908:1,"2% chance that if you would gain Endurance Charges, you instead gain up to maximum Endurance Charges","2% 확률 that if you would 획득 인내 충전, you instead 획득 up에 최대 인내 충전",
tree_sd,50908:2,+1 to Maximum Endurance Charges,+1에 최대 인내 충전,
tree_sd,50912:1,6% increased Attack Speed during any Flask Effect,6% 증가 공격 속도 during any 플라스크 효과,
tree_sd,50912:2,25% increased Damage during any Flask Effect,25% 증가 피해 during any 플라스크 효과,
tree_sd,5098:1,Banner Skills have 15% increased Area of Effect,깃발 Skills have 15% 증가 범위의 효과,
tree_sd,51006:1,4% reduced Flask Charges used from Mana Flasks,4% 감소 플라스크 충전 used에서 마나 Flasks,
tree_sd,5101:1,8% increased Energy Shield Recharge Rate,8% 증가 에너지 보호막 재충전 Rate,
tree_sd,5101:2,Minions Revive 3% faster,소환수 Revive 3% faster,
tree_sd,51040:1,Gain Deflection Rating equal to 6% of Evasion Rating,획득 Deflection Rating equal에 6%의 회피 Rating,
tree_sd,51048:1,+5 to any Attribute,+5에 any 능력치,
tree_sd,51052:1,+5 to any Attribute,+5에 any 능력치,
tree_sd,5108:1,Attacks with One-Handed Weapons have 15% increased Chance to inflict Ailments,공격 보유 One-Handed Weapons have 15% 증가 확률에 inflict 상태 이상,
tree_sd,51105:1,30% increased Totem Life,30% 증가 토템 생명력,
tree_sd,51105:2,30% increased Totem Duration,30% 증가 토템 지속시간,
tree_sd,51129:1,30% increased effect of Fully Broken Armour,30% 증가 효과의 Fully Broken 방어도,
tree_sd,51142:1,3% increased maximum Mana,3% 증가 최대 마나,
tree_sd,51169:1,20% increased Energy Shield Recovery rate,20% 증가 에너지 보호막 Recovery rate,
tree_sd,51183:1,10% increased Armour,10% 증가 방어도,
tree_sd,51183:2,10% increased maximum Energy Shield,10% 증가 최대 에너지 보호막,
tree_sd,51184:1,20% increased Spell Damage,20% 증가 주문 피해,
tree_sd,51184:2,+10 to Intelligence,+10에 지능,
tree_sd,51194:1,10% increased Elemental Infusion duration,10% 증가 원소 Infusion 지속시간,
tree_sd,511:1,8% increased Spell Damage,8% 증가 주문 피해,
tree_sd,511:2,8% increased Attack Damage,8% 증가 공격 피해,
tree_sd,51206:1,15% increased Totem Damage,15% 증가 토템 피해,
tree_sd,51213:1,15% increased Duration of Damaging Ailments on Enemies,15% 증가 지속시간의 Damaging 상태 이상 시 Enemies,
tree_sd,51213:2,30% increased Damage with Hits against Enemies affected by Ailments,30% 증가 피해 보유 명중 against Enemies affected by 상태 이상,
tree_sd,51234:1,15% increased effect of Archon Buffs on you,15% 증가 효과의 Archon Buffs 시 you,
tree_sd,51241:1,10% increased Charm Charges gained,10% 증가 참 충전 획득,
tree_sd,51248:1,10% increased Fire Damage,10% 증가 화염 피해,
tree_sd,51267:1,15% increased Stun Buildup,15% 증가 기절 누적,
tree_sd,51299:1,+5 to any Attribute,+5에 any 능력치,
tree_sd,51303:1,10% increased Elemental Infusion duration,10% 증가 원소 Infusion 지속시간,
tree_sd,51335:1,40% increased Flammability Magnitude,40% 증가 Flammability Magnitude,
tree_sd,51335:2,20% increased Freeze Buildup,20% 증가 동결 누적,
tree_sd,51335:3,20% increased chance to Shock,20% 증가 확률에 감전,
tree_sd,51336:1,12% increased Elemental Damage with Attacks,12% 증가 원소 피해 보유 공격,
tree_sd,51369:1,14% increased Damage with Hits against Burning Enemies,14% 증가 피해 보유 명중 against Burning Enemies,
tree_sd,51394:1,24% reduced Slowing Potency of Debuffs on You,24% 감소 Slowing Potency의 Debuffs 시 You,
tree_sd,51416:1,3% increased Cast Speed,3% 증가 시전 속도,
tree_sd,51446:1,+1 to Evasion Rating per 1 Item Armour on Equipped Gloves,+1에 회피 Rating per 1 Item 방어도 시 Equipped Gloves,
tree_sd,51463:1,12% increased Attack Damage while moving,12% 증가 공격 피해 동안 moving,
tree_sd,51509:1,Recover 2% of maximum Life when you use a Mana Flask,Recover 2%의 최대 생명력 when you 사용 a 마나 플라스크,
tree_sd,51509:2,Mana Flasks gain 0.1 charges per Second,마나 Flasks 획득 0.1 충전 per Second,
tree_sd,51522:1,3% increased Attack Speed,3% 증가 공격 속도,
tree_sd,51534:1,16% increased Critical Hit Chance if you haven't dealt a Critical Hit Recently,16% 증가 치명타 확률 if you haven't dealt a 치명타 명중 Recently,
tree_sd,51535:1,15% increased amount of Life Leeched,15% 증가 amount의 생명력 Leeched,
tree_sd,51535:2,Leech Life 5% slower,흡수 생명력 5% slower,
tree_sd,51561:1,+5 to any Attribute,+5에 any 능력치,
tree_sd,51565:1,6% chance for Spell Skills to fire 2 additional Projectiles,6% 확률 동안 주문 Skills에 화염 2 추가 투사체,
tree_sd,51602:1,Enemies near Enemies you Mark are Blinded,Enemies near Enemies you 징표 are 실명,
tree_sd,51602:2,Enemies you Mark cannot deal Critical Hits,Enemies you 징표 cannot deal 치명타,
tree_sd,51606:1,20% increased Evasion Rating,20% 증가 회피 Rating,
tree_sd,51606:2,10% reduced Slowing Potency of Debuffs on You,10% 감소 Slowing Potency의 Debuffs 시 You,
tree_sd,51606:3,5% reduced Movement Speed Penalty from using Skills while moving,5% 감소 이동 속도 Penalty에서 using Skills 동안 moving,
tree_sd,51618:1,15% increased Life Regeneration rate,15% 증가 생명력 재생 rate,
tree_sd,51618:2,6% of Skill Mana Costs Converted to Life Costs,6%의 Skill 마나 Costs Converted에 생명력 Costs,
tree_sd,5163:1,10% increased Stun Buildup,10% 증가 기절 누적,
tree_sd,5163:2,10% increased Knockback Distance,10% 증가 Knockback Distance,
tree_sd,51683:1,15% increased Totem Damage,15% 증가 토템 피해,
tree_sd,51690:1,Regenerate 0.5% of maximum Life per second,Regenerate 0.5%의 최대 생명력 per second,
tree_sd,516:1,Projectiles deal 15% increased Damage with Hits against Enemies further than 6m,투사체 deal 15% 증가 피해 보유 명중 against Enemies further than 6m,
tree_sd,51702:1,+8 to Strength,+8에 Strength,
tree_sd,51707:1,20% increased Evasion Rating,20% 증가 회피 Rating,
tree_sd,51707:2,Gain Deflection Rating equal to 5% of Evasion Rating,획득 Deflection Rating equal에 5%의 회피 Rating,
tree_sd,51707:3,8% increased Dexterity,8% 증가 Dexterity,
tree_sd,51728:1,15% chance to Pierce an Enemy,15% 확률에 Pierce an Enemy,
tree_sd,51732:1,3% increased Attack Speed,3% 증가 공격 속도,
tree_sd,51735:1,Attack Skills deal 10% increased Damage while holding a Shield,공격 Skills deal 10% 증가 피해 동안 holding a 방패,
tree_sd,51737:1,6% increased Cooldown Recovery Rate,6% 증가 Cooldown Recovery Rate,
tree_sd,51741:1,+5 to any Attribute,+5에 any 능력치,
tree_sd,51743:1,15% increased Attack Damage if you have Shapeshifted to an Animal form Recently,15% 증가 공격 피해 if you have Shapeshifted에 an Animal form Recently,
tree_sd,51749:1,You have no Mana,You have no 마나,
tree_sd,51749:2,Skill Mana Costs Converted to Life Costs,Skill 마나 Costs Converted에 생명력 Costs,
tree_sd,51774:1,15% reduced Volatility Explosion delay,15% 감소 Volatility 폭발 delay,
tree_sd,51788:1,10% reduced effect of Curses on you,10% 감소 효과의 Curses 시 you,
tree_sd,51795:1,8% increased Fire Damage,8% 증가 화염 피해,
tree_sd,51795:2,15% increased Flammability Magnitude,15% 증가 Flammability Magnitude,
tree_sd,51797:1,3% of Damage taken Recouped as Life,3%의 피해 taken Recouped as 생명력,
tree_sd,517:1,15% increased Energy Shield Recharge Rate,15% 증가 에너지 보호막 재충전 Rate,
tree_sd,51807:1,Companions have 12% increased maximum Life,Companions have 12% 증가 최대 생명력,
tree_sd,51807:2,10% increased Defences while your Companion is in your Presence,10% 증가 Defences 동안 your 동료 is in your Presence,
tree_sd,51820:1,12% increased Attack and Cast Speed if you've summoned a Totem Recently,12% 증가 공격 및 시전 속도 if you've summoned a 토템 Recently,
tree_sd,51821:1,+5 to any Attribute,+5에 any 능력치,
tree_sd,51825:1,10% increased Damage with Two Handed Weapons,10% 증가 피해 보유 Two Handed Weapons,
tree_sd,51832:1,16% increased Damage with Warcries,16% 증가 피해 보유 Warcries,
tree_sd,51847:1,6% increased Attack Damage,6% 증가 공격 피해,
tree_sd,51847:2,5% increased Accuracy Rating,5% 증가 정확도 Rating,
tree_sd,51867:1,120% increased Damage with Hits against Enemies that are on Low Life,120% 증가 피해 보유 명중 against Enemies that are 시 Low 생명력,
tree_sd,51867:2,5% increased Damage taken while on Low Life,5% 증가 피해 taken 동안 시 Low 생명력,
tree_sd,51868:1,50% increased Armour while Ignited,50% 증가 방어도 동안 Ignited,
tree_sd,51868:2,+2% to Maximum Fire Resistance while Ignited,+2%에 최대 화염 저항 동안 Ignited,
tree_sd,51868:3,50% increased Fire Damage while Ignited,50% 증가 화염 피해 동안 Ignited,
tree_sd,5186:1,11% increased Chaos Damage,11% 증가 카오스 피해,
tree_sd,51871:1,15% increased maximum Energy Shield,15% 증가 최대 에너지 보호막,
tree_sd,51871:2,25% increased amount of Mana Leeched,25% 증가 amount의 마나 Leeched,
tree_sd,5188:1,8% increased Energy Shield Recharge Rate,8% 증가 에너지 보호막 재충전 Rate,
tree_sd,5188:2,8% faster start of Energy Shield Recharge,8% faster start의 에너지 보호막 재충전,
tree_sd,51891:1,8% of Damage is taken from Mana before Life,8%의 피해 is taken에서 마나 before 생명력,
tree_sd,51891:2,+15 to Intelligence,+15에 지능,
tree_sd,51892:1,6% increased Power Charge Duration,6% 증가 권능 충전 지속시간,
tree_sd,51892:2,6% increased Elemental Infusion duration,6% 증가 원소 Infusion 지속시간,
tree_sd,51903:1,10% increased Melee Damage,10% 증가 근접 피해,
tree_sd,51921:1,+5 to any Attribute,+5에 any 능력치,
tree_sd,51934:1,10% increased Mana Cost Efficiency,10% 증가 마나 Cost 효율,
tree_sd,51934:2,Triggered Spells deal 40% increased Spell Damage,Triggered Spells deal 40% 증가 주문 피해,
tree_sd,51944:1,10% increased Projectile Damage,10% 증가 투사체 피해,
tree_sd,51968:1,20% increased Flammability Magnitude,20% 증가 Flammability Magnitude,
tree_sd,51968:2,10% increased Freeze Buildup,10% 증가 동결 누적,
tree_sd,51968:3,10% increased chance to Shock,10% 증가 확률에 감전,
tree_sd,52053:1,10% increased Mana Regeneration Rate,10% 증가 마나 재생 Rate,
tree_sd,52068:1,You take 20% of damage from Blocked Hits,You take 20%의 피해에서 Blocked 명중,
tree_sd,52068:2,Maximum Block chance is 75%,최대 막기 확률 is 75%,
tree_sd,52106:1,3% increased Cast Speed,3% 증가 시전 속도,
tree_sd,52115:1,40% increased Mana Regeneration Rate while on Full Life,40% 증가 마나 재생 Rate 동안 시 Full 생명력,
tree_sd,52125:1,+5 to any Attribute,+5에 any 능력치,
tree_sd,52126:1,10% increased Stun Threshold,10% 증가 기절 한계값,
tree_sd,52126:2,+5 to Strength,+5에 Strength,
tree_sd,52180:1,Prevent +6% of Damage from Deflected Hits,Prevent +6%의 피해에서 Deflected 명중,
tree_sd,52191:1,53% increased Chaos Damage,53% 증가 카오스 피해,
tree_sd,52191:2,Lose 3% of maximum Life and Energy Shield when you use a Chaos Skill,Lose 3%의 최대 생명력 및 에너지 보호막 when you 사용 a 카오스 Skill,
tree_sd,52199:1,30% increased Exposure Effect,30% 증가 Exposure 효과,
tree_sd,52215:1,10% increased Critical Hit Chance with Daggers,10% 증가 치명타 확률 보유 Daggers,
tree_sd,52229:1,Orb Skills have +1 to Limit,Orb Skills have +1에 Limit,
tree_sd,52241:1,Recover 1% of maximum Mana on Kill,Recover 1%의 최대 마나 시 Kill,
tree_sd,52245:1,+10% to Chaos Resistance,+10%에 카오스 저항,
tree_sd,52245:2,Gain 5% of Damage as Extra Chaos Damage,획득 5%의 피해 as Extra 카오스 피해,
tree_sd,52245:3,50% reduced effect of Withered on you,50% 감소 효과의 Withered 시 you,
tree_sd,52254:1,6% increased Curse Magnitudes,6% 증가 저주 Magnitudes,
tree_sd,52257:1,+10% to Lightning Resistance,+10%에 번개 저항,
tree_sd,52257:2,+2% to Maximum Lightning Resistance if you have at least 5 Green Support Gems Socketed,+2%에 최대 번개 저항 if you have at least 5 Green 보조 Gems Socketed,
tree_sd,52260:1,Meta Skills gain 8% increased Energy,Meta Skills 획득 8% 증가 에너지,
tree_sd,52274:1,12% increased Grenade Damage,12% 증가 수류탄 피해,
tree_sd,5227:1,100% increased Evasion Rating if you have been Hit Recently,100% 증가 회피 Rating if you have been 명중 Recently,
tree_sd,5227:2,30% reduced Evasion Rating if you haven't been Hit Recently,30% 감소 회피 Rating if you haven't been 명중 Recently,
tree_sd,52298:1,+5 to any Attribute,+5에 any 능력치,
tree_sd,52300:1,Gain 1 Rage on Melee Axe Hit,획득 1 격노 시 근접 Axe 명중,
tree_sd,52319:1,+5 to any Attribute,+5에 any 능력치,
tree_sd,52348:1,20% increased Totem Damage,20% 증가 토템 피해,
tree_sd,52348:2,6% increased Attack and Cast Speed if you've summoned a Totem Recently,6% 증가 공격 및 시전 속도 if you've summoned a 토템 Recently,
tree_sd,52351:1,Meta Skills gain 8% increased Energy,Meta Skills 획득 8% 증가 에너지,
tree_sd,52354:1,16% increased Attack Damage against Rare or Unique Enemies,16% 증가 공격 피해 against Rare or Unique Enemies,
tree_sd,52361:1,10% increased Projectile Damage,10% 증가 투사체 피해,
tree_sd,52373:1,+2 to Maximum Rage,+2에 최대 격노,
tree_sd,52374:1,+1 to maximum number of Summoned Totems,+1에 최대 number의 Summoned Totems,
tree_sd,52374:2,Totems die 6 seconds after their Life is reduced to 0,Totems die 6 seconds after their 생명력 is 감소에 0,
tree_sd,52392:1,5% reduced Attack Speed,5% 감소 공격 속도,
tree_sd,52392:2,20% increased Stun Buildup,20% 증가 기절 누적,
tree_sd,52392:3,40% increased Damage with Two Handed Weapons,40% 증가 피해 보유 Two Handed Weapons,
tree_sd,52399:1,18% increased Critical Damage Bonus with Quarterstaves,18% 증가 치명타 피해 보너스 보유 Quarterstaves,
tree_sd,52410:1,20% increased Stun Threshold while Parrying,20% 증가 기절 한계값 동안 Parrying,
tree_sd,52415:1,4% increased Attack Speed while your Companion is in your Presence,4% 증가 공격 속도 동안 your 동료 is in your Presence,
tree_sd,52429:1,3% increased Cast Speed,3% 증가 시전 속도,
tree_sd,52440:1,Companions deal 12% increased Damage,Companions deal 12% 증가 피해,
tree_sd,52440:2,10% increased Damage while your Companion is in your Presence,10% 증가 피해 동안 your 동료 is in your Presence,
tree_sd,52442:1,3% increased Attack Speed,3% 증가 공격 속도,
tree_sd,52448:1,Trigger Elemental Expression on Melee Critical Hit,Trigger 원소 Expression 시 근접 치명타 명중,
tree_sd,52448:2,Grants Skill: Elemental Expression,Grants Skill: 원소 Expression,
tree_sd,52454:1,7% increased Chaos Damage,7% 증가 카오스 피해,
tree_sd,52464:1,Recover 1% of maximum Life on Kill,Recover 1%의 최대 생명력 시 Kill,
tree_sd,52501:1,20% increased Freeze Buildup with Empowered Attacks,20% 증가 동결 누적 보유 Empowered 공격,
tree_sd,52537:1,10% increased Magnitude of Chill you inflict,10% 증가 Magnitude의 냉각 you inflict,
tree_sd,52556:1,+2 to Maximum Rage,+2에 최대 격노,
tree_sd,52574:1,6% increased Attack Area Damage,6% 증가 공격 범위 피해,
tree_sd,52574:2,4% increased Area of Effect for Attacks,4% 증가 범위의 효과 동안 공격,
tree_sd,52576:1,20% increased Damage against Immobilised Enemies,20% 증가 피해 against Immobilised Enemies,
tree_sd,5257:1,30% increased Elemental Damage if you've Chilled an Enemy Recently,30% 증가 원소 피해 if you've Chilled an Enemy Recently,
tree_sd,52615:1,Spell Skills have 6% increased Area of Effect,주문 Skills have 6% 증가 범위의 효과,
tree_sd,52618:1,"When you Shapeshift to Human form, gain 10% increased Spell Damage per second you were Shapeshifted, up to a maximum of 80%, for 8 seconds","When you Shapeshift에 Human form, 획득 10% 증가 주문 피해 per second you were Shapeshifted, up에 a 최대의 80%, 동안 8 seconds",
tree_sd,52630:1,40% increased Critical Damage Bonus against Enemies that are on Full Life,40% 증가 치명타 피해 보너스 against Enemies that are 시 Full 생명력,
tree_sd,52659:1,10% increased Life Regeneration rate,10% 증가 생명력 재생 rate,
tree_sd,52676:1,16% increased Minion Duration,16% 증가 소환수 지속시간,
tree_sd,52684:1,Break 50% of Armour on Pinning an Enemy,파괴 50%의 방어도 시 Pinning an Enemy,
tree_sd,52695:1,10% increased Physical Damage,10% 증가 물리 피해,
tree_sd,526:1,18% increased Stun Buildup with Maces,18% 증가 기절 누적 보유 Maces,
tree_sd,52703:1,1% increased Critical Damage Bonus per 50 current Life,1% 증가 치명타 피해 보너스 per 50 current 생명력,
tree_sd,52743:1,15% increased Energy Shield Recharge Rate,15% 증가 에너지 보호막 재충전 Rate,
tree_sd,52746:1,12% increased Fire Damage,12% 증가 화염 피해,
tree_sd,52764:1,Every Rage also grants 2% increased Spell Damage,Every 격노 also grants 2% 증가 주문 피해,
tree_sd,52765:1,10% increased Mana Regeneration Rate,10% 증가 마나 재생 Rate,
tree_sd,52774:1,30% increased Flammability Magnitude,30% 증가 Flammability Magnitude,
tree_sd,52796:1,Attack Skills deal 10% increased Damage while holding a Shield,공격 Skills deal 10% 증가 피해 동안 holding a 방패,
tree_sd,52799:1,15% increased Freeze Buildup,15% 증가 동결 누적,
tree_sd,52800:1,+8% Surpassing chance to fire an additional Arrow,+8% Surpassing 확률에 화염 an 추가 화살,
tree_sd,52803:1,20% increased Life Recovery from Flasks,20% 증가 생명력 Recovery에서 Flasks,
tree_sd,52803:2,Life Flasks gain 0.1 charges per Second,생명력 Flasks 획득 0.1 충전 per Second,
tree_sd,52807:1,15% increased Presence Area of Effect,15% 증가 Presence 범위의 효과,
tree_sd,52829:1,12% increased Stun Buildup,12% 증가 기절 누적,
tree_sd,52829:2,10% increased Damage with Maces,10% 증가 피해 보유 Maces,
tree_sd,52836:1,5% increased Block chance,5% 증가 막기 확률,
tree_sd,5284:1,15% increased Critical Hit Chance for Spells,15% 증가 치명타 확률 동안 Spells,
tree_sd,5284:2,15% increased Critical Spell Damage Bonus,15% 증가 치명타 주문 피해 보너스,
tree_sd,5284:3,15% increased Magnitude of Damaging Ailments you inflict with Critical Hits,15% 증가 Magnitude의 Damaging 상태 이상 you inflict 보유 치명타,
tree_sd,52860:1,15% increased Ballista damage,15% 증가 Ballista 피해,
tree_sd,528:1,12% increased Accuracy Rating,12% 증가 정확도 Rating,
tree_sd,5295:1,Damage Penetrates 6% Lightning Resistance,피해 Penetrates 6% 번개 저항,
tree_sd,52971:1,20% faster start of Energy Shield Recharge,20% faster start의 에너지 보호막 재충전,
tree_sd,52971:2,30% faster start of Energy Shield Recharge when not on Full Life,30% faster start의 에너지 보호막 재충전 when not 시 Full 생명력,
tree_sd,52973:1,15% chance to Impale on Spell Hit,15% 확률에 Impale 시 주문 명중,
tree_sd,52980:1,+8 to Evasion Rating,+8에 회피 Rating,
tree_sd,52980:2,+5 to maximum Energy Shield,+5에 최대 에너지 보호막,
tree_sd,52993:1,16% increased Elemental Damage,16% 증가 원소 피해,
tree_sd,52:1,Excess Life Recovery from Regeneration is applied to Energy Shield,Excess 생명력 Recovery에서 재생 is applied에 에너지 보호막,
tree_sd,52:2,Energy Shield does not Recharge,에너지 보호막 does not 재충전,
tree_sd,53030:1,25% increased Ignite Magnitude,25% 증가 점화 Magnitude,
tree_sd,53030:2,+10 to Strength,+10에 Strength,
tree_sd,5305:1,3% increased Skill Speed,3% 증가 Skill 속도,
tree_sd,53089:1,6% increased Area of Effect for Attacks,6% 증가 범위의 효과 동안 공격,
tree_sd,53094:1,8% increased Accuracy Rating,8% 증가 정확도 Rating,
tree_sd,53108:1,Attribute Requirements of Gems can be satisified by your highest Attribute,능력치 Requirements의 Gems can be satisified by your highest 능력치,
tree_sd,53123:1,+3% to all Elemental Resistances,+3%에 모든 원소 저항,
tree_sd,53131:1,50% of Skill Mana costs Converted to Life Costs during any Life Flask Effect,50%의 Skill 마나 costs Converted에 생명력 Costs during any 생명력 플라스크 효과,
tree_sd,53149:1,15% increased Freeze Buildup,15% 증가 동결 누적,
tree_sd,5314:1,+5 to any Attribute,+5에 any 능력치,
tree_sd,53150:1,5% increased Attack Speed,5% 증가 공격 속도,
tree_sd,53150:2,30% increased Accuracy Rating against Rare or Unique Enemies,30% 증가 정확도 Rating against Rare or Unique Enemies,
tree_sd,53166:1,20% increased Presence Area of Effect,20% 증가 Presence 범위의 효과,
tree_sd,53177:1,50% chance to gain Volatility when you are Stunned,50% 확률에 획득 Volatility when you are Stunned,
tree_sd,53185:1,3% increased Evasion Rating per 10 Intelligence,3% 증가 회피 Rating per 10 지능,
tree_sd,53185:2,Gain Accuracy Rating equal to your Intelligence,획득 정확도 Rating equal에 your 지능,
tree_sd,53185:3,+10 to Intelligence,+10에 지능,
tree_sd,53187:1,40% reduced Presence Area of Effect,40% 감소 Presence 범위의 효과,
tree_sd,53187:2,Allies in your Presence Regenerate 5 Rage per second if you have gained Rage Recently,동료 in your Presence Regenerate 5 격노 per second if you have 획득 격노 Recently,
tree_sd,53194:1,10% increased Warcry Cooldown Recovery Rate,10% 증가 Warcry Cooldown Recovery Rate,
tree_sd,53196:1,8% increased Flask and Charm Charges gained,8% 증가 플라스크 및 참 충전 획득,
tree_sd,53207:1,Damage Penetrates 6% Lightning Resistance,피해 Penetrates 6% 번개 저항,
tree_sd,5324:1,20% increased Attack Damage if you have been Heavy Stunned Recently,20% 증가 공격 피해 if you have been Heavy Stunned Recently,
tree_sd,53261:1,4% increased Area of Effect of Ancestrally Boosted Attacks,4% 증가 범위의 효과의 Ancestrally Boosted 공격,
tree_sd,53261:2,Ancestrally Boosted Attacks deal 8% increased Damage,Ancestrally Boosted 공격 deal 8% 증가 피해,
tree_sd,53265:1,20% increased Elemental Damage,20% 증가 원소 피해,
tree_sd,53265:2,15% increased chance to inflict Ailments,15% 증가 확률에 inflict 상태 이상,
tree_sd,53266:1,3% increased Attack and Cast Speed with Lightning Skills,3% 증가 공격 및 시전 속도 보유 번개 Skills,
tree_sd,53272:1,Gain Deflection Rating equal to 6% of Evasion Rating,획득 Deflection Rating equal에 6%의 회피 Rating,
tree_sd,53294:1,15% increased Fire Damage,15% 증가 화염 피해,
tree_sd,53294:2,10% increased Ignite Magnitude,10% 증가 점화 Magnitude,
tree_sd,53294:3,Damage Penetrates 10% Fire Resistance,피해 Penetrates 10% 화염 저항,
tree_sd,53308:1,10% increased Melee Damage,10% 증가 근접 피해,
tree_sd,53320:1,20% increased Glory generation for Banner Skills,20% 증가 Glory generation 동안 깃발 Skills,
tree_sd,53329:1,15% increased Flammability Magnitude,15% 증가 Flammability Magnitude,
tree_sd,53329:2,8% increased Ignite Magnitude,8% 증가 점화 Magnitude,
tree_sd,5332:1,Immune to Chill if a majority of your Socketed Support Gems are Blue,Immune에 냉각 if a majority의 your Socketed 보조 Gems are Blue,
tree_sd,5332:2,Immune to Ignite if a majority of your Socketed Support Gems are Red,Immune에 점화 if a majority의 your Socketed 보조 Gems are Red,
tree_sd,5332:3,Immune to Shock if a majority of your Socketed Support Gems are Green,Immune에 감전 if a majority의 your Socketed 보조 Gems are Green,
tree_sd,53354:1,10% increased amount of Life Leeched while Shapeshifted,10% 증가 amount의 생명력 Leeched 동안 Shapeshifted,
tree_sd,5335:1,Gain additional Ailment Threshold equal to 30% of maximum Energy Shield,획득 추가 상태 이상 한계값 equal에 30%의 최대 에너지 보호막,
tree_sd,5335:2,10% reduced Duration of Ailments on You,10% 감소 지속시간의 상태 이상 시 You,
tree_sd,53367:1,Banner Skills have 30% increased Area of Effect,깃발 Skills have 30% 증가 범위의 효과,
tree_sd,53367:2,Banner Skills have 30% increased Duration,깃발 Skills have 30% 증가 지속시간,
tree_sd,53373:1,12% increased Stun Threshold,12% 증가 기절 한계값,
tree_sd,53386:1,15% increased Critical Damage Bonus for Attack Damage,15% 증가 치명타 피해 보너스 동안 공격 피해,
tree_sd,53396:1,+5 to any Attribute,+5에 any 능력치,
tree_sd,53405:1,+5 to any Attribute,+5에 any 능력치,
tree_sd,53440:1,Gain 2 Rage on Melee Axe Hit,획득 2 격노 시 근접 Axe 명중,
tree_sd,53443:1,10% increased Attack Area Damage,10% 증가 공격 범위 피해,
tree_sd,53444:1,12% increased Minion Duration,12% 증가 소환수 지속시간,
tree_sd,53471:1,12% increased Critical Hit Chance against Blinded Enemies,12% 증가 치명타 확률 against 실명 Enemies,
tree_sd,53505:1,10% increased amount of Life Leeched,10% 증가 amount의 생명력 Leeched,
tree_sd,53524:1,Break Armour on Critical Hit with Spells equal to 5% of Physical Damage dealt,파괴 방어도 시 치명타 명중 보유 Spells equal에 5%의 물리 피해 dealt,
tree_sd,53527:1,Break 50% of Armour on Heavy Stunning an Enemy,파괴 50%의 방어도 시 Heavy Stunning an Enemy,
tree_sd,53539:1,15% increased Projectile Damage if you've dealt a Melee Hit in the past eight seconds,15% 증가 투사체 피해 if you've dealt a 근접 명중 in the past eight seconds,
tree_sd,53560:1,20% chance for Lightning Skills to Chain an additional time,20% 확률 동안 번개 Skills에 연쇄 an 추가 time,
tree_sd,53566:1,5% reduced Movement Speed Penalty from using Skills while moving,5% 감소 이동 속도 Penalty에서 using Skills 동안 moving,
tree_sd,53566:2,Projectile Attacks have a 12% chance to fire two additional Projectiles while moving,투사체 공격 have a 12% 확률에 화염 two 추가 투사체 동안 moving,
tree_sd,53589:1,+5 to any Attribute,+5에 any 능력치,
tree_sd,53595:1,10% increased Magnitude of Poison you inflict,10% 증가 Magnitude의 독 you inflict,
tree_sd,535:1,15% increased Critical Damage Bonus,15% 증가 치명타 피해 보너스,
tree_sd,53607:1,10% increased Armour and Evasion Rating per Summoned Totem in your Presence,10% 증가 방어도 및 회피 Rating per Summoned 토템 in your Presence,
tree_sd,53607:2,10% increased Attack Damage per Summoned Totem in your Presence,10% 증가 공격 피해 per Summoned 토템 in your Presence,
tree_sd,53632:1,12% increased Fire Damage,12% 증가 화염 피해,
tree_sd,53647:1,12% increased Armour and Evasion Rating,12% 증가 방어도 및 회피 Rating,
tree_sd,53675:1,15% increased Presence Area of Effect,15% 증가 Presence 범위의 효과,
tree_sd,53683:1,30% chance when you Reload a Crossbow to be immediate,30% 확률 when you Reload a 쇠뇌에 be immediate,
tree_sd,53697:1,+5 to any Attribute,+5에 any 능력치,
tree_sd,53698:1,10% increased Attack Damage,10% 증가 공격 피해,
tree_sd,53719:1,+5 to any Attribute,+5에 any 능력치,
tree_sd,53762:1,Equipment and Skill Gems have 4% reduced Attribute Requirements,Equipment 및 Skill Gems have 4% 감소 능력치 Requirements,
tree_sd,53771:1,10% increased Projectile Damage,10% 증가 투사체 피해,
tree_sd,53785:1,6% increased Area of Effect for Attacks,6% 증가 범위의 효과 동안 공격,
tree_sd,53804:1,10% increased Fire Damage,10% 증가 화염 피해,
tree_sd,53822:1,Gain 2 Rage when Hit by an Enemy,획득 2 격노 when 명중 by an Enemy,
tree_sd,53823:1,25% increased Chance to Block if you've Blocked with a raised Shield Recently,25% 증가 확률에 막기 if you've Blocked 보유 a raised 방패 Recently,
tree_sd,53823:2,50% increased Defences from Equipped Shield,50% 증가 Defences에서 Equipped 방패,
tree_sd,53853:1,50% increased Evasion Rating if you have been Hit Recently,50% 증가 회피 Rating if you have been 명중 Recently,
tree_sd,53853:2,50% increased Armour if you haven't been Hit Recently,50% 증가 방어도 if you haven't been 명중 Recently,
tree_sd,5386:1,20% increased Fire Damage,20% 증가 화염 피해,
tree_sd,53893:1,Companions deal 12% increased Damage,Companions deal 12% 증가 피해,
tree_sd,53893:2,10% increased Damage while your Companion is in your Presence,10% 증가 피해 동안 your 동료 is in your Presence,
tree_sd,53895:1,15% reduced Grenade Detonation Time,15% 감소 수류탄 Detonation Time,
tree_sd,53901:1,5% increased Block chance,5% 증가 막기 확률,
tree_sd,5390:1,15% increased Freeze Buildup,15% 증가 동결 누적,
tree_sd,53910:1,5% reduced maximum Life,5% 감소 최대 생명력,
tree_sd,53910:2,-10% to all Elemental Resistances,-10%에 모든 원소 저항,
tree_sd,53910:3,Minions Recoup 30% of Damage taken as Life,소환수 회생 30%의 피해 taken as 생명력,
tree_sd,53910:4,Minions Gain 20% of Elemental Damage as Extra Chaos Damage,소환수 획득 20%의 원소 피해 as Extra 카오스 피해,
tree_sd,53921:1,30% increased Stun Threshold,30% 증가 기절 한계값,
tree_sd,53921:2,30% increased Elemental Ailment Threshold,30% 증가 원소 상태 이상 한계값,
tree_sd,53935:1,100% increased Stun Threshold for each time you've been Stunned Recently,100% 증가 기절 한계값 동안 each time you've been Stunned Recently,
tree_sd,53938:1,10% increased Attack Damage,10% 증가 공격 피해,
tree_sd,53941:1,20% increased Energy Shield Recovery Rate if you haven't been Hit Recently,20% 증가 에너지 보호막 Recovery Rate if you haven't been 명중 Recently,
tree_sd,53941:2,3% increased Movement Speed while you have Energy Shield,3% 증가 이동 속도 동안 you have 에너지 보호막,
tree_sd,53958:1,10% increased Mana Recovery from Flasks,10% 증가 마나 Recovery에서 Flasks,
tree_sd,53960:1,+5 to any Attribute,+5에 any 능력치,
tree_sd,53965:1,Damage Penetrates 6% Lightning Resistance,피해 Penetrates 6% 번개 저항,
tree_sd,53975:1,10% increased Spell Damage,10% 증가 주문 피해,
tree_sd,53989:1,Gain 1 Rage on Melee Hit,획득 1 격노 시 근접 명중,
tree_sd,5398:1,Spells Cast by Totems have 4% increased Cast Speed,Spells 시전 by Totems have 4% 증가 시전 속도,
tree_sd,53996:1,8% increased Melee Damage,8% 증가 근접 피해,
tree_sd,54031:1,+1 Life per 4 Dexterity,+1 생명력 per 4 Dexterity,
tree_sd,54031:2,+1 to Stun Threshold per Dexterity,+1에 기절 한계값 per Dexterity,
tree_sd,54031:3,+5 to Strength,+5에 Strength,
tree_sd,54036:1,Minions deal 10% increased Damage,소환수 deal 10% 증가 피해,
tree_sd,54058:1,10% increased Critical Damage Bonus with Daggers,10% 증가 치명타 피해 보너스 보유 Daggers,
tree_sd,54067:1,5% chance to Gain Arcane Surge when you deal a Critical Hit,5% 확률에 획득 Arcane Surge when you deal a 치명타 명중,
tree_sd,54099:1,+5 to any Attribute,+5에 any 능력치,
tree_sd,5410:1,30% increased Area of Effect of Ancestrally Boosted Attacks,30% 증가 범위의 효과의 Ancestrally Boosted 공격,
tree_sd,54138:1,3% increased Attack Speed with Swords,3% 증가 공격 속도 보유 Swords,
tree_sd,54148:1,Damage Penetrates 15% Fire Resistance,피해 Penetrates 15% 화염 저항,
tree_sd,54148:2,15% increased Duration of Damaging Ailments on Enemies,15% 증가 지속시간의 Damaging 상태 이상 시 Enemies,
tree_sd,54152:1,3% increased Movement Speed while Sprinting,3% 증가 이동 속도 동안 Sprinting,
tree_sd,54176:1,15% increased chance to Shock,15% 증가 확률에 감전,
tree_sd,54194:1,4% of Damage taken Recouped as Life,4%의 피해 taken Recouped as 생명력,
tree_sd,541:1,15% increased Energy Shield Recharge Rate while Shapeshifted,15% 증가 에너지 보호막 재충전 Rate 동안 Shapeshifted,
tree_sd,54228:1,10% increased Physical Damage,10% 증가 물리 피해,
tree_sd,54232:1,+5 to any Attribute,+5에 any 능력치,
tree_sd,54282:1,+5 to any Attribute,+5에 any 능력치,
tree_sd,54283:1,15% increased Armour,15% 증가 방어도,
tree_sd,54288:1,3% of Damage taken Recouped as Life,3%의 피해 taken Recouped as 생명력,
tree_sd,54289:1,"2% chance that if you would gain Power Charges, you instead gain up to","2% 확률 that if you would 획득 권능 충전, you instead 획득 up to",
tree_sd,54289:2,your maximum number of Power Charges,your 최대 number의 권능 충전,
tree_sd,54289:3,+1 to Maximum Power Charges,+1에 최대 권능 충전,
tree_sd,54297:1,21% increased Chaos Damage,21% 증가 카오스 피해,
tree_sd,54297:2,11% increased Life Cost of Skills,11% 증가 생명력 Cost의 Skills,
tree_sd,54297:3,3% of Skill Mana Costs Converted to Life Costs,3%의 Skill 마나 Costs Converted에 생명력 Costs,
tree_sd,54311:1,30% increased Flammability Magnitude,30% 증가 Flammability Magnitude,
tree_sd,54351:1,Recover 1% of maximum Life on Kill,Recover 1%의 최대 생명력 시 Kill,
tree_sd,54378:1,Recover 2% of maximum Mana when you consume a Power Charge,Recover 2%의 최대 마나 when you consume a 권능 충전,
tree_sd,54416:1,20% increased Armour if you have been Hit Recently,20% 증가 방어도 if you have been 명중 Recently,
tree_sd,54417:1,+5 to any Attribute,+5에 any 능력치,
tree_sd,54437:1,20% increased Attack Damage while on Low Life,20% 증가 공격 피해 동안 시 Low 생명력,
tree_sd,54453:1,Minions have 6% increased maximum Life,소환수 have 6% 증가 최대 생명력,
tree_sd,54453:2,Minions deal 6% increased Damage,소환수 deal 6% 증가 피해,
tree_sd,54485:1,+8 to Strength,+8에 Strength,
tree_sd,54512:1,+3 to Maximum Rage,+3에 최대 격노,
tree_sd,54521:1,+5 to any Attribute,+5에 any 능력치,
tree_sd,54545:1,15% increased Magnitude of Daze,15% 증가 Magnitude의 Daze,
tree_sd,54557:1,Damage Penetrates 6% Cold Resistance,피해 Penetrates 6% 냉기 저항,
tree_sd,54562:1,10% increased Critical Hit Chance,10% 증가 치명타 확률,
tree_sd,54631:1,6% increased bonuses gained from Equipped Quiver,6% 증가 bonuses 획득에서 Equipped 화살통,
tree_sd,54632:1,Minions have 8% increased maximum Life,소환수 have 8% 증가 최대 생명력,
tree_sd,54632:2,Minions have +7% to Chaos Resistance,소환수 have +7%에 카오스 저항,
tree_sd,54640:1,Debuffs you inflict have 5% increased Slow Magnitude,Debuffs you inflict have 5% 증가 Slow Magnitude,
tree_sd,54640:2,25% increased Physical Damage,25% 증가 물리 피해,
tree_sd,54675:1,10% increased Lightning Damage,10% 증가 번개 피해,
tree_sd,54676:1,10% increased Life Regeneration rate,10% 증가 생명력 재생 rate,
tree_sd,54678:1,15% increased chance to Shock,15% 증가 확률에 감전,
tree_sd,54701:1,16% increased Thorns damage,16% 증가 Thorns 피해,
tree_sd,54708:1,10% increased Mana Regeneration Rate,10% 증가 마나 재생 Rate,
tree_sd,54725:1,3% increased Curse Magnitudes,3% 증가 저주 Magnitudes,
tree_sd,54725:2,10% faster Curse Activation,10% faster 저주 Activation,
tree_sd,54746:1,6% increased chance to inflict Ailments,6% 증가 확률에 inflict 상태 이상,
tree_sd,54746:2,6% increased Magnitude of Damaging Ailments you inflict,6% 증가 Magnitude의 Damaging 상태 이상 you inflict,
tree_sd,54785:1,5% increased Block chance,5% 증가 막기 확률,
tree_sd,54805:1,30% increased Damage with Hits against Hindered Enemies,30% 증가 피해 보유 명중 against Hindered Enemies,
tree_sd,54805:2,Debuffs you inflict have 10% increased Slow Magnitude,Debuffs you inflict have 10% 증가 Slow Magnitude,
tree_sd,54811:1,+5 to any Attribute,+5에 any 능력치,
tree_sd,54814:1,30% increased Presence Area of Effect,30% 증가 Presence 범위의 효과,
tree_sd,54814:2,4% increased Spirit,4% 증가 정신력,
tree_sd,54818:1,+5 to any Attribute,+5에 any 능력치,
tree_sd,54838:1,Projectile Damage builds Pin,투사체 피해 builds Pin,
tree_sd,54838:2,Pinned enemies cannot perform actions,Pinned enemies cannot perform actions,
tree_sd,54883:1,7% increased Chaos Damage,7% 증가 카오스 피해,
tree_sd,54886:1,10% increased Stun Buildup,10% 증가 기절 누적,
tree_sd,54886:2,10% increased Damage with Two Handed Weapons,10% 증가 피해 보유 Two Handed Weapons,
tree_sd,54892:1,15% increased Armour and Evasion Rating,15% 증가 방어도 및 회피 Rating,
tree_sd,54911:1,80% increased Flammability Magnitude,80% 증가 Flammability Magnitude,
tree_sd,54911:2,Enemies Ignited by you have -5% to Fire Resistance,Enemies Ignited by you have -5%에 화염 저항,
tree_sd,54923:1,15% increased Glory generation,15% 증가 Glory generation,
tree_sd,54934:1,3% increased Fire Damage per Endurance Charge consumed Recently,3% 증가 화염 피해 per 인내 충전 consumed Recently,
tree_sd,54937:1,Gain 5 Rage when Hit by an Enemy,획득 5 격노 when 명중 by an Enemy,
tree_sd,54937:2,Every Rage also grants 1% increased Armour,Every 격노 also grants 1% 증가 방어도,
tree_sd,54962:1,15% increased Life Regeneration Rate while stationary,15% 증가 생명력 재생 Rate 동안 stationary,
tree_sd,54964:1,10% increased Damage,10% 증가 피해,
tree_sd,54964:2,Minions deal 10% increased Damage,소환수 deal 10% 증가 피해,
tree_sd,54975:1,Debuffs you inflict have 5% increased Slow Magnitude,Debuffs you inflict have 5% 증가 Slow Magnitude,
tree_sd,54982:1,+5% to Fire Resistance,+5%에 화염 저항,
tree_sd,54983:1,10% increased Critical Hit Chance for Attacks,10% 증가 치명타 확률 동안 공격,
tree_sd,54984:1,+5 to any Attribute,+5에 any 능력치,
tree_sd,54985:1,8% increased Bolt Speed,8% 증가 화살 속도,
tree_sd,54990:1,10% chance to inflict Bleeding on Hit,10% 확률에 inflict 출혈 시 명중,
tree_sd,54990:2,15% increased Magnitude of Bleeding you inflict,15% 증가 Magnitude의 출혈 you inflict,
tree_sd,54998:1,20% increased Skill Effect Duration,20% 증가 Skill 효과 지속시간,
tree_sd,54998:2,15% increased Duration of Damaging Ailments on Enemies,15% 증가 지속시간의 Damaging 상태 이상 시 Enemies,
tree_sd,54999:1,10% increased Stun Buildup,10% 증가 기절 누적,
tree_sd,54999:2,Ancestrally Boosted Attacks deal 16% increased Damage,Ancestrally Boosted 공격 deal 16% 증가 피해,
tree_sd,5501:1,15% increased Critical Hit Chance for Spells,15% 증가 치명타 확률 동안 Spells,
tree_sd,5501:2,15% increased Spell Damage if you've dealt a Critical Hit Recently,15% 증가 주문 피해 if you've dealt a 치명타 명중 Recently,
tree_sd,55033:1,10% of Damage taken Recouped as Life while Channelling,10%의 피해 taken Recouped as 생명력 동안 집중 유지,
tree_sd,55041:1,8% increased Spell Damage,8% 증가 주문 피해,
tree_sd,55041:2,5% reduced Projectile Speed for Spell Skills,5% 감소 투사체 속도 동안 주문 Skills,
tree_sd,55048:1,30% less Critical Damage Bonus when on Full Life,30% less 치명타 피해 보너스 when 시 Full 생명력,
tree_sd,55048:2,30% more Critical Damage Bonus when on Low Life,30% more 치명타 피해 보너스 when 시 Low 생명력,
tree_sd,55058:1,20% increased Melee Damage against Immobilised Enemies,20% 증가 근접 피해 against Immobilised Enemies,
tree_sd,55060:1,30% chance to Pierce an Enemy,30% 확률에 Pierce an Enemy,
tree_sd,55060:2,Projectiles have 10% chance to Chain an additional time from terrain,투사체 have 10% 확률에 연쇄 an 추가 time에서 terrain,
tree_sd,55063:1,15% increased amount of Life Leeched,15% 증가 amount의 생명력 Leeched,
tree_sd,55063:2,Leech Life 5% slower,흡수 생명력 5% slower,
tree_sd,55066:1,16% increased Attack Damage against Bleeding Enemies,16% 증가 공격 피해 against 출혈 Enemies,
tree_sd,55088:1,10% increased Critical Hit Chance,10% 증가 치명타 확률,
tree_sd,55101:1,10% increased Elemental Damage,10% 증가 원소 피해,
tree_sd,55104:1,10% increased Spell Damage,10% 증가 주문 피해,
tree_sd,55118:1,10% increased Charm Charges gained,10% 증가 참 충전 획득,
tree_sd,55131:1,3% increased Movement Speed,3% 증가 이동 속도,
tree_sd,55131:2,Immune to Hinder,Immune에 Hinder,
tree_sd,55131:3,Immune to Maim,Immune에 Maim,
tree_sd,55135:1,Inevitable Critical Hits,Inevitable 치명타,
tree_sd,55149:1,Gain 11% of Damage as Extra Chaos Damage,획득 11%의 피해 as Extra 카오스 피해,
tree_sd,55180:1,3% increased Movement Speed,3% 증가 이동 속도,
tree_sd,55180:2,Minions have 20% increased Movement Speed,소환수 have 20% 증가 이동 속도,
tree_sd,55180:3,Minions have 8% increased Attack and Cast Speed,소환수 have 8% 증가 공격 및 시전 속도,
tree_sd,55193:1,+2 to Evasion Rating per 1 Item Energy Shield on Equipped Helmet,+2에 회피 Rating per 1 Item 에너지 보호막 시 Equipped Helmet,
tree_sd,55227:1,10% increased amount of Mana Leeched,10% 증가 amount의 마나 Leeched,
tree_sd,55231:1,5% chance to inflict Bleeding on Hit,5% 확률에 inflict 출혈 시 명중,
tree_sd,55241:1,4% chance for Spell Skills to fire 2 additional Projectiles,4% 확률 동안 주문 Skills에 화염 2 추가 투사체,
tree_sd,55250:1,Damage Penetrates 6% Cold Resistance,피해 Penetrates 6% 냉기 저항,
tree_sd,55260:1,15% increased Freeze Threshold,15% 증가 동결 한계값,
tree_sd,55270:1,15% increased Pin Buildup,15% 증가 Pin 누적,
tree_sd,55275:1,15% increased Evasion Rating,15% 증가 회피 Rating,
tree_sd,55276:1,+5 to any Attribute,+5에 any 능력치,
tree_sd,55308:1,20% increased Projectile Damage,20% 증가 투사체 피해,
tree_sd,55308:2,20% increased chance to inflict Ailments with Projectiles,20% 증가 확률에 inflict 상태 이상 보유 투사체,
tree_sd,55329:1,15% increased Parried Debuff Duration,15% 증가 Parried Debuff 지속시간,
tree_sd,55342:1,+5 to any Attribute,+5에 any 능력치,
tree_sd,55375:1,Minions have 15% increased maximum Life,소환수 have 15% 증가 최대 생명력,
tree_sd,55375:2,"5% increased Life and Mana Regeneration Rate for each Minion in your Presence, up to a maximum of 40%","5% 증가 생명력 및 마나 재생 Rate 동안 each 소환수 in your Presence, up에 a 최대의 40%",
tree_sd,55377:1,4% increased Area of Effect for Attacks,4% 증가 범위의 효과 동안 공격,
tree_sd,55377:2,5% Chance to build an additional Combo on Hit,5% 확률에 build an 추가 Combo 시 명중,
tree_sd,55397:1,15% increased Flask Charges gained,15% 증가 플라스크 충전 획득,
tree_sd,55400:1,Damage Penetrates 6% Lightning Resistance,피해 Penetrates 6% 번개 저항,
tree_sd,55405:1,15% increased Damage if you have Consumed a Corpse Recently,15% 증가 피해 if you have Consumed a Corpse Recently,
tree_sd,55412:1,8% reduced Slowing Potency of Debuffs on You,8% 감소 Slowing Potency의 Debuffs 시 You,
tree_sd,55420:1,6% increased Curse Magnitudes,6% 증가 저주 Magnitudes,
tree_sd,55422:1,12% increased Physical Damage,12% 증가 물리 피해,
tree_sd,55429:1,10% increased Projectile Damage,10% 증가 투사체 피해,
tree_sd,5544:1,30% increased Thorns Critical Damage Bonus,30% 증가 Thorns 치명타 피해 보너스,
tree_sd,55450:1,Companions in your Presence have Onslaught while you are Shapeshifted,Companions in your Presence have Onslaught 동안 you are Shapeshifted,
tree_sd,55463:1,15% increased chance to Shock,15% 증가 확률에 감전,
tree_sd,55473:1,8% increased Melee Damage,8% 증가 근접 피해,
tree_sd,55478:1,6% increased Attack Area Damage,6% 증가 공격 범위 피해,
tree_sd,55478:2,4% increased Area of Effect for Attacks,4% 증가 범위의 효과 동안 공격,
tree_sd,55507:1,10% increased Elemental Damage,10% 증가 원소 피해,
tree_sd,55554:1,15% increased chance to Shock,15% 증가 확률에 감전,
tree_sd,55568:1,16% reduced Skill Effect Duration,16% 감소 Skill 효과 지속시간,
tree_sd,55568:2,10% increased Cooldown Recovery Rate,10% 증가 Cooldown Recovery Rate,
tree_sd,55572:1,10% increased Fire Damage,10% 증가 화염 피해,
tree_sd,55572:2,10% increased Cold Damage,10% 증가 냉기 피해,
tree_sd,55575:1,Gain 3% of Physical Damage as extra Chaos Damage,획득 3%의 물리 피해 as extra 카오스 피해,
tree_sd,55582:1,+2% to Quality of all Skills,+2%에 Quality의 모든 Skills,
tree_sd,55596:1,15% increased Critical Damage Bonus,15% 증가 치명타 피해 보너스,
tree_sd,55598:1,15% increased Elemental Ailment Threshold,15% 증가 원소 상태 이상 한계값,
tree_sd,55611:1,12% increased Elemental Damage,12% 증가 원소 피해,
tree_sd,55617:1,20% increased Armour while Surrounded,20% 증가 방어도 동안 포위,
tree_sd,55617:2,20% increased Evasion Rating while Surrounded,20% 증가 회피 Rating 동안 포위,
tree_sd,55621:1,10% increased Critical Hit Chance,10% 증가 치명타 확률,
tree_sd,55635:1,Companions deal 12% increased Damage,Companions deal 12% 증가 피해,
tree_sd,55635:2,10% increased Damage while your Companion is in your Presence,10% 증가 피해 동안 your 동료 is in your Presence,
tree_sd,5563:1,15% increased Life and Mana Recovery from Flasks,15% 증가 생명력 및 마나 Recovery에서 Flasks,
tree_sd,5564:1,15% increased Electrocute Buildup,15% 증가 Electrocute 누적,
tree_sd,55664:1,10% increased Presence Area of Effect,10% 증가 Presence 범위의 효과,
tree_sd,55664:2,Companions have 10% increased Area of Effect,Companions have 10% 증가 범위의 효과,
tree_sd,55668:1,+5 to any Attribute,+5에 any 능력치,
tree_sd,55672:1,10% increased Accuracy Rating while Shapeshifted,10% 증가 정확도 Rating 동안 Shapeshifted,
tree_sd,55680:1,3% increased Attack Speed with Spears,3% 증가 공격 속도 보유 Spears,
tree_sd,55700:1,+3 to all Attributes,+3에 모든 능력치,
tree_sd,55708:1,Damage Penetrates 18% Lightning Resistance,피해 Penetrates 18% 번개 저항,
tree_sd,55708:2,Gain 6% of Elemental Damage as Extra Lightning Damage,획득 6%의 원소 피해 as Extra 번개 피해,
tree_sd,5571:1,Walk the Paths Not Taken,Walk the Paths Not Taken,
tree_sd,55724:1,20% chance for Attack Hits to apply Incision,20% 확률 동안 공격 명중에 apply Incision,
tree_sd,55746:1,Gain 1 Rage on Melee Hit,획득 1 격노 시 근접 명중,
tree_sd,55789:1,15% increased Critical Damage Bonus,15% 증가 치명타 피해 보너스,
tree_sd,55796:1,Reveal Weaknesses against Rare and Unique enemies,Reveal Weaknesses against Rare 및 Unique enemies,
tree_sd,55796:2,50% more damage against enemies with an Open Weakness,50% more 피해 against enemies 보유 an Open Weakness,
tree_sd,55802:1,+5 to any Attribute,+5에 any 능력치,
tree_sd,55807:1,10% increased Mana Regeneration Rate,10% 증가 마나 재생 Rate,
tree_sd,5580:1,Recoup 5% of damage taken by your Totems as Life,회생 5%의 피해 taken by your Totems as 생명력,
tree_sd,5580:2,Each Totem applies 2% increased Damage taken to Enemies in their Presence,Each 토템 applies 2% 증가 피해 taken에 Enemies in their Presence,
tree_sd,55817:1,30% increased Exposure Effect,30% 증가 Exposure 효과,
tree_sd,55829:1,6% increased Area of Effect for Attacks,6% 증가 범위의 효과 동안 공격,
tree_sd,55835:1,Damage Penetrates 18% Cold Resistance,피해 Penetrates 18% 냉기 저항,
tree_sd,55835:2,20% increased chance to inflict Ailments against Enemies with Exposure,20% 증가 확률에 inflict 상태 이상 against Enemies 보유 Exposure,
tree_sd,55846:1,Gain 5 Life per enemy killed,획득 5 생명력 per enemy killed,
tree_sd,55847:1,200% increased Ice Crystal Life,200% 증가 Ice Crystal 생명력,
tree_sd,55872:1,Offering Skills have 15% increased Buff effect,공물 Skills have 15% 증가 Buff 효과,
tree_sd,55888:1,12% increased Armour,12% 증가 방어도,
tree_sd,55888:2,12% increased maximum Energy Shield,12% 증가 최대 에너지 보호막,
tree_sd,55897:1,20% increased Mana Regeneration Rate while Shapeshifted,20% 증가 마나 재생 Rate 동안 Shapeshifted,
tree_sd,558:1,12% increased Fire Damage,12% 증가 화염 피해,
tree_sd,55909:1,12% increased Spell Damage if you have consumed an Elemental Infusion Recently,12% 증가 주문 피해 if you have consumed an 원소 Infusion Recently,
tree_sd,55925:1,+3 to maximum Rage while Shapeshifted,+3에 최대 격노 동안 Shapeshifted,
tree_sd,55930:1,15% increased Glory generation,15% 증가 Glory generation,
tree_sd,55931:1,+15% of Armour also applies to Fire Damage,+15%의 방어도 also applies에 화염 피해,
tree_sd,55933:1,+5 to any Attribute,+5에 any 능력치,
tree_sd,55938:1,10% increased effect of Archon Buffs on you,10% 증가 효과의 Archon Buffs 시 you,
tree_sd,55947:1,10% increased Critical Hit Chance for Spells,10% 증가 치명타 확률 동안 Spells,
tree_sd,5594:1,20% increased duration of Ailments you inflict against Cursed Enemies,20% 증가 지속시간의 상태 이상 you inflict against Cursed Enemies,
tree_sd,55995:1,20% increased Frenzy Charge Duration,20% 증가 격분 충전 지속시간,
tree_sd,55:1,Damaging Ailments deal damage 12% faster,Damaging 상태 이상 deal 피해 12% faster,
tree_sd,56016:1,Projectiles Pierce enemies with Fully Broken Armour,투사체 Pierce enemies 보유 Fully Broken 방어도,
tree_sd,56045:1,+5 to any Attribute,+5에 any 능력치,
tree_sd,56061:1,14% increased Damage with Hits against Burning Enemies,14% 증가 피해 보유 명중 against Burning Enemies,
tree_sd,56063:1,23% increased Chaos Damage,23% 증가 카오스 피해,
tree_sd,56063:2,15% increased Skill Effect Duration,15% 증가 Skill 효과 지속시간,
tree_sd,56090:1,12% increased Spell Damage,12% 증가 주문 피해,
tree_sd,56090:2,8% chance to Poison on Hit,8% 확률에 독 시 명중,
tree_sd,56104:1,Break 20% increased Armour,파괴 20% 증가 방어도,
tree_sd,56112:1,Remove Ignite when you Warcry,Remove 점화 when you Warcry,
tree_sd,56118:1,30% increased Damage with Hits against Enemies that are on Low Life,30% 증가 피해 보유 명중 against Enemies that are 시 Low 생명력,
tree_sd,56162:1,"25% of Life Loss from Hits is prevented, then that much Life is lost over 4 seconds instead","25%의 생명력 Loss에서 명중 is prevented, then that much 생명력 is lost over 4 seconds instead",
tree_sd,56174:1,30% increased Armour while stationary,30% 증가 방어도 동안 stationary,
tree_sd,56214:1,8% increased Ignite Duration on Enemies,8% 증가 점화 지속시간 시 Enemies,
tree_sd,56216:1,+5 to any Attribute,+5에 any 능력치,
tree_sd,56219:1,Inherent loss of Rage is 15% slower,Inherent loss의 격노 is 15% slower,
tree_sd,56237:1,12% increased Spell Damage for each different Non-Instant Attack you've used in the past 8 seconds,12% 증가 주문 피해 동안 each different Non-Instant 공격 you've used in the past 8 seconds,
tree_sd,56265:1,60% increased Critical Damage Bonus,60% 증가 치명타 피해 보너스,
tree_sd,56265:2,20% reduced Critical Hit Chance,20% 감소 치명타 확률,
tree_sd,56284:1,Minions have 5% increased Attack and Cast Speed,소환수 have 5% 증가 공격 및 시전 속도,
tree_sd,56325:1,10% increased Evasion Rating,10% 증가 회피 Rating,
tree_sd,56325:2,2% reduced Movement Speed Penalty from using Skills while moving,2% 감소 이동 속도 Penalty에서 using Skills 동안 moving,
tree_sd,56330:1,10% chance to inflict Bleeding on Critical Hit with Attacks,10% 확률에 inflict 출혈 시 치명타 명중 보유 공격,
tree_sd,56331:1,Remnants have 50% increased effect,Remnants have 50% 증가 효과,
tree_sd,56331:2,Remnants can be collected from 50% further away,Remnants can be collected에서 50% further away,
tree_sd,56331:3,All Flames of Chayula that you manifest are Red,모든 화염의 Chayula that you manifest are Red,
tree_sd,56334:1,Meta Skills gain 4% increased Energy,Meta Skills 획득 4% 증가 에너지,
tree_sd,56334:2,5% increased Critical Hit Chance,5% 증가 치명타 확률,
tree_sd,56336:1,3% increased Curse Magnitudes,3% 증가 저주 Magnitudes,
tree_sd,56336:2,10% faster Curse Activation,10% faster 저주 Activation,
tree_sd,56342:1,Gain 2 Rage when Hit by an Enemy,획득 2 격노 when 명중 by an Enemy,
tree_sd,56349:1,Maximum Life is 1,최대 생명력 is 1,
tree_sd,56349:2,Immune to Chaos Damage and Bleeding,Immune에 카오스 피해 및 출혈,
tree_sd,56360:1,20% increased Power Charge Duration,20% 증가 권능 충전 지속시간,
tree_sd,56366:1,5% increased Attack Speed with Daggers,5% 증가 공격 속도 보유 Daggers,
tree_sd,56366:2,15% increased Critical Hit Chance with Daggers,15% 증가 치명타 확률 보유 Daggers,
tree_sd,56368:1,15% increased Life Regeneration rate while Shapeshifted,15% 증가 생명력 재생 rate 동안 Shapeshifted,
tree_sd,56388:1,+1 to maximum number of placed Banners,+1에 최대 number의 placed Banners,
tree_sd,56409:1,24% increased Flammability Magnitude,24% 증가 Flammability Magnitude,
tree_sd,56409:2,12% increased Freeze Buildup,12% 증가 동결 누적,
tree_sd,56409:3,12% increased chance to Shock,12% 증가 확률에 감전,
tree_sd,5642:1,3% increased maximum Life,3% 증가 최대 생명력,
tree_sd,5642:2,8% increased Area of Effect for Attacks,8% 증가 범위의 효과 동안 공격,
tree_sd,5642:3,5% chance for Slam Skills you use yourself to cause an additional Aftershock,5% 확률 동안 강타 Skills you 사용 yourself에 cause an 추가 여진,
tree_sd,56453:1,40% increased Attack Damage while on Full Life,40% 증가 공격 피해 동안 시 Full 생명력,
tree_sd,56453:2,60% increased Attack Damage while on Low Life,60% 증가 공격 피해 동안 시 Low 생명력,
tree_sd,56466:1,Spells Gain 12% of Damage as extra Chaos Damage,Spells 획득 12%의 피해 as extra 카오스 피해,
tree_sd,56488:1,10% increased Deflection Rating,10% 증가 Deflection Rating,
tree_sd,56493:1,6% increased Attack Speed,6% 증가 공격 속도,
tree_sd,56493:2,30% increased Evasion Rating if you have Hit an Enemy Recently,30% 증가 회피 Rating if you have 명중 an Enemy Recently,
tree_sd,56505:1,20% increased Immobilisation buildup,20% 증가 Immobilisation 누적,
tree_sd,56547:1,12% increased Damage with Plant Skills,12% 증가 피해 보유 Plant Skills,
tree_sd,56564:1,15% increased Energy Shield Recharge Rate,15% 증가 에너지 보호막 재충전 Rate,
tree_sd,56567:1,8% increased Accuracy Rating,8% 증가 정확도 Rating,
tree_sd,56605:1,Dodge Roll cannot Avoid Damage,Dodge Roll cannot Avoid 피해,
tree_sd,56605:2,Take 30% less Damage from Hits while Dodge Rolling,Take 30% less 피해에서 명중 동안 Dodge Rolling,
tree_sd,56616:1,Regenerate 1.5% of maximum Life per second while on Low Life,Regenerate 1.5%의 최대 생명력 per second 동안 시 Low 생명력,
tree_sd,56616:2,40% increased Life Recovery from Flasks used when on Low Life,40% 증가 생명력 Recovery에서 Flasks used when 시 Low 생명력,
tree_sd,56618:1,Grants Skill: Fulminating Concoction,Grants Skill: Fulminating 혼합물,
tree_sd,56638:1,25% increased Stun Threshold if you haven't been Stunned Recently,25% 증가 기절 한계값 if you haven't been Stunned Recently,
tree_sd,5663:1,+2 to Maximum Endurance Charges,+2에 최대 인내 충전,
tree_sd,56640:1,15% increased Critical Spell Damage Bonus,15% 증가 치명타 주문 피해 보너스,
tree_sd,56649:1,Damage Penetrates 6% Cold Resistance,피해 Penetrates 6% 냉기 저항,
tree_sd,56651:1,10% increased Projectile Damage,10% 증가 투사체 피해,
tree_sd,56703:1,3% increased Cast Speed,3% 증가 시전 속도,
tree_sd,56714:1,15% increased Projectile Speed,15% 증가 투사체 속도,
tree_sd,56714:2,20% increased Physical Damage,20% 증가 물리 피해,
tree_sd,56729:1,+3 to all Attributes,+3에 모든 능력치,
tree_sd,56757:1,20% increased Totem Placement speed,20% 증가 토템 Placement 속도,
tree_sd,56761:1,8% increased Melee Damage,8% 증가 근접 피해,
tree_sd,56762:1,3% increased Cast Speed,3% 증가 시전 속도,
tree_sd,56767:1,5% chance to Daze on Hit,5% 확률에 Daze 시 명중,
tree_sd,56767:2,Gain 12% of Physical Damage as Extra Lightning Damage against Dazed Enemies,획득 12%의 물리 피해 as Extra 번개 피해 against Dazed Enemies,
tree_sd,56776:1,60% increased Critical Damage Bonus,60% 증가 치명타 피해 보너스,
tree_sd,56776:2,25% reduced Defences,25% 감소 Defences,
tree_sd,56783:1,8% increased Area of Effect,8% 증가 범위의 효과,
tree_sd,56806:1,12% increased Block chance,12% 증가 막기 확률,
tree_sd,56806:2,1% increased Movement Speed for each time you've Blocked in the past 10 seconds,1% 증가 이동 속도 동안 each time you've Blocked in the past 10 seconds,
tree_sd,56818:1,12% increased Elemental Damage with Attacks,12% 증가 원소 피해 보유 공격,
tree_sd,56838:1,12% increased Evasion Rating,12% 증가 회피 Rating,
tree_sd,56838:2,12% increased maximum Energy Shield,12% 증가 최대 에너지 보호막,
tree_sd,56841:1,20% increased Frenzy Charge Duration,20% 증가 격분 충전 지속시간,
tree_sd,56842:1,18% increased Stun Buildup,18% 증가 기절 누적,
tree_sd,56844:1,15% increased Archon Buff duration,15% 증가 Archon Buff 지속시간,
tree_sd,56847:1,12% increased Damage while affected by a Herald,12% 증가 피해 동안 affected by a Herald,
tree_sd,56857:1,60% of your current Energy Shield is added to your Armour for,60%의 your current 에너지 보호막 is added에 your 방어도 for,
tree_sd,56857:2,determining your Physical Damage Reduction from Armour,determining your 물리 피해 Reduction에서 방어도,
tree_sd,56860:1,30% increased Parry Range,30% 증가 Parry Range,
tree_sd,56860:2,Your Heavy Stun buildup empties 50% faster if you've successfully Parried Recently,Your Heavy 기절 누적 empties 50% faster if you've successfully Parried Recently,
tree_sd,5686:1,30% reduced Effect of Chill on you,30% 감소 효과의 냉각 시 you,
tree_sd,5686:2,30% increased Freeze Threshold,30% 증가 동결 한계값,
tree_sd,5686:3,+30% of Armour also applies to Cold Damage,+30%의 방어도 also applies에 냉기 피해,
tree_sd,56876:1,20% increased maximum Energy Shield if you've consumed a Power Charge Recently,20% 증가 최대 에너지 보호막 if you've consumed a 권능 충전 Recently,
tree_sd,56890:1,Shapeshift Skills have 30% increased Skill Effect Duration,Shapeshift Skills have 30% 증가 Skill 효과 지속시간,
tree_sd,56893:1,20% chance for Charms you use to not consume Charges,20% 확률 동안 Charms you 사용에 not consume 충전,
tree_sd,56893:2,Recover 5% of maximum Mana when a Charm is used,Recover 5%의 최대 마나 when a 참 is used,
tree_sd,56897:1,10% increased Ballista Critical Damage Bonus,10% 증가 Ballista 치명타 피해 보너스,
tree_sd,56910:1,Hits against you have 20% reduced Critical Damage Bonus,명중 against you have 20% 감소 치명타 피해 보너스,
tree_sd,56910:2,20% increased Armour and Evasion Rating,20% 증가 방어도 및 회피 Rating,
tree_sd,56910:3,+5 to Strength and Dexterity,+5에 Strength 및 Dexterity,
tree_sd,56914:1,Damage Penetrates 6% Lightning Resistance,피해 Penetrates 6% 번개 저항,
tree_sd,56928:1,5% increased Flask Effect Duration,5% 증가 플라스크 효과 지속시간,
tree_sd,56928:2,2% increased Attack Speed,2% 증가 공격 속도,
tree_sd,5692:1,12% increased Magnitude of Chill you inflict,12% 증가 Magnitude의 냉각 you inflict,
tree_sd,56933:1,Every 2 Rage also grants 1% more Spell damage,Every 2 격노 also grants 1% more 주문 피해,
tree_sd,56935:1,+5 to any Attribute,+5에 any 능력치,
tree_sd,56956:1,Minions have 8% increased maximum Life,소환수 have 8% 증가 최대 생명력,
tree_sd,56956:2,Minions have +7% to Chaos Resistance,소환수 have +7%에 카오스 저항,
tree_sd,5695:1,15% increased Archon Buff duration,15% 증가 Archon Buff 지속시간,
tree_sd,56978:1,+5 to any Attribute,+5에 any 능력치,
tree_sd,56988:1,+1% to Maximum Lightning Resistance,+1%에 최대 번개 저항,
tree_sd,56988:2,50% reduced effect of Shock on you,50% 감소 효과의 감전 시 you,
tree_sd,56996:1,16% increased Totem Life,16% 증가 토템 생명력,
tree_sd,56997:1,Hits that Heavy Stun Enemies have Culling Strike,명중 that Heavy 기절 Enemies have Culling Strike,
tree_sd,56999:1,15% increased Critical Hit Chance for Attacks,15% 증가 치명타 확률 동안 공격,
tree_sd,56999:2,15% increased Accuracy Rating,15% 증가 정확도 Rating,
tree_sd,57002:1,Gain Physical Thorns damage equal to 8% of maximum Life while Shapeshifted,획득 물리 Thorns 피해 equal에 8%의 최대 생명력 동안 Shapeshifted,
tree_sd,57021:1,Minions have 8% increased Area of Effect,소환수 have 8% 증가 범위의 효과,
tree_sd,5702:1,+5 to any Attribute,+5에 any 능력치,
tree_sd,57039:1,5% increased Cooldown Recovery Rate,5% 증가 Cooldown Recovery Rate,
tree_sd,5703:1,30% increased Elemental Damage if you've Shocked an Enemy Recently,30% 증가 원소 피해 if you've Shocked an Enemy Recently,
tree_sd,57047:1,7% increased Attributes,7% 증가 능력치,
tree_sd,5704:1,2% increased Attack Speed,2% 증가 공격 속도,
tree_sd,5704:2,5% increased Accuracy Rating,5% 증가 정확도 Rating,
tree_sd,57069:1,5% increased Lightning Damage,5% 증가 번개 피해,
tree_sd,57069:2,+3% to Lightning Resistance,+3%에 번개 저항,
tree_sd,57079:1,Temporary Minion Skills have +2 to Limit of Minions summoned,Temporary 소환수 Skills have +2에 Limit의 소환수 summoned,
tree_sd,57088:1,Damage Penetrates 6% Cold Resistance,피해 Penetrates 6% 냉기 저항,
tree_sd,57089:1,Companions have 12% increased maximum Life,Companions have 12% 증가 최대 생명력,
tree_sd,57089:2,10% increased Defences while your Companion is in your Presence,10% 증가 Defences 동안 your 동료 is in your Presence,
tree_sd,5710:1,10% increased Stun Buildup,10% 증가 기절 누적,
tree_sd,5710:2,16% increased Melee Damage,16% 증가 근접 피해,
tree_sd,5710:3,+10 to Strength,+10에 Strength,
tree_sd,57110:1,+20 to maximum Life,+20에 최대 생명력,
tree_sd,57110:2,8% of Damage taken Recouped as Life,8%의 피해 taken Recouped as 생명력,
tree_sd,57178:1,10% increased Critical Hit Chance for Spells,10% 증가 치명타 확률 동안 Spells,
tree_sd,57178:2,15% increased Magnitude of Damaging Ailments you inflict with Critical Hits,15% 증가 Magnitude의 Damaging 상태 이상 you inflict 보유 치명타,
tree_sd,57181:1,12% increased Critical Hit Chance,12% 증가 치명타 확률,
tree_sd,57190:1,Herald Skills have 25% increased Area of Effect,Herald Skills have 25% 증가 범위의 효과,
tree_sd,57190:2,Herald Skills deal 30% increased Damage,Herald Skills deal 30% 증가 피해,
tree_sd,57196:1,3% increased Attack Speed,3% 증가 공격 속도,
tree_sd,57202:1,17% increased Stun Threshold,17% 증가 기절 한계값,
tree_sd,57204:1,25% increased Critical Hit Chance,25% 증가 치명타 확률,
tree_sd,57227:1,10% increased Critical Hit Chance for Attacks,10% 증가 치명타 확률 동안 공격,
tree_sd,57230:1,10% increased Physical Damage,10% 증가 물리 피해,
tree_sd,57253:1,Can Allocate Passives from the Warrior's starting point,Can Allocate Passives에서 the Warrior's starting point,
tree_sd,57253:2,Grants 4 Passive Skill Point,Grants 4 Passive Skill Point,
tree_sd,57273:1,12% increased Damage while Shapeshifted,12% 증가 피해 동안 Shapeshifted,
tree_sd,5728:1,60% increased Armour from Equipped Body Armour,60% 증가 방어도에서 Equipped Body 방어도,
tree_sd,5728:2,60% increased Energy Shield from Equipped Body Armour,60% 증가 에너지 보호막에서 Equipped Body 방어도,
tree_sd,57373:1,30% increased Flammability Magnitude,30% 증가 Flammability Magnitude,
tree_sd,57379:1,40% increased Melee Damage with Hits at Close Range,40% 증가 근접 피해 보유 명중 at Close Range,
tree_sd,57386:1,17% increased Elemental Ailment Threshold,17% 증가 원소 상태 이상 한계값,
tree_sd,57388:1,15% increased Critical Hit Chance for Attacks,15% 증가 치명타 확률 동안 공격,
tree_sd,57388:2,20% increased Critical Damage Bonus for Attack Damage,20% 증가 치명타 피해 보너스 동안 공격 피해,
tree_sd,57388:3,20% more Stun Buildup with Critical Hits,20% more 기절 누적 보유 치명타,
tree_sd,57405:1,10% increased Attack Area Damage,10% 증가 공격 범위 피해,
tree_sd,5740:1,20% increased Presence Area of Effect,20% 증가 Presence 범위의 효과,
tree_sd,57462:1,8% increased Projectile Speed,8% 증가 투사체 속도,
tree_sd,57471:1,Recover 20 Life when you Block,Recover 20 생명력 when you 막기,
tree_sd,57471:2,+2% to maximum Block chance,+2%에 최대 막기 확률,
tree_sd,57471:3,80% less Knockback Distance for Blocked Hits,80% less Knockback Distance 동안 Blocked 명중,
tree_sd,57513:1,Converts all Energy Shield to Mana,Converts 모든 에너지 보호막에 마나,
tree_sd,57513:2,Doubles Mana Costs,Doubles 마나 Costs,
tree_sd,57517:1,15% increased Magnitude of Bleeding you inflict against Enemies affected by Incision,15% 증가 Magnitude의 출혈 you inflict against Enemies affected by Incision,
tree_sd,57518:1,20% increased Parry Damage,20% 증가 Parry 피해,
tree_sd,57552:1,10% increased Damage with One Handed Weapons,10% 증가 피해 보유 One Handed Weapons,
tree_sd,57555:1,15% chance to Impale on Spell Hit,15% 확률에 Impale 시 주문 명중,
tree_sd,57571:1,30% increased Flammability Magnitude,30% 증가 Flammability Magnitude,
tree_sd,57596:1,8% of Skill Mana Costs Converted to Life Costs,8%의 Skill 마나 Costs Converted에 생명력 Costs,
tree_sd,57608:1,12% increased Physical Damage while Shapeshifted,12% 증가 물리 피해 동안 Shapeshifted,
tree_sd,57615:1,+8% Surpassing chance to fire an additional Arrow,+8% Surpassing 확률에 화염 an 추가 화살,
tree_sd,57616:1,Banner Skills have 20% increased Duration,깃발 Skills have 20% 증가 지속시간,
tree_sd,57617:1,30% increased Attack Damage if you have Shapeshifted to an Animal form Recently,30% 증가 공격 피해 if you have Shapeshifted에 an Animal form Recently,
tree_sd,57626:1,10% increased Fire Damage,10% 증가 화염 피해,
tree_sd,57626:2,10% increased Cold Damage,10% 증가 냉기 피해,
tree_sd,5766:1,12% increased Spell Damage while wielding a Melee Weapon,12% 증가 주문 피해 동안 wielding a 근접 무기,
tree_sd,57683:1,3% of Damage taken Recouped as Life,3%의 피해 taken Recouped as 생명력,
tree_sd,57703:1,+5 to any Attribute,+5에 any 능력치,
tree_sd,57710:1,+5 to any Attribute,+5에 any 능력치,
tree_sd,57724:1,7% increased Chaos Damage,7% 증가 카오스 피해,
tree_sd,57774:1,3% increased Attack Speed while Dual Wielding,3% 증가 공격 속도 동안 Dual Wielding,
tree_sd,57776:1,10% increased maximum Energy Shield,10% 증가 최대 에너지 보호막,
tree_sd,57776:2,6% increased Mana Regeneration Rate,6% 증가 마나 재생 Rate,
tree_sd,5777:1,Minions deal 15% increased Damage,소환수 deal 15% 증가 피해,
tree_sd,5777:2,Minions have 20% increased Critical Hit Chance,소환수 have 20% 증가 치명타 확률,
tree_sd,57785:1,25% increased Ballista Critical Damage Bonus,25% 증가 Ballista 치명타 피해 보너스,
tree_sd,57785:2,20% increased Ballista Critical Hit Chance,20% 증가 Ballista 치명타 확률,
tree_sd,57791:1,6% increased Spell Damage,6% 증가 주문 피해,
tree_sd,57791:2,2% increased Cast Speed,2% 증가 시전 속도,
tree_sd,57805:1,20% increased Knockback Distance,20% 증가 Knockback Distance,
tree_sd,57805:2,20% chance to Knock Enemies Back with Hits at Close Range,20% 확률에 Knock Enemies Back 보유 명중 at Close Range,
tree_sd,57810:1,15% increased chance to Shock,15% 증가 확률에 감전,
tree_sd,57816:1,+8 to Dexterity,+8에 Dexterity,
tree_sd,57819:1,Skills deal 20% increased Damage per Connected Red Support Gem,Skills deal 20% 증가 피해 per Connected Red 보조 젬,
tree_sd,57819:2,Skills have 6% increased Skill Speed per Connected Green Support Gem,Skills have 6% 증가 Skill 속도 per Connected Green 보조 젬,
tree_sd,57819:3,Skills have 20% increased Critical Hit Chance per Connected Blue Support Gem,Skills have 20% 증가 치명타 확률 per Connected Blue 보조 젬,
tree_sd,57821:1,+5 to any Attribute,+5에 any 능력치,
tree_sd,57832:1,10% increased Ignite Magnitude,10% 증가 점화 Magnitude,
tree_sd,57846:1,15% increased Stun Buildup,15% 증가 기절 누적,
tree_sd,57863:1,Detonator skills have 8% increased Area of Effect,Detonator skills have 8% 증가 범위의 효과,
tree_sd,57880:1,12% increased Damage with Axes,12% 증가 피해 보유 Axes,
tree_sd,57921:1,30% increased Critical Hit Chance if you have Shapeshifted to an Animal form Recently,30% 증가 치명타 확률 if you have Shapeshifted에 an Animal form Recently,
tree_sd,57933:1,Companions deal 12% increased Damage,Companions deal 12% 증가 피해,
tree_sd,57945:1,10% increased Life Recovery from Flasks,10% 증가 생명력 Recovery에서 Flasks,
tree_sd,57959:1,Modifiers to Fire Resistance also grant Cold and Lightning Resistance at 50% of their value,Modifiers에 화염 저항 also grant 냉기 및 번개 저항 at 50%의 their value,
tree_sd,57967:1,+30 to maximum Mana,+30에 최대 마나,
tree_sd,57967:2,14% increased Mana Regeneration Rate,14% 증가 마나 재생 Rate,
tree_sd,57970:1,20% increased Frenzy Charge Duration,20% 증가 격분 충전 지속시간,
tree_sd,5797:1,8% increased Cold Damage,8% 증가 냉기 피해,
tree_sd,5797:2,8% increased Freeze Buildup,8% 증가 동결 누적,
tree_sd,58002:1,10% increased Physical Damage,10% 증가 물리 피해,
tree_sd,5800:1,5% increased Attack Damage,5% 증가 공격 피해,
tree_sd,5800:2,6% increased Accuracy Rating,6% 증가 정확도 Rating,
tree_sd,58013:1,10% increased Projectile Damage,10% 증가 투사체 피해,
tree_sd,58016:1,+5% to all Elemental Resistances,+5%에 모든 원소 저항,
tree_sd,58016:2,30% increased Elemental Damage,30% 증가 원소 피해,
tree_sd,58022:1,11% increased Chaos Damage,11% 증가 카오스 피해,
tree_sd,5802:1,Projectiles have 40% increased Critical Damage Bonus against Enemies within 2m,투사체 have 40% 증가 치명타 피해 보너스 against Enemies within 2m,
tree_sd,5802:2,Projectiles deal 25% increased Damage with Hits against Enemies within 2m,투사체 deal 25% 증가 피해 보유 명중 against Enemies within 2m,
tree_sd,58038:1,25% increased Attack Damage while Surrounded,25% 증가 공격 피해 동안 포위,
tree_sd,58088:1,4% increased Block chance,4% 증가 막기 확률,
tree_sd,58088:2,5% reduced Movement Speed Penalty while Actively Blocking,5% 감소 이동 속도 Penalty 동안 Actively Blocking,
tree_sd,58090:1,3% of Damage taken Recouped as Life,3%의 피해 taken Recouped as 생명력,
tree_sd,58096:1,20% increased Spell Damage,20% 증가 주문 피해,
tree_sd,58096:2,15% increased Skill Effect Duration,15% 증가 Skill 효과 지속시간,
tree_sd,58109:1,+5 to any Attribute,+5에 any 능력치,
tree_sd,58115:1,Recover 1% of maximum Mana on Kill,Recover 1%의 최대 마나 시 Kill,
tree_sd,58117:1,15% increased Totem Damage,15% 증가 토템 피해,
tree_sd,58125:1,25% increased Defences from Equipped Shield,25% 증가 Defences에서 Equipped 방패,
tree_sd,58149:1,10% increased Life Recovery rate,10% 증가 생명력 Recovery rate,
tree_sd,58157:1,20% increased Stun Recovery,20% 증가 기절 Recovery,
tree_sd,58170:1,10% increased Spell Damage,10% 증가 주문 피해,
tree_sd,5817:1,Grants Skill: Mirage Deadeye,Grants Skill: Mirage Deadeye,
tree_sd,58182:1,Gain 3 Life per enemy killed,획득 3 생명력 per enemy killed,
tree_sd,58183:1,15% increased Magnitude of Bleeding you inflict,15% 증가 Magnitude의 출혈 you inflict,
tree_sd,58183:2,25% increased Physical Damage,25% 증가 물리 피해,
tree_sd,58197:1,Gain 18% of Physical Damage as Extra Lightning Damage,획득 18%의 물리 피해 as Extra 번개 피해,
tree_sd,58198:1,20% increased Critical Damage Bonus if you've consumed a Power Charge Recently,20% 증가 치명타 피해 보너스 if you've consumed a 권능 충전 Recently,
tree_sd,58198:2,Recover 5% of maximum Mana when you consume a Power Charge,Recover 5%의 최대 마나 when you consume a 권능 충전,
tree_sd,58215:1,Regenerate 1% of maximum Life per second,Regenerate 1%의 최대 생명력 per second,
tree_sd,58215:2,Arcane Surge grants more Life Regeneration Rate instead of Mana Regeneration Rate,Arcane Surge grants more 생명력 재생 Rate instead의 마나 재생 Rate,
tree_sd,58295:1,+5 to any Attribute,+5에 any 능력치,
tree_sd,58312:1,5% increased Culling Strike Threshold,5% 증가 Culling Strike 한계값,
tree_sd,58329:1,+5 to any Attribute,+5에 any 능력치,
tree_sd,58362:1,20% increased Flammability Magnitude,20% 증가 Flammability Magnitude,
tree_sd,58362:2,10% increased Freeze Buildup,10% 증가 동결 누적,
tree_sd,58362:3,10% increased chance to Shock,10% 증가 확률에 감전,
tree_sd,58363:1,10% increased effect of Archon Buffs on you,10% 증가 효과의 Archon Buffs 시 you,
tree_sd,58368:1,Minions have 12% increased maximum Life,소환수 have 12% 증가 최대 생명력,
tree_sd,58379:1,Grants Skill: Acidic Concoction,Grants Skill: Acidic 혼합물,
tree_sd,58387:1,7% increased Chaos Damage,7% 증가 카오스 피해,
tree_sd,58388:1,10% increased Life Recovery from Flasks,10% 증가 생명력 Recovery에서 Flasks,
tree_sd,58397:1,+25 to Dexterity,+25에 Dexterity,
tree_sd,58416:1,10% increased Projectile Speed,10% 증가 투사체 속도,
tree_sd,58426:1,50% increased Blind Effect,50% 증가 Blind 효과,
tree_sd,58496:1,20% increased Damage against Immobilised Enemies while Shapeshifted,20% 증가 피해 against Immobilised Enemies 동안 Shapeshifted,
tree_sd,58513:1,1% increased Movement Speed,1% 증가 이동 속도,
tree_sd,58513:2,8% increased Evasion Rating,8% 증가 회피 Rating,
tree_sd,58526:1,Gain Deflection Rating equal to 6% of Evasion Rating,획득 Deflection Rating equal에 6%의 회피 Rating,
tree_sd,58528:1,10% increased Melee Damage,10% 증가 근접 피해,
tree_sd,58539:1,3% reduced Movement Speed Penalty from using Skills while moving,3% 감소 이동 속도 Penalty에서 using Skills 동안 moving,
tree_sd,58574:1,30% reduced maximum Mana,30% 감소 최대 마나,
tree_sd,58591:1,20% less Attributes,20% less 능력치,
tree_sd,58591:2,Inherent bonuses gained from Attributes are doubled,Inherent bonuses 획득에서 능력치 are doubled,
tree_sd,5862:1,+5% to Lightning Resistance,+5%에 번개 저항,
tree_sd,58644:1,15% increased Magnitude of Bleeding you inflict against Enemies affected by Incision,15% 증가 Magnitude의 출혈 you inflict against Enemies affected by Incision,
tree_sd,58646:1,10% less Elemental Damage taken,10% less 원소 피해 taken,
tree_sd,58646:2,Adapt to the highest Elemental Damage Type of each Hit you take,Adapt에 the highest 원소 피해 Type의 each 명중 you take,
tree_sd,58646:3,10% less Damage taken of each Elemental Damage Type per matching Adaptation,10% less 피해 taken의 each 원소 피해 Type per matching Adaptation,
tree_sd,58651:1,Minions deal 10% increased Damage,소환수 deal 10% 증가 피해,
tree_sd,58704:1,Break Armour equal to 10% of Hit Damage dealt,파괴 방어도 equal에 10%의 명중 피해 dealt,
tree_sd,58714:1,Grenade Skills have +1 Cooldown Use,수류탄 Skills have +1 Cooldown 사용,
tree_sd,58718:1,10% increased Magnitude of Bleeding you inflict,10% 증가 Magnitude의 출혈 you inflict,
tree_sd,58747:1,Grants Skill: Time Freeze,Grants Skill: Time 동결,
tree_sd,58751:1,20% increased maximum Energy Shield,20% 증가 최대 에너지 보호막,
tree_sd,58779:1,Gain Deflection Rating equal to 6% of Evasion Rating,획득 Deflection Rating equal에 6%의 회피 Rating,
tree_sd,58783:1,8% increased amount of Life Leeched,8% 증가 amount의 생명력 Leeched,
tree_sd,58783:2,8% increased Armour and Evasion Rating while Leeching,8% 증가 방어도 및 회피 Rating 동안 Leeching,
tree_sd,58789:1,Gain additional Ailment Threshold equal to 8% of maximum Energy Shield,획득 추가 상태 이상 한계값 equal에 8%의 최대 에너지 보호막,
tree_sd,58789:2,Gain additional Stun Threshold equal to 8% of maximum Energy Shield,획득 추가 기절 한계값 equal에 8%의 최대 에너지 보호막,
tree_sd,58814:1,+5 to any Attribute,+5에 any 능력치,
tree_sd,58817:1,Attack Skills have +1 to maximum number of Summoned Ballista Totems,공격 Skills have +1에 최대 number의 Summoned Ballista Totems,
tree_sd,58817:2,15% increased Area of Effect while you have a Totem,15% 증가 범위의 효과 동안 you have a 토템,
tree_sd,58838:1,12% increased Stun Threshold,12% 증가 기절 한계값,
tree_sd,58848:1,20% chance for Attack Hits to apply Incision,20% 확률 동안 공격 명중에 apply Incision,
tree_sd,58926:1,15% increased Freeze Buildup,15% 증가 동결 누적,
tree_sd,58930:1,3% increased Cast Speed,3% 증가 시전 속도,
tree_sd,58932:1,Sacrificing Energy Shield does not interrupt Recharge,Sacrificing 에너지 보호막 does not interrupt 재충전,
tree_sd,58932:2,Sacrifice 5% of maximum Energy Shield when you Cast a Spell,Sacrifice 5%의 최대 에너지 보호막 when you 시전 a 주문,
tree_sd,58932:3,Spells for which this Sacrifice was fully made deal 30% more Damage,Spells 동안 which this Sacrifice was fully made deal 30% more 피해,
tree_sd,58939:1,40% increased Critical Hit Chance if you haven't dealt a Critical Hit Recently,40% 증가 치명타 확률 if you haven't dealt a 치명타 명중 Recently,
tree_sd,58971:1,15% increased Elemental Ailment Threshold,15% 증가 원소 상태 이상 한계값,
tree_sd,589:1,Gain 1 Rage on Melee Hit,획득 1 격노 시 근접 명중,
tree_sd,59006:1,8% reduced Skill Effect Duration,8% 감소 Skill 효과 지속시간,
tree_sd,59028:1,10% increased Projectile Damage,10% 증가 투사체 피해,
tree_sd,59039:1,20% increased Critical Damage Bonus,20% 증가 치명타 피해 보너스,
tree_sd,59053:1,Debuffs you inflict have 4% increased Slow Magnitude,Debuffs you inflict have 4% 증가 Slow Magnitude,
tree_sd,59053:2,20% increased Hinder Duration,20% 증가 Hinder 지속시간,
tree_sd,59061:1,20% increased Critical Damage Bonus if you haven't dealt a Critical Hit Recently,20% 증가 치명타 피해 보너스 if you haven't dealt a 치명타 명중 Recently,
tree_sd,59064:1,10% increased Effect of your Mark Skills,10% 증가 효과의 your 징표 Skills,
tree_sd,59070:1,30% increased Archon Buff duration,30% 증가 Archon Buff 지속시간,
tree_sd,59083:1,10% increased Ignite Magnitude,10% 증가 점화 Magnitude,
tree_sd,59093:1,+5 to any Attribute,+5에 any 능력치,
tree_sd,59136:1,12% increased Spell Damage,12% 증가 주문 피해,
tree_sd,59136:2,8% chance to Poison on Hit,8% 확률에 독 시 명중,
tree_sd,59180:1,10% increased Attack Damage,10% 증가 공격 피해,
tree_sd,59208:1,30% reduced Accuracy Rating while Surrounded,30% 감소 정확도 Rating 동안 포위,
tree_sd,59208:2,100% increased Attack Damage while Surrounded,100% 증가 공격 피해 동안 포위,
tree_sd,5920:1,6% increased Attack Area Damage,6% 증가 공격 범위 피해,
tree_sd,5920:2,4% increased Area of Effect for Attacks,4% 증가 범위의 효과 동안 공격,
tree_sd,59213:1,20% increased Stun Recovery,20% 증가 기절 Recovery,
tree_sd,59214:1,30% increased Curse Duration,30% 증가 저주 지속시간,
tree_sd,59214:2,Targets Cursed by you have 50% reduced Life Regeneration Rate,Targets Cursed by you have 50% 감소 생명력 재생 Rate,
tree_sd,59214:3,Enemies you Curse cannot Recharge Energy Shield,Enemies you 저주 cannot 재충전 에너지 보호막,
tree_sd,59256:1,10% increased Critical Hit Chance if you have Killed Recently,10% 증가 치명타 확률 if you have Killed Recently,
tree_sd,59263:1,25% increased Damage with Swords,25% 증가 피해 보유 Swords,
tree_sd,59289:1,15% increased Immobilisation buildup,15% 증가 Immobilisation 누적,
tree_sd,59303:1,30% increased Damage while you have an active Charm,30% 증가 피해 동안 you have an active 참,
tree_sd,59303:2,6% increased Movement Speed while you have an active Charm,6% 증가 이동 속도 동안 you have an active 참,
tree_sd,59342:1,12% increased amount of Life Leeched,12% 증가 amount의 생명력 Leeched,
tree_sd,59362:1,+5 to any Attribute,+5에 any 능력치,
tree_sd,59367:1,8% reduced Slowing Potency of Debuffs on You,8% 감소 Slowing Potency의 Debuffs 시 You,
tree_sd,59368:1,12% increased Stun Threshold,12% 증가 기절 한계값,
tree_sd,5936:1,10% increased Elemental Damage,10% 증가 원소 피해,
tree_sd,59372:1,25% more Damage against Heavy Stunned Enemies,25% more 피해 against Heavy Stunned Enemies,
tree_sd,59372:2,Your Hits are Crushing Blows,Your 명중 are Crushing Blows,
tree_sd,59376:1,+5 to any Attribute,+5에 any 능력치,
tree_sd,59387:1,Gain a Power Charge when you consume an Elemental Infusion,획득 a 권능 충전 when you consume an 원소 Infusion,
tree_sd,59390:1,20% increased Evasion Rating if you've consumed a Frenzy Charge Recently,20% 증가 회피 Rating if you've consumed a 격분 충전 Recently,
tree_sd,59425:1,3% of Damage taken Recouped as Life,3%의 피해 taken Recouped as 생명력,
tree_sd,59433:1,25% chance when you gain an Endurance Charge to gain an additional Endurance Charge,25% 확률 when you 획득 an 인내 충전에 획득 an 추가 인내 충전,
tree_sd,59446:1,10% increased Life Recovery from Flasks,10% 증가 생명력 Recovery에서 Flasks,
tree_sd,59466:1,Empowered Attacks deal 16% increased Damage,Empowered 공격 deal 16% 증가 피해,
tree_sd,59480:1,10% increased Attack Area Damage,10% 증가 공격 범위 피해,
tree_sd,59498:1,20% increased Presence Area of Effect,20% 증가 Presence 범위의 효과,
tree_sd,59503:1,8% increased Critical Hit Chance for Attacks,8% 증가 치명타 확률 동안 공격,
tree_sd,59503:2,8% increased Accuracy Rating,8% 증가 정확도 Rating,
tree_sd,59538:1,+5 to any Attribute,+5에 any 능력치,
tree_sd,59540:1,Every Third Slam skill that doesn't create Fissures which you use yourself causes 3 additional Aftershocks ahead and to each side of the initial area,Every Third 강타 skill that doesn't create Fissures which you 사용 yourself causes 3 추가 Aftershocks ahead 및에 each side의 the initial 범위,
tree_sd,59541:1,Minions have 40% increased maximum Life,소환수 have 40% 증가 최대 생명력,
tree_sd,59541:2,Minions have 10% reduced Life Recovery rate,소환수 have 10% 감소 생명력 Recovery rate,
tree_sd,59542:1,"Projectiles deal 0% more Hit damage to targets in the first 3.5 metres of their movement, scaling up with distance travelled to reach 20% after 7 metres","투사체 deal 0% more 명중 피해에 targets in the first 3.5 metres의 their 이동, scaling up 보유 distance travelled에 reach 20% after 7 metres",
tree_sd,59589:1,"150% of Strength Requirements from Boots, Gloves and Helmets also added to Armour","150%의 Strength Requirements에서 Boots, Gloves 및 Helmets also added에 방어도",
tree_sd,59596:1,25% increased Energy Shield Recharge Rate,25% 증가 에너지 보호막 재충전 Rate,
tree_sd,59596:2,Gain 20 Energy Shield when you Block,획득 20 에너지 보호막 when you 막기,
tree_sd,59600:1,25% increased Life Recovery from Flasks used when on Low Life,25% 증가 생명력 Recovery에서 Flasks used when 시 Low 생명력,
tree_sd,59603:1,3% of Damage taken Recouped as Life,3%의 피해 taken Recouped as 생명력,
tree_sd,5961:1,10% increased Lightning Damage,10% 증가 번개 피해,
tree_sd,59636:1,25% increased Mana Regeneration Rate,25% 증가 마나 재생 Rate,
tree_sd,59644:1,10% increased Magnitude of Poison you inflict,10% 증가 Magnitude의 독 you inflict,
tree_sd,59647:1,Companions have 12% increased maximum Life,Companions have 12% 증가 최대 생명력,
tree_sd,59647:2,10% increased Defences while your Companion is in your Presence,10% 증가 Defences 동안 your 동료 is in your Presence,
tree_sd,59651:1,Offering Skills have 20% increased Duration,공물 Skills have 20% 증가 지속시간,
tree_sd,59653:1,2% increased Movement Speed,2% 증가 이동 속도,
tree_sd,59661:1,15% increased Flammability Magnitude,15% 증가 Flammability Magnitude,
tree_sd,59661:2,Ignites you inflict deal Damage 4% faster,Ignites you inflict deal 피해 4% faster,
tree_sd,59694:1,18% increased Critical Damage Bonus with Quarterstaves,18% 증가 치명타 피해 보너스 보유 Quarterstaves,
tree_sd,59695:1,10% increased Mana Regeneration Rate,10% 증가 마나 재생 Rate,
tree_sd,59710:1,12% increased Spell Damage if you have Shapeshifted to Human form Recently,12% 증가 주문 피해 if you have Shapeshifted에 Human form Recently,
tree_sd,59720:1,100% increased Evasion Rating from Equipped Body Armour,100% 증가 회피 Rating에서 Equipped Body 방어도,
tree_sd,59759:1,+10% to Maximum Chaos Resistance,+10%에 최대 카오스 저항,
tree_sd,59759:2,Chaos Resistance is doubled,카오스 저항 is doubled,
tree_sd,59767:1,Break 25% increased Armour,파괴 25% 증가 방어도,
tree_sd,59767:2,12% increased Area of Effect for Attacks,12% 증가 범위의 효과 동안 공격,
tree_sd,59775:1,7% increased Chaos Damage,7% 증가 카오스 피해,
tree_sd,59777:1,+5 to any Attribute,+5에 any 능력치,
tree_sd,59779:1,+10 to Armour,+10에 방어도,
tree_sd,59779:2,+8 to Evasion Rating,+8에 회피 Rating,
tree_sd,59785:1,+5 to any Attribute,+5에 any 능력치,
tree_sd,59795:1,+5 to any Attribute,+5에 any 능력치,
tree_sd,59798:1,Gain additional Ailment Threshold equal to 12% of maximum Energy Shield,획득 추가 상태 이상 한계값 equal에 12%의 최대 에너지 보호막,
tree_sd,59799:1,Gain additional Stun Threshold equal to 12% of maximum Energy Shield,획득 추가 기절 한계값 equal에 12%의 최대 에너지 보호막,
tree_sd,59881:1,+5 to any Attribute,+5에 any 능력치,
tree_sd,59886:1,+15% of Armour also applies to Lightning Damage,+15%의 방어도 also applies에 번개 피해,
tree_sd,5988:1,15% increased Damage with Hits against Blinded Enemies,15% 증가 피해 보유 명중 against 실명 Enemies,
tree_sd,59908:1,10% increased Area of Effect for Skills used by Totems,10% 증가 범위의 효과 동안 Skills used by Totems,
tree_sd,59909:1,5% chance to not destroy Corpses when Consuming Corpses,5% 확률에 not destroy Corpses when Consuming Corpses,
tree_sd,59913:1,Grants Skill: Called Shots,Grants Skill: Called Shots,
tree_sd,59915:1,10% increased Projectile Damage,10% 증가 투사체 피해,
tree_sd,59938:1,30% increased Elemental Ailment Threshold,30% 증가 원소 상태 이상 한계값,
tree_sd,59938:2,15% reduced Slowing Potency of Debuffs on You,15% 감소 Slowing Potency의 Debuffs 시 You,
tree_sd,59945:1,+5 to any Attribute,+5에 any 능력치,
tree_sd,59:1,Curses you inflict have infinite Duration,Curses you inflict have infinite 지속시간,
tree_sd,59:2,You can apply an additional Curse,You can apply an 추가 저주,
tree_sd,60013:1,15% increased maximum Energy Shield,15% 증가 최대 에너지 보호막,
tree_sd,60014:1,3% increased Movement Speed,3% 증가 이동 속도,
tree_sd,60014:2,20% increased Bleeding Duration,20% 증가 출혈 지속시간,
tree_sd,60014:3,40% chance for Attack Hits to apply Incision,40% 확률 동안 공격 명중에 apply Incision,
tree_sd,60034:1,4% increased Attack Speed,4% 증가 공격 속도,
tree_sd,60034:2,"1% increased Attack Speed per 400 Accuracy Rating, up to 20%","1% 증가 공격 속도 per 400 정확도 Rating, up에 20%",
tree_sd,60064:1,10% increased Physical Damage,10% 증가 물리 피해,
tree_sd,60068:1,Gain 1 Rage on Melee Hit,획득 1 격노 시 근접 명중,
tree_sd,6006:1,15% increased maximum Energy Shield,15% 증가 최대 에너지 보호막,
tree_sd,60083:1,30% increased Pin Buildup,30% 증가 Pin 누적,
tree_sd,60083:2,5% increased Movement Speed if you've Pinned an Enemy Recently,5% 증가 이동 속도 if you've Pinned an Enemy Recently,
tree_sd,60085:1,10% increased Damage,10% 증가 피해,
tree_sd,6008:1,10% increased Spell Damage,10% 증가 주문 피해,
tree_sd,60107:1,10% increased Critical Hit Chance,10% 증가 치명타 확률,
tree_sd,6010:1,12% increased Accuracy Rating,12% 증가 정확도 Rating,
tree_sd,60138:1,Hits Break 30% increased Armour on targets with Ailments,명중 파괴 30% 증가 방어도 시 targets 보유 상태 이상,
tree_sd,60138:2,+10 to Strength,+10에 Strength,
tree_sd,60138:3,25% increased Physical Damage,25% 증가 물리 피해,
tree_sd,6015:1,+5 to any Attribute,+5에 any 능력치,
tree_sd,60173:1,12% increased Accuracy Rating with One Handed Melee Weapons,12% 증가 정확도 Rating 보유 One Handed 근접 Weapons,
tree_sd,60191:1,8% increased Bolt Speed,8% 증가 화살 속도,
tree_sd,60203:1,+8 to Strength,+8에 Strength,
tree_sd,60230:1,8% increased Elemental Damage,8% 증가 원소 피해,
tree_sd,60241:1,5% chance to inflict Bleeding on Hit,5% 확률에 inflict 출혈 시 명중,
tree_sd,60269:1,10% reduced Spell Area Damage,10% 감소 주문 범위 피해,
tree_sd,60269:2,Spell Skills have 25% increased Area of Effect,주문 Skills have 25% 증가 범위의 효과,
tree_sd,60273:1,Debuffs inflicted by Hazards have 30% increased Slow Magnitude,Debuffs inflicted by Hazards have 30% 증가 Slow Magnitude,
tree_sd,60273:2,30% increased Hazard Immobilisation buildup,30% 증가 Hazard Immobilisation 누적,
tree_sd,60274:1,15% increased Armour,15% 증가 방어도,
tree_sd,60298:1,Grants Skill: Temper Weapon,Grants Skill: Temper 무기,
tree_sd,6030:1,8% chance to Poison on Hit,8% 확률에 독 시 명중,
tree_sd,60323:1,+8% Surpassing chance to fire an additional Projectile,+8% Surpassing 확률에 화염 an 추가 투사체,
tree_sd,60324:1,Remnants can be collected from 20% further away,Remnants can be collected에서 20% further away,
tree_sd,60362:1,15% increased Critical Damage Bonus,15% 증가 치명타 피해 보너스,
tree_sd,60404:1,30% increased Stun Buildup,30% 증가 기절 누적,
tree_sd,60404:2,Damage with Hits is Lucky against Heavy Stunned Enemies,피해 보유 명중 is Lucky against Heavy Stunned Enemies,
tree_sd,60464:1,25% reduced Ignite Duration on you,25% 감소 점화 지속시간 시 you,
tree_sd,60464:2,40% increased Elemental Ailment Threshold,40% 증가 원소 상태 이상 한계값,
tree_sd,60480:1,8% increased Reservation Efficiency of Herald Skills,8% 증가 Reservation 효율의 Herald Skills,
tree_sd,60483:1,12% increased Lightning Damage,12% 증가 번개 피해,
tree_sd,60505:1,+5 to any Attribute,+5에 any 능력치,
tree_sd,60515:1,12% increased Cold Damage,12% 증가 냉기 피해,
tree_sd,60551:1,20% increased Presence Area of Effect,20% 증가 Presence 범위의 효과,
tree_sd,60560:1,20% increased Damage with Hits against Enemies that are on Full Life,20% 증가 피해 보유 명중 against Enemies that are 시 Full 생명력,
tree_sd,60568:1,20% increased Totem Placement speed,20% 증가 토템 Placement 속도,
tree_sd,60619:1,20% faster start of Energy Shield Recharge while Shapeshifted,20% faster start의 에너지 보호막 재충전 동안 Shapeshifted,
tree_sd,60619:2,20% increased Energy Shield Recharge Rate while Shapeshifted,20% 증가 에너지 보호막 재충전 Rate 동안 Shapeshifted,
tree_sd,60619:3,+1% to Maximum Lightning Resistance while Shapeshifted,+1%에 최대 번개 저항 동안 Shapeshifted,
tree_sd,60620:1,+8 to Strength,+8에 Strength,
tree_sd,60634:1,Carry a Chest which adds 20 Inventory Slots,Carry a Chest which adds 20 Inventory Slots,
tree_sd,60662:1,12% increased Elemental Damage,12% 증가 원소 피해,
tree_sd,60685:1,+5 to any Attribute,+5에 any 능력치,
tree_sd,60692:1,30% increased Elemental Damage if you've Ignited an Enemy Recently,30% 증가 원소 피해 if you've Ignited an Enemy Recently,
tree_sd,60700:1,20% increased Freeze Buildup with Empowered Attacks,20% 증가 동결 누적 보유 Empowered 공격,
tree_sd,60708:1,16% increased Damage with Bows,16% 증가 피해 보유 Bows,
tree_sd,60738:1,10% increased Life Recovery from Flasks,10% 증가 생명력 Recovery에서 Flasks,
tree_sd,60741:1,10% increased Elemental Damage,10% 증가 원소 피해,
tree_sd,60764:1,Increases and Reductions to Projectile Speed also apply to Damage with Bows,Increases 및 Reductions에 투사체 속도 also apply에 피해 보유 Bows,
tree_sd,6077:1,Minions have 20% increased Cooldown Recovery Rate for Command Skills,소환수 have 20% 증가 Cooldown Recovery Rate 동안 Command Skills,
tree_sd,6078:1,8% chance to Poison on Hit,8% 확률에 독 시 명중,
tree_sd,6079:1,3% of Damage taken Recouped as Life,3%의 피해 taken Recouped as 생명력,
tree_sd,60829:1,20% chance for Attack Hits to apply Incision,20% 확률 동안 공격 명중에 apply Incision,
tree_sd,60859:1,15% increased Charm Charges gained,15% 증가 참 충전 획득,
tree_sd,60886:1,20% increased Stun Recovery,20% 증가 기절 Recovery,
tree_sd,6088:1,30% chance to Poison on Hit against Enemies that are not Poisoned,30% 확률에 독 시 명중 against Enemies that are not Poisoned,
tree_sd,6088:2,80% increased Effect of Poison you inflict on targets that are not Poisoned,80% 증가 효과의 독 you inflict 시 targets that are not Poisoned,
tree_sd,60891:1,8% increased Accuracy Rating,8% 증가 정확도 Rating,
tree_sd,60899:1,3% reduced Movement Speed Penalty from using Skills while moving,3% 감소 이동 속도 Penalty에서 using Skills 동안 moving,
tree_sd,60913:1,Body Armour grants 15% increased maximum Life,Body 방어도 grants 15% 증가 최대 생명력,
tree_sd,60974:1,5% chance to create an additional Remnant,5% 확률에 create an 추가 Remnant,
tree_sd,60992:1,Life Recovery from your Flasks also applies to your Companions,생명력 Recovery에서 your Flasks also applies에 your Companions,
tree_sd,60:1,5% chance to Blind Enemies on Hit,5% 확률에 Blind Enemies 시 명중,
tree_sd,6100:1,20% increased Critical Damage Bonus,20% 증가 치명타 피해 보너스,
tree_sd,61026:1,Minions have +20% to all Elemental Resistances,소환수 have +20%에 모든 원소 저항,
tree_sd,61026:2,Minions have +5% to all Maximum Elemental Resistances,소환수 have +5%에 모든 최대 원소 저항,
tree_sd,61027:1,+20 to maximum Mana,+20에 최대 마나,
tree_sd,61027:2,20% increased Mana Regeneration Rate,20% 증가 마나 재생 Rate,
tree_sd,61039:1,Body Armour grants +75% to Fire Resistance,Body 방어도 grants +75%에 화염 저항,
tree_sd,61042:1,+5 to any Attribute,+5에 any 능력치,
tree_sd,61056:1,Meta Skills gain 8% increased Energy,Meta Skills 획득 8% 증가 에너지,
tree_sd,61063:1,Damage Penetrates 4% of Enemy Elemental Resistances,피해 Penetrates 4%의 Enemy 원소 저항,
tree_sd,61067:1,15% increased Critical Spell Damage Bonus,15% 증가 치명타 주문 피해 보너스,
tree_sd,6109:1,20% increased Evasion Rating,20% 증가 회피 Rating,
tree_sd,61104:1,50% chance to Knock Back Bleeding Enemies with Hits,50% 확률에 Knock Back 출혈 Enemies 보유 명중,
tree_sd,61106:1,2% increased Movement Speed,2% 증가 이동 속도,
tree_sd,61112:1,25% increased Damage with Spears,25% 증가 피해 보유 Spears,
tree_sd,61112:2,10% increased Attack Speed with Spears,10% 증가 공격 속도 보유 Spears,
tree_sd,61113:1,Minions deal 15% increased Damage,소환수 deal 15% 증가 피해,
tree_sd,61119:1,10% increased Poison Duration,10% 증가 독 지속시간,
tree_sd,61142:1,Recover 2% of maximum Life for each Endurance Charge consumed,Recover 2%의 최대 생명력 동안 each 인내 충전 consumed,
tree_sd,61149:1,20% increased Stun Recovery,20% 증가 기절 Recovery,
tree_sd,61170:1,10% increased Fire Damage,10% 증가 화염 피해,
tree_sd,61179:1,10% increased Critical Hit Chance for Spells,10% 증가 치명타 확률 동안 Spells,
tree_sd,61196:1,+5 to any Attribute,+5에 any 능력치,
tree_sd,61215:1,12% increased Stun Threshold,12% 증가 기절 한계값,
tree_sd,61246:1,10% increased Freeze Buildup,10% 증가 동결 누적,
tree_sd,61246:2,8% increased Elemental Damage,8% 증가 원소 피해,
tree_sd,61263:1,10% reduced Poison Duration on you,10% 감소 독 지속시간 시 you,
tree_sd,61267:1,Demonflame has no maximum,Demonflame has no 최대,
tree_sd,6127:1,Gain a stack of Jade every second,획득 a stack의 Jade every second,
tree_sd,6127:2,Grants Skill: Encase in Jade,Grants Skill: Encase in Jade,
tree_sd,61281:1,10% increased Damage with One Handed Weapons,10% 증가 피해 보유 One Handed Weapons,
tree_sd,61312:1,+5 to any Attribute,+5에 any 능력치,
tree_sd,61318:1,12% increased Armour and Evasion Rating,12% 증가 방어도 및 회피 Rating,
tree_sd,61333:1,10% increased Critical Hit Chance,10% 증가 치명타 확률,
tree_sd,61338:1,Damage Penetrates 15% Lightning Resistance,피해 Penetrates 15% 번개 저항,
tree_sd,61338:2,+10 to Dexterity,+10에 Dexterity,
tree_sd,6133:1,100% increased Defences from Equipped Shield,100% 증가 Defences에서 Equipped 방패,
tree_sd,61347:1,Projectiles have 12% increased Critical Hit Chance against Enemies further than 6m,투사체 have 12% 증가 치명타 확률 against Enemies further than 6m,
tree_sd,61354:1,+1 to maximum Fire Infusions,+1에 최대 화염 Infusions,
tree_sd,61355:1,4% of Damage is taken from Mana before Life,4%의 피해 is taken에서 마나 before 생명력,
tree_sd,61356:1,6% increased bonuses gained from Equipped Quiver,6% 증가 bonuses 획득에서 Equipped 화살통,
tree_sd,61362:1,10% increased Area Damage,10% 증가 범위 피해,
tree_sd,61367:1,Adds 1 to 7 Lightning damage to Attacks,Adds 1에 7 번개 피해에 공격,
tree_sd,61373:1,15% increased Damage with Hits against Blinded Enemies,15% 증가 피해 보유 명중 against 실명 Enemies,
tree_sd,61393:1,12% increased Damage while Shapeshifted,12% 증가 피해 동안 Shapeshifted,
tree_sd,61396:1,12% increased Armour and Evasion Rating,12% 증가 방어도 및 회피 Rating,
tree_sd,61403:1,+5 to any Attribute,+5에 any 능력치,
tree_sd,61404:1,30% increased Attack Damage if you've Cast a Spell Recently,30% 증가 공격 피해 if you've 시전 a 주문 Recently,
tree_sd,61404:2,10% increased Cast Speed if you've Attacked Recently,10% 증가 시전 속도 if you've Attacked Recently,
tree_sd,61409:1,+12 to Strength,+12에 Strength,
tree_sd,61421:1,Meta Skills gain 4% increased Energy,Meta Skills 획득 4% 증가 에너지,
tree_sd,61421:2,5% increased Critical Hit Chance,5% 증가 치명타 확률,
tree_sd,61429:1,8% increased Spell Damage,8% 증가 주문 피해,
tree_sd,61429:2,8% increased Attack Damage,8% 증가 공격 피해,
tree_sd,61438:1,+5 to any Attribute,+5에 any 능력치,
tree_sd,61441:1,3% increased Attack Speed with Swords,3% 증가 공격 속도 보유 Swords,
tree_sd,61444:1,25% increased Damage with Hits against Hindered Enemies,25% 증가 피해 보유 명중 against Hindered Enemies,
tree_sd,61444:2,15% chance to Hinder Enemies on Hit with Spells,15% 확률에 Hinder Enemies 시 명중 보유 Spells,
tree_sd,61461:1,10% increased Projectile Speed,10% 증가 투사체 속도,
tree_sd,61471:1,15% increased Damage,15% 증가 피해,
tree_sd,61471:2,Minions deal 15% increased Damage,소환수 deal 15% 증가 피해,
tree_sd,61472:1,+8 to Strength,+8에 Strength,
tree_sd,61487:1,30% increased Damage with Hits against Enemies that are on Low Life,30% 증가 피해 보유 명중 against Enemies that are 시 Low 생명력,
tree_sd,61490:1,+5 to any Attribute,+5에 any 능력치,
tree_sd,61493:1,+5 to all Attributes,+5에 모든 능력치,
tree_sd,61493:2,Gain additional Ailment Threshold equal to 16% of maximum Energy Shield,획득 추가 상태 이상 한계값 equal에 16%의 최대 에너지 보호막,
tree_sd,61493:3,Gain additional Stun Threshold equal to 16% of maximum Energy Shield,획득 추가 기절 한계값 equal에 16%의 최대 에너지 보호막,
tree_sd,61534:1,Regenerate 0.2% of maximum Life per second,Regenerate 0.2%의 최대 생명력 per second,
tree_sd,6153:1,10% increased Life Regeneration rate,10% 증가 생명력 재생 rate,
tree_sd,61601:1,+10 to Dexterity,+10에 Dexterity,
tree_sd,61601:2,20% increased Critical Hit Chance,20% 증가 치명타 확률,
tree_sd,61632:1,5% chance to Daze on Hit,5% 확률에 Daze 시 명중,
tree_sd,61632:2,20% increased Freeze Buildup with Quarterstaves,20% 증가 동결 누적 보유 Quarterstaves,
tree_sd,61703:1,30% increased Physical Damage while Shapeshifted,30% 증가 물리 피해 동안 Shapeshifted,
tree_sd,61718:1,15% increased Damage against Dazed Enemies,15% 증가 피해 against Dazed Enemies,
tree_sd,61722:1,+3% to all Elemental Resistances,+3%에 모든 원소 저항,
tree_sd,61741:1,10% increased Skill Effect Duration,10% 증가 Skill 효과 지속시간,
tree_sd,61741:2,40% increased Poison Duration,40% 증가 독 지속시간,
tree_sd,61768:1,Minions have +20% to Cold Resistance,소환수 have +20%에 냉기 저항,
tree_sd,61768:2,Minions have +3% to Maximum Cold Resistances,소환수 have +3%에 최대 냉기 저항s,
tree_sd,6178:1,15% reduced Attack Speed with Crossbows,15% 감소 공격 속도 보유 Crossbows,
tree_sd,6178:2,80% increased Critical Damage Bonus with Crossbows,80% 증가 치명타 피해 보너스 보유 Crossbows,
tree_sd,61796:1,20% increased Armour Break Duration,20% 증가 방어도 파괴 지속시간,
tree_sd,61800:1,40% increased Critical Damage Bonus against Enemies that are on Full Life,40% 증가 치명타 피해 보너스 against Enemies that are 시 Full 생명력,
tree_sd,61811:1,5% increased Skill Effect Duration,5% 증가 Skill 효과 지속시간,
tree_sd,61811:2,12% increased Physical Damage,12% 증가 물리 피해,
tree_sd,61835:1,8% increased Spell Damage,8% 증가 주문 피해,
tree_sd,61835:2,8% increased Attack Damage,8% 증가 공격 피해,
tree_sd,61836:1,Aura Skills have 5% increased Magnitudes,오라 Skills have 5% 증가 Magnitudes,
tree_sd,61842:1,Minions deal 12% increased Damage,소환수 deal 12% 증가 피해,
tree_sd,61847:1,10% increased Critical Hit Chance with Flails,10% 증가 치명타 확률 보유 Flails,
tree_sd,61863:1,8% increased Energy Shield Recharge Rate,8% 증가 에너지 보호막 재충전 Rate,
tree_sd,61863:2,8% increased Elemental Damage,8% 증가 원소 피해,
tree_sd,61896:1,10% increased Critical Hit Chance while Shapeshifted,10% 증가 치명타 확률 동안 Shapeshifted,
tree_sd,61897:1,15% increased Armour and Evasion Rating,15% 증가 방어도 및 회피 Rating,
tree_sd,61905:1,5% chance to inflict Bleeding on Hit,5% 확률에 inflict 출혈 시 명중,
tree_sd,61921:1,Damage Penetrates 8% Cold Resistance,피해 Penetrates 8% 냉기 저항,
tree_sd,61921:2,Damage Penetrates 15% Lightning Resistance,피해 Penetrates 15% 번개 저항,
tree_sd,61923:1,10% increased Mana Regeneration Rate,10% 증가 마나 재생 Rate,
tree_sd,61926:1,3% of Elemental Damage taken Recouped as Energy Shield,3%의 원소 피해 taken Recouped as 에너지 보호막,
tree_sd,61927:1,15% increased Magnitude of Jagged Ground you create,15% 증가 Magnitude의 Jagged Ground you create,
tree_sd,61934:1,12% increased Stun Threshold,12% 증가 기절 한계값,
tree_sd,61935:1,Gain 1 Rage on Melee Hit,획득 1 격노 시 근접 명중,
tree_sd,61938:1,15% increased Magnitude of Jagged Ground you create,15% 증가 Magnitude의 Jagged Ground you create,
tree_sd,61942:1,You can equip a non-Unique Sceptre while wielding a Talisman,You can equip a non-Unique Sceptre 동안 wielding a 부적,
tree_sd,61942:2,50% less Spirit,50% less 정신력,
tree_sd,61942:3,Non-Minion Skills have 50% less Reservation Efficiency,Non-소환수 Skills have 50% less Reservation 효율,
tree_sd,61973:1,Culling Strike,Culling Strike,
tree_sd,61976:1,+5 to any Attribute,+5에 any 능력치,
tree_sd,61977:1,15% increased Damage,15% 증가 피해,
tree_sd,61977:2,Minions deal 15% increased Damage,소환수 deal 15% 증가 피해,
tree_sd,61983:1,5% of Physical Damage taken as Cold Damage,5%의 물리 피해 taken as 냉기 피해,
tree_sd,61983:2,5% of Physical Damage taken as Fire Damage,5%의 물리 피해 taken as 화염 피해,
tree_sd,61983:3,5% of Physical Damage taken as Lightning Damage,5%의 물리 피해 taken as 번개 피해,
tree_sd,61983:4,Adaptations have a duration of 5 seconds,Adaptations have a 지속시간의 5 seconds,
tree_sd,61983:5,Double Adaptation Effect,Double Adaptation 효과,
tree_sd,61985:1,Targets can be affected by two of your Chills at the same time,Targets can be affected by two의 your Chills at the same time,
tree_sd,61985:2,Your Chills can Slow targets by up to a maximum of 35%,Your Chills can Slow targets by up에 a 최대의 35%,
tree_sd,61985:3,25% less Magnitude of Chill you inflict,25% less Magnitude의 냉각 you inflict,
tree_sd,61991:1,Cannot be Heavy Stunned while Sprinting,Cannot be Heavy Stunned 동안 Sprinting,
tree_sd,61991:2,50% less Movement Speed Penalty from using Skills while moving,50% less 이동 속도 Penalty에서 using Skills 동안 moving,
tree_sd,62001:1,25% increased Critical Damage Bonus with Daggers,25% 증가 치명타 피해 보너스 보유 Daggers,
tree_sd,62034:1,+30% of Armour also applies to Elemental Damage,+30%의 방어도 also applies에 원소 피해,
tree_sd,62039:1,10% increased Melee Damage,10% 증가 근접 피해,
tree_sd,62051:1,3% increased Movement Speed if you've Killed Recently,3% 증가 이동 속도 if you've Killed Recently,
tree_sd,62122:1,4% of Damage is taken from Mana before Life,4%의 피해 is taken에서 마나 before 생명력,
tree_sd,62153:1,15% increased Critical Spell Damage Bonus,15% 증가 치명타 주문 피해 보너스,
tree_sd,62159:1,3% of Damage taken Recouped as Life,3%의 피해 taken Recouped as 생명력,
tree_sd,62166:1,2% increased Attack Speed,2% 증가 공격 속도,
tree_sd,62166:2,5% increased Accuracy Rating,5% 증가 정확도 Rating,
tree_sd,62185:1,+20 to maximum Mana,+20에 최대 마나,
tree_sd,62185:2,50% increased Shock Duration,50% 증가 감전 지속시간,
tree_sd,62194:1,15% increased Pin Buildup,15% 증가 Pin 누적,
tree_sd,62200:1,10% increased Warcry Cooldown Recovery Rate,10% 증가 Warcry Cooldown Recovery Rate,
tree_sd,62216:1,Empowered Attacks deal 16% increased Damage,Empowered 공격 deal 16% 증가 피해,
tree_sd,6222:1,10% increased Damage while Shapeshifted,10% 증가 피해 동안 Shapeshifted,
tree_sd,62230:1,60% increased maximum Energy Shield,60% 증가 최대 에너지 보호막,
tree_sd,62230:2,20% slower start of Energy Shield Recharge,20% slower start의 에너지 보호막 재충전,
tree_sd,62258:1,20% increased Glory generation for Banner Skills,20% 증가 Glory generation 동안 깃발 Skills,
tree_sd,6229:1,40% increased Critical Damage Bonus with One Handed Melee Weapons,40% 증가 치명타 피해 보너스 보유 One Handed 근접 Weapons,
tree_sd,62303:1,10% increased Elemental Ailment Threshold,10% 증가 원소 상태 이상 한계값,
tree_sd,62303:2,5% reduced Slowing Potency of Debuffs on You,5% 감소 Slowing Potency의 Debuffs 시 You,
tree_sd,62310:1,60% increased Flammability Magnitude,60% 증가 Flammability Magnitude,
tree_sd,62310:2,30% increased Damage with Hits against Burning Enemies,30% 증가 피해 보유 명중 against Burning Enemies,
tree_sd,62313:1,+15% of Armour also applies to Fire Damage,+15%의 방어도 also applies에 화염 피해,
tree_sd,62341:1,5% increased Block chance,5% 증가 막기 확률,
tree_sd,62350:1,5% increased Flask Effect Duration,5% 증가 플라스크 효과 지속시간,
tree_sd,62350:2,2% increased Attack Speed,2% 증가 공격 속도,
tree_sd,62360:1,Empowered Attacks deal 16% increased Damage,Empowered 공격 deal 16% 증가 피해,
tree_sd,62376:1,4% reduced Skill Effect Duration,4% 감소 Skill 효과 지속시간,
tree_sd,62376:2,8% increased Physical Damage,8% 증가 물리 피해,
tree_sd,62378:1,20% increased Thorns damage,20% 증가 Thorns 피해,
tree_sd,62388:1,15% chance to inflict Bleeding on Critical Hit,15% 확률에 inflict 출혈 시 치명타 명중,
tree_sd,62427:1,4% increased Deflection Rating,4% 증가 Deflection Rating,
tree_sd,62431:1,Skills Supported by Unleash have 25% increased Seal gain frequency,Skills Supported by Unleash have 25% 증가 Seal 획득 frequency,
tree_sd,62436:1,15% increased maximum Energy Shield,15% 증가 최대 에너지 보호막,
tree_sd,62439:1,+10 to Maximum Rage while wielding an Axe,+10에 최대 격노 동안 wielding an Axe,
tree_sd,62455:1,Banner Buffs linger on you for 2 seconds after you leave the Area,깃발 Buffs linger 시 you 동안 2 seconds after you leave the 범위,
tree_sd,62464:1,15% increased Evasion Rating,15% 증가 회피 Rating,
tree_sd,62496:1,10% increased Trap Damage,10% 증가 덫 피해,
tree_sd,62498:1,+5 to any Attribute,+5에 any 능력치,
tree_sd,62505:1,+8 to Intelligence,+8에 지능,
tree_sd,62510:1,12% increased Elemental Damage with Attacks,12% 증가 원소 피해 보유 공격,
tree_sd,62518:1,+5% to Fire Resistance,+5%에 화염 저항,
tree_sd,62523:1,Enemies in your Presence have Exposure,Enemies in your Presence have Exposure,
tree_sd,62523:2,Gain 10% of Damage as Extra Damage of a random Element,획득 10%의 피해 as Extra 피해의 a random Element,
tree_sd,62542:1,10% increased Flask Charges gained,10% 증가 플라스크 충전 획득,
tree_sd,62578:1,3% chance to gain Volatility on Kill,3% 확률에 획득 Volatility 시 Kill,
tree_sd,62603:1,Damage Penetrates 6% Fire Resistance,피해 Penetrates 6% 화염 저항,
tree_sd,62609:1,Attacks used by Totems have 4% increased Attack Speed per Summoned Totem,공격 used by Totems have 4% 증가 공격 속도 per Summoned 토템,
tree_sd,62624:1,+30 to Evasion Rating,+30에 회피 Rating,
tree_sd,62624:2,+15 to maximum Energy Shield,+15에 최대 에너지 보호막,
tree_sd,62640:1,3% increased Attack Speed,3% 증가 공격 속도,
tree_sd,6266:1,10% increased Damage against Demons,10% 증가 피해 against Demons,
tree_sd,62677:1,+5 to any Attribute,+5에 any 능력치,
tree_sd,62679:1,Remnants can be collected from 20% further away,Remnants can be collected에서 20% further away,
tree_sd,6269:1,3% increased Attack Speed with Axes,3% 증가 공격 속도 보유 Axes,
tree_sd,62732:1,25% increased Stun Threshold,25% 증가 기절 한계값,
tree_sd,62732:2,20% increased Life Regeneration Rate while moving,20% 증가 생명력 재생 Rate 동안 moving,
tree_sd,6274:1,8% increased Accuracy Rating,8% 증가 정확도 Rating,
tree_sd,62757:1,15% increased Stun Buildup,15% 증가 기절 누적,
tree_sd,62785:1,Break 20% increased Armour,파괴 20% 증가 방어도,
tree_sd,62797:1,15% increased Area of Effect of Curses,15% 증가 범위의 효과의 Curses,
tree_sd,62803:1,Charms applied to you have 25% increased Effect,Charms applied에 you have 25% 증가 효과,
tree_sd,62804:1,10% increased Life Recovery rate per 5% missing Unreserved Life,10% 증가 생명력 Recovery rate per 5% missing Unreserved 생명력,
tree_sd,62841:1,12% increased Evasion Rating,12% 증가 회피 Rating,
tree_sd,62841:2,12% increased maximum Energy Shield,12% 증가 최대 에너지 보호막,
tree_sd,62844:1,Damage Penetrates 6% Cold Resistance,피해 Penetrates 6% 냉기 저항,
tree_sd,6287:1,+8 to Intelligence,+8에 지능,
tree_sd,62887:1,Minions have +22% to all Elemental Resistances,소환수 have +22%에 모든 원소 저항,
tree_sd,62887:2,Minions have +3% to all Maximum Elemental Resistances,소환수 have +3%에 모든 최대 원소 저항,
tree_sd,62914:1,12% increased Cold Damage,12% 증가 냉기 피해,
tree_sd,62936:1,4% of Damage is taken from Mana before Life,4%의 피해 is taken에서 마나 before 생명력,
tree_sd,6294:1,3% increased Cast Speed,3% 증가 시전 속도,
tree_sd,62963:1,40% reduced Magnitude of Ignite on you,40% 감소 Magnitude의 점화 시 you,
tree_sd,62963:2,Gain 15% of Damage as Extra Fire Damage while on Ignited Ground,획득 15%의 피해 as Extra 화염 피해 동안 시 Ignited Ground,
tree_sd,62973:1,10% increased total Power counted by Warcries,10% 증가 total 권능 counted by Warcries,
tree_sd,62984:1,24% increased Evasion Rating,24% 증가 회피 Rating,
tree_sd,62984:2,24% increased maximum Energy Shield,24% 증가 최대 에너지 보호막,
tree_sd,62986:1,12% increased Accuracy Rating with One Handed Melee Weapons,12% 증가 정확도 Rating 보유 One Handed 근접 Weapons,
tree_sd,62998:1,15% increased Electrocute Buildup,15% 증가 Electrocute 누적,
tree_sd,63002:1,Buffs on you expire 10% slower,Buffs 시 you expire 10% slower,
tree_sd,63009:1,Remnants can be collected from 20% further away,Remnants can be collected에서 20% further away,
tree_sd,63021:1,12% increased Fire Damage,12% 증가 화염 피해,
tree_sd,63031:1,Skills gain 1 Glory every 2 seconds for each Rare or Unique monster in your Presence,Skills 획득 1 Glory every 2 seconds 동안 each Rare or Unique monster in your Presence,
tree_sd,63037:1,30% increased Damage with Hits against Ignited Enemies,30% 증가 피해 보유 명중 against Ignited Enemies,
tree_sd,6304:1,Regenerate 1% of maximum Life per second while affected by any Damaging Ailment,Regenerate 1%의 최대 생명력 per second 동안 affected by any Damaging 상태 이상,
tree_sd,6304:2,Regenerate 1% of maximum Life per second while stationary,Regenerate 1%의 최대 생명력 per second 동안 stationary,
tree_sd,63064:1,30% faster start of Energy Shield Recharge,30% faster start의 에너지 보호막 재충전,
tree_sd,63064:2,30% increased Stun Threshold while on Full Life,30% 증가 기절 한계값 동안 시 Full 생명력,
tree_sd,63074:1,+1 to Level of all Chaos Skills,+1에 Level의 모든 카오스 Skills,
tree_sd,63085:1,12% increased Damage while Shapeshifted,12% 증가 피해 동안 Shapeshifted,
tree_sd,630:1,15% increased Critical Damage Bonus,15% 증가 치명타 피해 보너스,
tree_sd,63114:1,+5 to any Attribute,+5에 any 능력치,
tree_sd,63170:1,Totems gain +1% to all Maximum Elemental Resistances,Totems 획득 +1%에 모든 최대 원소 저항,
tree_sd,63170:2,Spells Cast by Totems have 2% increased Cast Speed,Spells 시전 by Totems have 2% 증가 시전 속도,
tree_sd,63170:3,Attacks used by Totems have 2% increased Attack Speed,공격 used by Totems have 2% 증가 공격 속도,
tree_sd,63182:1,Companions have 12% increased maximum Life,Companions have 12% 증가 최대 생명력,
tree_sd,63182:2,10% increased Defences while your Companion is in your Presence,10% 증가 Defences 동안 your 동료 is in your Presence,
tree_sd,63209:1,5% increased Damage,5% 증가 피해,
tree_sd,63209:2,Regenerate 0.1% of maximum Life per second,Regenerate 0.1%의 최대 생명력 per second,
tree_sd,63236:1,Meta Skills gain 35% more Energy,Meta Skills 획득 35% more 에너지,
tree_sd,63236:2,Meta Skills have 50% increased Reservation Efficiency,Meta Skills have 50% 증가 Reservation 효율,
tree_sd,63243:1,Allies in your Presence deal 20% increased Damage,동료 in your Presence deal 20% 증가 피해,
tree_sd,63243:2,10% reduced Damage,10% 감소 피해,
tree_sd,63246:1,8% increased Elemental Ailment Threshold,8% 증가 원소 상태 이상 한계값,
tree_sd,63246:2,Companions have +12% to all Elemental Resistances,Companions have +12%에 모든 원소 저항,
tree_sd,63254:1,"Evasion Rating from Equipped Helmet, Gloves and Boots is doubled","회피 Rating에서 Equipped Helmet, Gloves 및 Boots is doubled",
tree_sd,63254:2,Evasion Rating from Equipped Body Armour is halved,회피 Rating에서 Equipped Body 방어도 is halved,
tree_sd,63255:1,50% increased Evasion Rating if you've consumed a Frenzy Charge Recently,50% 증가 회피 Rating if you've consumed a 격분 충전 Recently,
tree_sd,63255:2,+1 to Maximum Frenzy Charges,+1에 최대 격분 충전,
tree_sd,63259:1,+2 to Level of all Skills with a Dexterity requirement,+2에 Level의 모든 Skills 보유 a Dexterity requirement,
tree_sd,63267:1,12% increased Attack Damage while Dual Wielding,12% 증가 공격 피해 동안 Dual Wielding,
tree_sd,632:1,3% increased Attack Speed with Daggers,3% 증가 공격 속도 보유 Daggers,
tree_sd,6330:1,8% increased Attack Damage,8% 증가 공격 피해,
tree_sd,6330:2,8% increased Accuracy Rating,8% 증가 정확도 Rating,
tree_sd,63360:1,20% increased Glory generation for Banner Skills,20% 증가 Glory generation 동안 깃발 Skills,
tree_sd,63393:1,12% increased Stun Threshold,12% 증가 기절 한계값,
tree_sd,63400:1,Gain 8% of Physical Damage as Extra Cold Damage against Shocked Enemies,획득 8%의 물리 피해 as Extra 냉기 피해 against Shocked Enemies,
tree_sd,63400:2,Gain 8% of Physical Damage as Extra Lightning Damage against Chilled Enemies,획득 8%의 물리 피해 as Extra 번개 피해 against Chilled Enemies,
tree_sd,63401:1,+8% to Fire Resistance,+8%에 화염 저항,
tree_sd,63402:1,15% increased effect of Arcane Surge on you,15% 증가 효과의 Arcane Surge 시 you,
tree_sd,63431:1,30% increased Magnitude of Poison you inflict,30% 증가 Magnitude의 독 you inflict,
tree_sd,63431:2,Recover 2% of maximum Life on Killing a Poisoned Enemy,Recover 2%의 최대 생명력 시 Killing a Poisoned Enemy,
tree_sd,63445:1,3% increased Attack Speed,3% 증가 공격 속도,
tree_sd,63451:1,30% increased Stun Buildup,30% 증가 기절 누적,
tree_sd,63451:2,Gain an Endurance Charge when you Heavy Stun a Rare or Unique Enemy,획득 an 인내 충전 when you Heavy 기절 a Rare or Unique Enemy,
tree_sd,63469:1,2% increased Skill Speed,2% 증가 Skill 속도,
tree_sd,63469:2,5% increased Mana Regeneration Rate,5% 증가 마나 재생 Rate,
tree_sd,63470:1,6% of Skill Mana Costs Converted to Life Costs,6%의 Skill 마나 Costs Converted에 생명력 Costs,
tree_sd,63484:1,40% increased Flammability Magnitude,40% 증가 Flammability Magnitude,
tree_sd,63517:1,10% increased Mana Recovery from Flasks,10% 증가 마나 Recovery에서 Flasks,
tree_sd,63525:1,8% increased Critical Hit Chance for Attacks,8% 증가 치명타 확률 동안 공격,
tree_sd,63525:2,6% increased Accuracy Rating,6% 증가 정확도 Rating,
tree_sd,63526:1,+5 to any Attribute,+5에 any 능력치,
tree_sd,63541:1,Prevent +15% of Damage from Deflected Critical Hits,Prevent +15%의 피해에서 Deflected 치명타,
tree_sd,63545:1,Minions deal 10% increased Damage,소환수 deal 10% 증가 피해,
tree_sd,6355:1,15% increased Totem Damage,15% 증가 토템 피해,
tree_sd,63566:1,+5 to any Attribute,+5에 any 능력치,
tree_sd,6356:1,4% increased Skill Effect Duration,4% 증가 Skill 효과 지속시간,
tree_sd,6356:2,8% increased Physical Damage,8% 증가 물리 피해,
tree_sd,63579:1,Ignore all Movement Penalties from Armour,Ignore 모든 이동 Penalties에서 방어도,
tree_sd,63579:2,5% reduced Slowing Potency of Debuffs on You,5% 감소 Slowing Potency의 Debuffs 시 You,
tree_sd,63585:1,50% increased Electrocute Buildup against Shocked Enemies,50% 증가 Electrocute 누적 against Shocked Enemies,
tree_sd,63585:2,50% increased Shock Chance against Electrocuted Enemies,50% 증가 감전 확률 against Electrocuted Enemies,
tree_sd,63600:1,15% increased Electrocute Buildup,15% 증가 Electrocute 누적,
tree_sd,63610:1,10% increased Blind Effect,10% 증가 Blind 효과,
tree_sd,63618:1,Companions have 12% increased maximum Life,Companions have 12% 증가 최대 생명력,
tree_sd,63618:2,10% increased Defences while your Companion is in your Presence,10% 증가 Defences 동안 your 동료 is in your Presence,
tree_sd,63659:1,25% increased Critical Hit Chance with Traps,25% 증가 치명타 확률 보유 Traps,
tree_sd,63668:1,Triggered Spells deal 14% increased Spell Damage,Triggered Spells deal 14% 증가 주문 피해,
tree_sd,63678:1,10% increased Armour while Shapeshifted,10% 증가 방어도 동안 Shapeshifted,
tree_sd,63678:2,+5% of Armour also applies to Elemental Damage while Shapeshifted,+5%의 방어도 also applies에 원소 피해 동안 Shapeshifted,
tree_sd,63679:1,18% increased Projectile Stun Buildup,18% 증가 투사체 기절 누적,
tree_sd,63713:1,Critical Hits ignore non-negative Enemy Monster Elemental Resistances,치명타 ignore non-negative Enemy Monster 원소 저항,
tree_sd,63731:1,16% increased Attack Damage against Rare or Unique Enemies,16% 증가 공격 피해 against Rare or Unique Enemies,
tree_sd,63732:1,30% increased Damage with Hits against Enemies that are on Low Life,30% 증가 피해 보유 명중 against Enemies that are 시 Low 생명력,
tree_sd,63739:1,Recover 3% of Maximum Life when you collect a Remnant,Recover 3%의 최대 생명력 when you collect a Remnant,
tree_sd,63759:1,Targets can be affected by +1 of your Poisons at the same time,Targets can be affected by +1의 your Poisons at the same time,
tree_sd,63759:2,20% reduced Magnitude of Poison you inflict,20% 감소 Magnitude의 독 you inflict,
tree_sd,63762:1,Gain Deflection Rating equal to 6% of Evasion Rating,획득 Deflection Rating equal에 6%의 회피 Rating,
tree_sd,63772:1,6% increased Cooldown Recovery Rate,6% 증가 Cooldown Recovery Rate,
tree_sd,63790:1,20% increased Melee Damage against Immobilised Enemies,20% 증가 근접 피해 against Immobilised Enemies,
tree_sd,63813:1,16% increased Warcry Speed,16% 증가 Warcry 속도,
tree_sd,63814:1,5% chance to inflict Bleeding on Hit,5% 확률에 inflict 출혈 시 명중,
tree_sd,63828:1,6% increased Ballista Critical Damage Bonus,6% 증가 Ballista 치명타 피해 보너스,
tree_sd,63828:2,10% increased Ballista Critical Hit Chance,10% 증가 Ballista 치명타 확률,
tree_sd,63830:1,Enemies you Mark have 10% reduced Accuracy Rating,Enemies you 징표 have 10% 감소 정확도 Rating,
tree_sd,63830:2,Enemies you Mark take 10% increased Damage,Enemies you 징표 take 10% 증가 피해,
tree_sd,63863:1,12% increased Lightning Damage,12% 증가 번개 피해,
tree_sd,63888:1,+5 to any Attribute,+5에 any 능력치,
tree_sd,63891:1,7% increased Chaos Damage,7% 증가 카오스 피해,
tree_sd,63894:1,12% increased Spell Damage,12% 증가 주문 피해,
tree_sd,63926:1,Minions have +20% to Lightning Resistance,소환수 have +20%에 번개 저항,
tree_sd,63926:2,Minions have +3% to Maximum Lightning Resistances,소환수 have +3%에 최대 번개 저항s,
tree_sd,63979:1,10% increased Warcry Cooldown Recovery Rate,10% 증가 Warcry Cooldown Recovery Rate,
tree_sd,63981:1,30% increased Stun Recovery,30% 증가 기절 Recovery,
tree_sd,63981:2,30% increased Stun Threshold if you haven't been Stunned Recently,30% 증가 기절 한계값 if you haven't been Stunned Recently,
tree_sd,64031:1,Grants Skill: Unbound Avatar,Grants Skill: Unbound 화신,
tree_sd,64046:1,20% increased Elemental Infusion duration,20% 증가 원소 Infusion 지속시간,
tree_sd,64046:2,Remnants can be collected from 30% further away,Remnants can be collected에서 30% further away,
tree_sd,64050:1,12% increased Movement Speed while Sprinting,12% 증가 이동 속도 동안 Sprinting,
tree_sd,64056:1,5% chance to Daze on Hit,5% 확률에 Daze 시 명중,
tree_sd,64064:1,8% increased Accuracy Rating,8% 증가 정확도 Rating,
tree_sd,64083:1,20% increased Lightning Damage,20% 증가 번개 피해,
tree_sd,64119:1,40% increased Crossbow Reload Speed,40% 증가 쇠뇌 Reload 속도,
tree_sd,64139:1,Minions deal 10% increased Damage with Command Skills for each different type of Persistent Minion in your Presence,소환수 deal 10% 증가 피해 보유 Command Skills 동안 each different type의 Persistent 소환수 in your Presence,
tree_sd,64140:1,12% increased Elemental Damage with Attacks,12% 증가 원소 피해 보유 공격,
tree_sd,6416:1,12% increased Armour,12% 증가 방어도,
tree_sd,6416:2,12% increased maximum Energy Shield,12% 증가 최대 에너지 보호막,
tree_sd,64192:1,12% increased Stun Threshold,12% 증가 기절 한계값,
tree_sd,64213:1,10% increased Freeze Buildup,10% 증가 동결 누적,
tree_sd,64213:2,8% increased Elemental Damage,8% 증가 원소 피해,
tree_sd,64223:1,20% increased maximum Energy Shield,20% 증가 최대 에너지 보호막,
tree_sd,64239:1,Adds 1 to 37 Lightning damage to Attacks,Adds 1에 37 번개 피해에 공격,
tree_sd,64240:1,5% increased Skill Speed,5% 증가 Skill 속도,
tree_sd,64240:2,25% increased Physical Damage,25% 증가 물리 피해,
tree_sd,64284:1,8% increased Melee Damage,8% 증가 근접 피해,
tree_sd,64295:1,10% increased Critical Hit Chance with Traps,10% 증가 치명타 확률 보유 Traps,
tree_sd,64299:1,Aura Skills have 12% increased Magnitudes,오라 Skills have 12% 증가 Magnitudes,
tree_sd,64312:1,10% increased Damage with Two Handed Weapons,10% 증가 피해 보유 Two Handed Weapons,
tree_sd,64318:1,Damage Penetrates 4% of Enemy Elemental Resistances,피해 Penetrates 4%의 Enemy 원소 저항,
tree_sd,64324:1,4% increased Block chance,4% 증가 막기 확률,
tree_sd,64324:2,5% increased Stun Threshold,5% 증가 기절 한계값,
tree_sd,64325:1,10% increased Magnitude of Poison you inflict,10% 증가 Magnitude의 독 you inflict,
tree_sd,64327:1,12% increased Block chance,12% 증가 막기 확률,
tree_sd,64327:2,Your Heavy Stun buildup empties 50% faster,Your Heavy 기절 누적 empties 50% faster,
tree_sd,64345:1,10% increased Attack Damage,10% 증가 공격 피해,
tree_sd,64352:1,10% increased Lightning Damage,10% 증가 번개 피해,
tree_sd,64357:1,12% increased Armour,12% 증가 방어도,
tree_sd,64357:2,12% increased maximum Energy Shield,12% 증가 최대 에너지 보호막,
tree_sd,64370:1,+5 to any Attribute,+5에 any 능력치,
tree_sd,64379:1,12% increased Spell Damage,12% 증가 주문 피해,
tree_sd,64399:1,15% increased Critical Damage Bonus for Attack Damage,15% 증가 치명타 피해 보너스 동안 공격 피해,
tree_sd,64405:1,15% increased Totem Damage,15% 증가 토템 피해,
tree_sd,64415:1,5% chance to Daze on Hit,5% 확률에 Daze 시 명중,
tree_sd,64415:2,Gain 12% of Physical Damage as Extra Cold Damage against Dazed Enemies,획득 12%의 물리 피해 as Extra 냉기 피해 against Dazed Enemies,
tree_sd,64427:1,6% increased Power Charge Duration,6% 증가 권능 충전 지속시간,
tree_sd,64427:2,6% increased Elemental Infusion duration,6% 증가 원소 Infusion 지속시간,
tree_sd,64434:1,Gain Deflection Rating equal to 6% of Evasion Rating,획득 Deflection Rating equal에 6%의 회피 Rating,
tree_sd,64443:1,20% increased Stun Buildup,20% 증가 기절 누적,
tree_sd,64443:2,25% increased Attack Area Damage,25% 증가 공격 범위 피해,
tree_sd,64462:1,10% increased amount of Mana Leeched,10% 증가 amount의 마나 Leeched,
tree_sd,64471:1,+5 to any Attribute,+5에 any 능력치,
tree_sd,64474:1,15% faster start of Energy Shield Recharge,15% faster start의 에너지 보호막 재충전,
tree_sd,64488:1,Projectiles have 12% increased Critical Hit Chance against Enemies further than 6m,투사체 have 12% 증가 치명타 확률 against Enemies further than 6m,
tree_sd,64489:1,6% increased Area of Effect for Attacks,6% 증가 범위의 효과 동안 공격,
tree_sd,64492:1,3% increased Attack Speed with One Handed Melee Weapons,3% 증가 공격 속도 보유 One Handed 근접 Weapons,
tree_sd,64525:1,Your Hits cannot be Evaded by Heavy Stunned Enemies,Your 명중 cannot be Evaded by Heavy Stunned Enemies,
tree_sd,64543:1,40% increased Chill Duration on Enemies,40% 증가 냉각 지속시간 시 Enemies,
tree_sd,64543:2,40% increased Shock Duration,40% 증가 감전 지속시간,
tree_sd,64543:3,25% increased Magnitude of Chill you inflict,25% 증가 Magnitude의 냉각 you inflict,
tree_sd,64543:4,25% increased Magnitude of Shock you inflict,25% 증가 Magnitude의 감전 you inflict,
tree_sd,64550:1,20% increased Damage against Immobilised Enemies,20% 증가 피해 against Immobilised Enemies,
tree_sd,64572:1,15% increased Freeze Buildup,15% 증가 동결 누적,
tree_sd,64591:1,Grants Skill: Ruzhan's Trap,Grants Skill: Ruzhan's 덫,
tree_sd,64601:1,Can Attack as though using a Quarterstaff while both of your hand slots are empty,Can 공격 as though using a 육척봉 동안 both의 your hand slots are empty,
tree_sd,64601:2,Unarmed Attacks that would use your Quarterstaff's damage gain:,Unarmed 공격 that would 사용 your Quarterstaff's 피해 획득:,
tree_sd,64601:3,Physical damage based on their Skill Level,물리 피해 based 시 their Skill Level,
tree_sd,64601:4,1% more Attack Speed per 75 Item Evasion Rating on Equipped Armour Items,1% more 공격 속도 per 75 Item 회피 Rating 시 Equipped 방어도 Items,
tree_sd,64601:5,+0.1% to Critical Hit Chance per 10 Item Energy Shield on Equipped Armour Items,+0.1%에 치명타 확률 per 10 Item 에너지 보호막 시 Equipped 방어도 Items,
tree_sd,64637:1,8% reduced Slowing Potency of Debuffs on You,8% 감소 Slowing Potency의 Debuffs 시 You,
tree_sd,64643:1,20% increased Power Charge Duration,20% 증가 권능 충전 지속시간,
tree_sd,64650:1,Cannot be Light Stunned if you haven't been Hit Recently,Cannot be Light Stunned if you haven't been 명중 Recently,
tree_sd,64653:1,Minions deal 16% increased Damage,소환수 deal 16% 증가 피해,
tree_sd,64659:1,20% reduced Slowing Potency of Debuffs on You,20% 감소 Slowing Potency의 Debuffs 시 You,
tree_sd,64659:2,Buffs on you expire 10% slower,Buffs 시 you expire 10% slower,
tree_sd,64665:1,6% increased Attack Damage,6% 증가 공격 피해,
tree_sd,64665:2,5% increased Accuracy Rating,5% 증가 정확도 Rating,
tree_sd,64690:1,15% increased Energy Shield Recharge Rate,15% 증가 에너지 보호막 재충전 Rate,
tree_sd,64700:1,5% chance to Daze on Hit,5% 확률에 Daze 시 명중,
tree_sd,64700:2,20% increased Freeze Buildup with Quarterstaves,20% 증가 동결 누적 보유 Quarterstaves,
tree_sd,64724:1,15% increased Flammability Magnitude,15% 증가 Flammability Magnitude,
tree_sd,64724:2,8% increased Ignite Magnitude,8% 증가 점화 Magnitude,
tree_sd,64747:1,6% increased chance to inflict Ailments,6% 증가 확률에 inflict 상태 이상,
tree_sd,64747:2,6% increased Duration of Damaging Ailments on Enemies,6% 증가 지속시간의 Damaging 상태 이상 시 Enemies,
tree_sd,64789:1,12% increased Mana Regeneration Rate,12% 증가 마나 재생 Rate,
tree_sd,64807:1,6% increased Attack Area Damage,6% 증가 공격 범위 피해,
tree_sd,64807:2,4% increased Area of Effect for Attacks,4% 증가 범위의 효과 동안 공격,
tree_sd,64819:1,6% increased Fire Damage,6% 증가 화염 피해,
tree_sd,64819:2,10% increased Armour,10% 증가 방어도,
tree_sd,64851:1,12% increased Block chance,12% 증가 막기 확률,
tree_sd,64851:2,20% increased Parried Debuff Duration,20% 증가 Parried Debuff 지속시간,
tree_sd,64870:1,10% increased Armour,10% 증가 방어도,
tree_sd,64870:2,+10% of Armour also applies to Fire Damage,+10%의 방어도 also applies에 화염 피해,
tree_sd,64900:1,10% increased Stun Buildup,10% 증가 기절 누적,
tree_sd,64900:2,Ancestrally Boosted Attacks deal 16% increased Damage,Ancestrally Boosted 공격 deal 16% 증가 피해,
tree_sd,6490:1,10% increased Critical Damage Bonus,10% 증가 치명타 피해 보너스,
tree_sd,64927:1,10% increased amount of Mana Leeched,10% 증가 amount의 마나 Leeched,
tree_sd,64939:1,10% increased Damage with Two Handed Weapons,10% 증가 피해 보유 Two Handed Weapons,
tree_sd,64948:1,Aura Skills have 5% increased Magnitudes,오라 Skills have 5% 증가 Magnitudes,
tree_sd,64962:1,Body Armour grants +100% of Armour also applies to Chaos Damage,Body 방어도 grants +100%의 방어도 also applies에 카오스 피해,
tree_sd,64990:1,+8 to Intelligence,+8에 지능,
tree_sd,64995:1,30% increased Damage with Hits against Enemies that are on Low Life,30% 증가 피해 보유 명중 against Enemies that are 시 Low 생명력,
tree_sd,64996:1,5% chance to inflict Bleeding on Hit,5% 확률에 inflict 출혈 시 명중,
tree_sd,65009:1,+5 to any Attribute,+5에 any 능력치,
tree_sd,65016:1,35% increased Damage with Hits against Burning Enemies,35% 증가 피해 보유 명중 against Burning Enemies,
tree_sd,65023:1,Defend with 150% of Armour against Hits from Enemies that are further than 6m away,Defend 보유 150%의 방어도 against 명중에서 Enemies that are further than 6m away,
tree_sd,6505:1,15% chance to Pierce an Enemy,15% 확률에 Pierce an Enemy,
tree_sd,65091:1,15% increased Evasion Rating,15% 증가 회피 Rating,
tree_sd,65149:1,10% increased effect of Fully Broken Armour,10% 증가 효과의 Fully Broken 방어도,
tree_sd,6514:1,40% increased Damage with Warcries,40% 증가 피해 보유 Warcries,
tree_sd,6514:2,Warcry Skills have 25% increased Area of Effect,Warcry Skills have 25% 증가 범위의 효과,
tree_sd,65160:1,30% increased Stun Buildup,30% 증가 기절 누적,
tree_sd,65160:2,30% increased Stun Threshold,30% 증가 기절 한계값,
tree_sd,65160:3,5% increased Strength,5% 증가 Strength,
tree_sd,65161:1,Gain Deflection Rating equal to 6% of Evasion Rating,획득 Deflection Rating equal에 6%의 회피 Rating,
tree_sd,6516:1,25% increased Stun Threshold if you haven't been Stunned Recently,25% 증가 기절 한계값 if you haven't been Stunned Recently,
tree_sd,65173:1,Physical Damage Reduction from Armour is based on your combined Armour and Evasion Rating,물리 피해 Reduction에서 방어도 is based 시 your combined 방어도 및 회피 Rating,
tree_sd,65173:2,35% less Evasion Rating,35% less 회피 Rating,
tree_sd,65176:1,10% increased Projectile Damage,10% 증가 투사체 피해,
tree_sd,65189:1,Damage Penetrates 6% of Enemy Elemental Resistances while Shapeshifted,피해 Penetrates 6%의 Enemy 원소 저항 동안 Shapeshifted,
tree_sd,65192:1,Spells Cast by Totems have 4% increased Cast Speed,Spells 시전 by Totems have 4% 증가 시전 속도,
tree_sd,65192:2,Attacks used by Totems have 4% increased Attack Speed,공격 used by Totems have 4% 증가 공격 속도,
tree_sd,65193:1,3% increased Attack Speed per Enemy in Close Range,3% 증가 공격 속도 per Enemy in Close Range,
tree_sd,65193:2,+10 to Dexterity,+10에 Dexterity,
tree_sd,65204:1,+2 to Maximum Power Charges,+2에 최대 권능 충전,
tree_sd,65207:1,8% reduced Slowing Potency of Debuffs on You,8% 감소 Slowing Potency의 Debuffs 시 You,
tree_sd,65212:1,8% reduced Slowing Potency of Debuffs on You,8% 감소 Slowing Potency의 Debuffs 시 You,
tree_sd,65243:1,30% increased Presence Area of Effect,30% 증가 Presence 범위의 효과,
tree_sd,65243:2,Aura Skills have 6% increased Magnitudes,오라 Skills have 6% 증가 Magnitudes,
tree_sd,65248:1,"10% increased Duration of Ignite, Shock and Chill on Enemies","10% 증가 지속시간의 점화, 감전 및 냉각 시 Enemies",
tree_sd,65256:1,50% increased Hazard Area of Effect,50% 증가 Hazard 범위의 효과,
tree_sd,65256:2,20% reduced Hazard Damage,20% 감소 Hazard 피해,
tree_sd,65265:1,12% increased Attack Speed if you've successfully Parried Recently,12% 증가 공격 속도 if you've successfully Parried Recently,
tree_sd,65265:2,6% increased Movement Speed if you've successfully Parried Recently,6% 증가 이동 속도 if you've successfully Parried Recently,
tree_sd,65287:1,15% increased Totem Damage,15% 증가 토템 피해,
tree_sd,65290:1,5% increased Lightning Damage,5% 증가 번개 피해,
tree_sd,65290:2,+3% to Lightning Resistance,+3%에 번개 저항,
tree_sd,6529:1,15% increased Armour,15% 증가 방어도,
tree_sd,65310:1,6% chance for Spell Skills to fire 2 additional Projectiles,6% 확률 동안 주문 Skills에 화염 2 추가 투사체,
tree_sd,65322:1,5% chance to inflict Bleeding on Hit,5% 확률에 inflict 출혈 시 명중,
tree_sd,65328:1,10% increased Damage,10% 증가 피해,
tree_sd,65328:2,Minions deal 10% increased Damage,소환수 deal 10% 증가 피해,
tree_sd,65393:1,8% increased Mana Cost Efficiency,8% 증가 마나 Cost 효율,
tree_sd,65413:1,12% increased Critical Hit Chance for Spells,12% 증가 치명타 확률 동안 Spells,
tree_sd,65424:1,12% increased Attack Damage while Dual Wielding,12% 증가 공격 피해 동안 Dual Wielding,
tree_sd,65437:1,15% faster start of Energy Shield Recharge,15% faster start의 에너지 보호막 재충전,
tree_sd,65439:1,Banner Skills have 12% increased Aura Magnitudes,깃발 Skills have 12% 증가 오라 Magnitudes,
tree_sd,6544:1,Gain 12% of Physical Damage as Extra Fire Damage,획득 12%의 물리 피해 as Extra 화염 피해,
tree_sd,65468:1,Grenades have 15% chance to activate a second time,수류탄 have 15% 확률에 activate a second time,
tree_sd,65472:1,15% increased Glory generation,15% 증가 Glory generation,
tree_sd,65493:1,15% reduced Presence Area of Effect,15% 감소 Presence 범위의 효과,
tree_sd,65493:2,6% increased Area of Effect,6% 증가 범위의 효과,
tree_sd,65498:1,Break 20% increased Armour,파괴 20% 증가 방어도,
tree_sd,65518:1,50% less Life Recovery from Flasks,50% less 생명력 Recovery에서 Flasks,
tree_sd,65518:2,Gain 1 Life Flask Charge per 4% Life spent,획득 1 생명력 플라스크 충전 per 4% 생명력 spent,
tree_sd,65518:3,"On Hitting an Enemy while a Life Flask is at full Charges, 40% of its Charges are consumed","On Hitting an Enemy 동안 a 생명력 플라스크 is at full 충전, 40%의 its 충전 are consumed",
tree_sd,65518:4,Gain 1% of damage as Physical damage for 3 seconds per Charge consumed this way,획득 1%의 피해 as 물리 피해 동안 3 seconds per 충전 consumed this way,
tree_sd,6596:1,4% increased Attack Speed while a Rare or Unique Enemy is in your Presence,4% 증가 공격 속도 동안 a Rare or Unique Enemy is in your Presence,
tree_sd,65:1,15% increased Freeze Buildup,15% 증가 동결 누적,
tree_sd,6623:1,Banner Skills have 12% increased Aura Magnitudes,깃발 Skills have 12% 증가 오라 Magnitudes,
tree_sd,6626:1,12% increased Armour and Evasion Rating,12% 증가 방어도 및 회피 Rating,
tree_sd,664:1,Remnants have 50% increased effect,Remnants have 50% 증가 효과,
tree_sd,664:2,Remnants can be collected from 50% further away,Remnants can be collected에서 50% further away,
tree_sd,664:3,All Flames of Chayula that you manifest are Purple,모든 화염의 Chayula that you manifest are Purple,
tree_sd,6655:1,10% chance to Aggravate Bleeding on targets you Hit with Attacks,10% 확률에 Aggravate 출혈 시 targets you 명중 보유 공격,
tree_sd,6660:1,12% increased Damage with Hits against Enemies affected by Elemental Ailments,12% 증가 피해 보유 명중 against Enemies affected by 원소 상태 이상,
tree_sd,6686:1,10% increased Mana Regeneration Rate,10% 증가 마나 재생 Rate,
tree_sd,6689:1,Attack Skills deal 10% increased Damage while holding a Shield,공격 Skills deal 10% 증가 피해 동안 holding a 방패,
tree_sd,6714:1,5% increased Life Regeneration rate,5% 증가 생명력 재생 rate,
tree_sd,6714:2,5% reduced effect of Curses on you,5% 감소 효과의 Curses 시 you,
tree_sd,6715:1,10% increased maximum Energy Shield,10% 증가 최대 에너지 보호막,
tree_sd,6715:2,6% increased Mana Regeneration Rate,6% 증가 마나 재생 Rate,
tree_sd,6735:1,10% increased Armour while Shapeshifted,10% 증가 방어도 동안 Shapeshifted,
tree_sd,6735:2,+5% of Armour also applies to Elemental Damage while Shapeshifted,+5%의 방어도 also applies에 원소 피해 동안 Shapeshifted,
tree_sd,6744:1,+5 to any Attribute,+5에 any 능력치,
tree_sd,6748:1,4% of Damage is taken from Mana before Life,4%의 피해 is taken에서 마나 before 생명력,
tree_sd,6752:1,12% increased Fire Damage,12% 증가 화염 피해,
tree_sd,6772:1,+5 to any Attribute,+5에 any 능력치,
tree_sd,6789:1,8% increased Projectile Damage,8% 증가 투사체 피해,
tree_sd,6792:1,10% increased Projectile Damage,10% 증가 투사체 피해,
tree_sd,6800:1,11% increased Chaos Damage,11% 증가 카오스 피해,
tree_sd,6839:1,15% increased Stun Buildup,15% 증가 기절 누적,
tree_sd,6842:1,15% increased Stun Buildup,15% 증가 기절 누적,
tree_sd,6842:2,15% increased Freeze Buildup,15% 증가 동결 누적,
tree_sd,6872:1,+15% of Armour also applies to Cold Damage,+15%의 방어도 also applies에 냉기 피해,
tree_sd,6874:1,10% of Damage taken Recouped as Life while Channelling,10%의 피해 taken Recouped as 생명력 동안 집중 유지,
tree_sd,6891:1,15% increased Critical Damage Bonus,15% 증가 치명타 피해 보너스,
tree_sd,6898:1,10% increased Damage,10% 증가 피해,
tree_sd,6898:2,10% increased Critical Hit Chance,10% 증가 치명타 확률,
tree_sd,6898:3,+5 to Strength and Intelligence,+5에 Strength 및 지능,
tree_sd,6900:1,+1% to maximum Block chance,+1%에 최대 막기 확률,
tree_sd,6923:1,10% increased Damage with Two Handed Weapons,10% 증가 피해 보유 Two Handed Weapons,
tree_sd,6935:1,Sorcery Ward's Barrier can also take Physical and Chaos Damage from Hits,Sorcery Ward's 방벽 can also take 물리 및 카오스 피해에서 명중,
tree_sd,6950:1,10% increased Exposure Effect,10% 증가 Exposure 효과,
tree_sd,6951:1,10% increased Magnitude of Poison you inflict,10% 증가 Magnitude의 독 you inflict,
tree_sd,6952:1,6% increased Area of Effect for Attacks,6% 증가 범위의 효과 동안 공격,
tree_sd,6999:1,Totems gain +2% to all Maximum Elemental Resistances,Totems 획득 +2%에 모든 최대 원소 저항,
tree_sd,703:1,Gain additional Stun Threshold equal to 12% of maximum Energy Shield,획득 추가 기절 한계값 equal에 12%의 최대 에너지 보호막,
tree_sd,7049:1,30% increased Armour while Surrounded,30% 증가 방어도 동안 포위,
tree_sd,7054:1,6% increased Attack Area Damage,6% 증가 공격 범위 피해,
tree_sd,7054:2,4% increased Area of Effect for Attacks,4% 증가 범위의 효과 동안 공격,
tree_sd,7060:1,10% increased Life Recovery from Flasks,10% 증가 생명력 Recovery에서 Flasks,
tree_sd,7062:1,Bolts fired by Crossbow Attacks have 30% chance to not,화살 fired by 쇠뇌 공격 have 30% 확률에 not,
tree_sd,7062:2,expend Ammunition if you've Reloaded Recently,expend Ammunition if you've Reloaded Recently,
tree_sd,7066:1,5% increased Attack Speed with Bows,5% 증가 공격 속도 보유 Bows,
tree_sd,7068:1,25% increased bonuses gained from Equipped Rings and Amulets,25% 증가 bonuses 획득에서 Equipped Rings 및 Amulets,
tree_sd,7128:1,Gain 10% of Damage as Extra Physical Damage,획득 10%의 피해 as Extra 물리 피해,
tree_sd,7163:1,16% increased Attack Speed during any Flask Effect,16% 증가 공격 속도 during any 플라스크 효과,
tree_sd,7183:1,10% increased Life Recovery from Flasks,10% 증가 생명력 Recovery에서 Flasks,
tree_sd,71:1,4% reduced Skill Effect Duration,4% 감소 Skill 효과 지속시간,
tree_sd,71:2,8% increased Physical Damage,8% 증가 물리 피해,
tree_sd,7201:1,Projectiles deal 15% increased Damage with Hits against Enemies further than 6m,투사체 deal 15% 증가 피해 보유 명중 against Enemies further than 6m,
tree_sd,7204:1,15% increased Stun Buildup,15% 증가 기절 누적,
tree_sd,7218:1,+8 to Strength,+8에 Strength,
tree_sd,722:1,+5 to any Attribute,+5에 any 능력치,
tree_sd,7246:1,12% increased Mana Regeneration Rate,12% 증가 마나 재생 Rate,
tree_sd,7251:1,10% increased Attack Damage,10% 증가 공격 피해,
tree_sd,7258:1,10% increased Spell Damage,10% 증가 주문 피해,
tree_sd,7258:2,+10 to Strength,+10에 Strength,
tree_sd,7275:1,Gain 25% of Physical Damage as Extra Lightning Damage against Electrocuted Enemies,획득 25%의 물리 피해 as Extra 번개 피해 against Electrocuted Enemies,
tree_sd,7294:1,Break 10% increased Armour,파괴 10% 증가 방어도,
tree_sd,7294:2,6% increased Physical Damage,6% 증가 물리 피해,
tree_sd,7302:1,Final Repeat of Spells has 30% increased Area of Effect,Final Repeat의 Spells has 30% 증가 범위의 효과,
tree_sd,7338:1,20% increased Stun Recovery,20% 증가 기절 Recovery,
tree_sd,7338:2,Gain additional Stun Threshold equal to 30% of maximum Energy Shield,획득 추가 기절 한계값 equal에 30%의 최대 에너지 보호막,
tree_sd,7341:1,Gain 3 Rage when Hit by an Enemy,획득 3 격노 when 명중 by an Enemy,
tree_sd,7341:2,Every Rage also grants 2% increased Stun Threshold,Every 격노 also grants 2% 증가 기절 한계값,
tree_sd,7344:1,Recover 3% of maximum Life on Kill,Recover 3%의 최대 생명력 시 Kill,
tree_sd,7353:1,10% increased Critical Hit Chance,10% 증가 치명타 확률,
tree_sd,7378:1,12% increased Fire Damage,12% 증가 화염 피해,
tree_sd,7390:1,12% increased Armour and Evasion Rating,12% 증가 방어도 및 회피 Rating,
tree_sd,7392:1,12% increased Stun Threshold,12% 증가 기절 한계값,
tree_sd,7395:1,75% increased Thorns damage if you've Blocked Recently,75% 증가 Thorns 피해 if you've Blocked Recently,
tree_sd,7405:1,6% increased Mana Regeneration Rate,6% 증가 마나 재생 Rate,
tree_sd,7405:2,10% increased Magnitude of Shock you inflict,10% 증가 Magnitude의 감전 you inflict,
tree_sd,7412:1,15% increased Life Flask Charges gained,15% 증가 생명력 플라스크 충전 획득,
tree_sd,7424:1,15% increased maximum Energy Shield,15% 증가 최대 에너지 보호막,
tree_sd,7449:1,30% increased Stun Buildup,30% 증가 기절 누적,
tree_sd,7449:2,Hits Break 50% increased Armour on targets with Ailments,명중 파괴 50% 증가 방어도 시 targets 보유 상태 이상,
tree_sd,7465:1,12% increased Critical Hit Chance against Enemies that have entered your Presence Recently,12% 증가 치명타 확률 against Enemies that have entered your Presence Recently,
tree_sd,7473:1,Herald Skills deal 20% increased Damage,Herald Skills deal 20% 증가 피해,
tree_sd,750:1,Strikes deal Splash Damage,Strikes deal Splash 피해,
tree_sd,7526:1,+5 to any Attribute,+5에 any 능력치,
tree_sd,752:1,Minions deal 6% increased Damage,소환수 deal 6% 증가 피해,
tree_sd,752:2,6% increased Minion Duration,6% 증가 소환수 지속시간,
tree_sd,7542:1,10% increased Area Damage,10% 증가 범위 피해,
tree_sd,7542:2,12% increased Area of Effect if you have Stunned an Enemy Recently,12% 증가 범위의 효과 if you have Stunned an Enemy Recently,
tree_sd,7553:1,Companions have 20% increased maximum Life,Companions have 20% 증가 최대 생명력,
tree_sd,7553:2,5% of Damage from Hits is taken from your Damageable Companion's Life before you,5%의 피해에서 명중 is taken에서 your Damageable Companion's 생명력 before you,
tree_sd,7576:1,8% increased Attack Damage,8% 증가 공격 피해,
tree_sd,7604:1,+30 to Accuracy Rating,+30에 정확도 Rating,
tree_sd,7604:2,8% increased Melee Attack Speed,8% 증가 근접 공격 속도,
tree_sd,761:1,Minions have 25% increased Cooldown Recovery Rate for Command Skills,소환수 have 25% 증가 Cooldown Recovery Rate 동안 Command Skills,
tree_sd,7621:1,Gain 10% of Damage as Extra Lightning Damage,획득 10%의 피해 as Extra 번개 피해,
tree_sd,7621:2,25% chance on Shocking Enemies to created Shocked Ground,25% 확률 시 Shocking Enemies에 created Shocked Ground,
tree_sd,7628:1,+5 to any Attribute,+5에 any 능력치,
tree_sd,762:1,Minions deal 20% increased Damage,소환수 deal 20% 증가 피해,
tree_sd,7651:1,Arrows Pierce an additional Target,Arrows Pierce an 추가 Target,
tree_sd,7668:1,20% chance to Aggravate Bleeding on targets you Hit with Empowered Attacks,20% 확률에 Aggravate 출혈 시 targets you 명중 보유 Empowered 공격,
tree_sd,7668:2,Empowered Attacks deal 30% increased Damage,Empowered 공격 deal 30% 증가 피해,
tree_sd,770:1,3% increased maximum Mana,3% 증가 최대 마나,
tree_sd,7716:1,10% increased Armour,10% 증가 방어도,
tree_sd,7716:2,+5% of Armour also applies to Elemental Damage,+5%의 방어도 also applies에 원소 피해,
tree_sd,7720:1,Gain 1 Rage when your Hit Ignites a target,획득 1 격노 when your 명중 Ignites a target,
tree_sd,7721:1,15% increased Armour,15% 증가 방어도,
tree_sd,7721:2,Regenerate 0.5% of maximum Life per second,Regenerate 0.5%의 최대 생명력 per second,
tree_sd,7721:3,+10 to Strength,+10에 Strength,
tree_sd,7741:1,+5 to any Attribute,+5에 any 능력치,
tree_sd,7777:1,10% increased Duration of Elemental Ailments on Enemies,10% 증가 지속시간의 원소 상태 이상 시 Enemies,
tree_sd,7777:2,30% increased Magnitude of Non-Damaging Ailments you inflict,30% 증가 Magnitude의 Non-Damaging 상태 이상 you inflict,
tree_sd,7782:1,40% increased Magnitude of Bleeding you inflict against Pinned Enemies,40% 증가 Magnitude의 출혈 you inflict against Pinned Enemies,
tree_sd,7788:1,8% increased Knockback Distance,8% 증가 Knockback Distance,
tree_sd,7793:1,3% increased maximum Life,3% 증가 최대 생명력,
tree_sd,7809:1,Gain 4% of Damage as Extra Cold Damage,획득 4%의 피해 as Extra 냉기 피해,
tree_sd,7809:2,Gain 4% of Damage as Extra Lightning Damage,획득 4%의 피해 as Extra 번개 피해,
tree_sd,7809:3,+10 to Dexterity,+10에 Dexterity,
tree_sd,7847:1,"40% increased Endurance, Frenzy and Power Charge Duration","40% 증가 인내, 격분 및 권능 충전 지속시간",
tree_sd,7847:2,+10 to Dexterity,+10에 Dexterity,
tree_sd,7847:3,Skills have 10% chance to not remove Charges but still count as consuming them,Skills have 10% 확률에 not remove 충전 but still count as consuming them,
tree_sd,7878:1,5% increased Block chance,5% 증가 막기 확률,
tree_sd,7888:1,10% Chance to build an additional Combo on Hit,10% 확률에 build an 추가 Combo 시 명중,
tree_sd,7922:1,10% increased Flask Effect Duration,10% 증가 플라스크 효과 지속시간,
tree_sd,7947:1,Gain 15% of maximum Energy Shield as additional Freeze Threshold,획득 15%의 최대 에너지 보호막 as 추가 동결 한계값,
tree_sd,7971:1,10% increased Mana Regeneration Rate,10% 증가 마나 재생 Rate,
tree_sd,7972:1,20% increased Endurance Charge Duration,20% 증가 인내 충전 지속시간,
tree_sd,7979:1,"When you Consume a Charge, Trigger Elemental Surge to gain 3 Lightning Surges","When you Consume a 충전, Trigger 원소 Surge에 획득 3 번개 Surges",
tree_sd,7979:2,Grants Skill: Elemental Surge,Grants Skill: 원소 Surge,
tree_sd,7998:1,20% increased chance to Shock,20% 증가 확률에 감전,
tree_sd,8045:1,10% increased amount of Mana Leeched,10% 증가 amount의 마나 Leeched,
tree_sd,8092:1,10% increased Projectile Damage,10% 증가 투사체 피해,
tree_sd,8107:1,20% increased Glory generation,20% 증가 Glory generation,
tree_sd,8115:1,15% increased Pin Buildup,15% 증가 Pin 누적,
tree_sd,8143:1,+1 to Spirit for every 8 Item Energy Shield on Equipped Body Armour,+1에 정신력 동안 every 8 Item 에너지 보호막 시 Equipped Body 방어도,
tree_sd,8143:2,+1 to Spirit for every 20 Evasion Rating on Equipped Body Armour,+1에 정신력 동안 every 20 회피 Rating 시 Equipped Body 방어도,
tree_sd,8143:3,Cannot gain Spirit from Equipment,Cannot 획득 정신력에서 Equipment,
tree_sd,8145:1,Damage Penetrates 6% Fire Resistance,피해 Penetrates 6% 화염 저항,
tree_sd,8157:1,8% increased Reservation Efficiency of Herald Skills,8% 증가 Reservation 효율의 Herald Skills,
tree_sd,8171:1,20% increased Presence Area of Effect,20% 증가 Presence 범위의 효과,
tree_sd,8194:1,25% increased Stun Threshold if you haven't been Stunned Recently,25% 증가 기절 한계값 if you haven't been Stunned Recently,
tree_sd,8246:1,10% increased Attack Damage,10% 증가 공격 피해,
tree_sd,8248:1,10% increased Bleeding Duration,10% 증가 출혈 지속시간,
tree_sd,8248:2,20% chance for Attack Hits to apply Incision,20% 확률 동안 공격 명중에 apply Incision,
tree_sd,8249:1,8% increased Critical Hit Chance for Attacks,8% 증가 치명타 확률 동안 공격,
tree_sd,8249:2,6% increased Accuracy Rating,6% 증가 정확도 Rating,
tree_sd,8260:1,20% increased Armour Break Duration,20% 증가 방어도 파괴 지속시간,
tree_sd,8272:1,100 Passive Skill Points become Weapon Set Skill Points,100 Passive Skill Points become 무기 Set Skill Points,
tree_sd,8273:1,25% chance on Consuming a Shock on an Enemy to reapply it,25% 확률 시 Consuming a 감전 시 an Enemy에 reapply it,
tree_sd,829:1,25% increased Minion Duration,25% 증가 소환수 지속시간,
tree_sd,8302:1,15% increased Damage with Hits against Blinded Enemies,15% 증가 피해 보유 명중 against 실명 Enemies,
tree_sd,8349:1,15% increased Energy Shield Recharge Rate,15% 증가 에너지 보호막 재충전 Rate,
tree_sd,8357:1,Minions have 3% increased Attack and Cast Speed,소환수 have 3% 증가 공격 및 시전 속도,
tree_sd,8382:1,8% increased Energy Shield Recharge Rate,8% 증가 에너지 보호막 재충전 Rate,
tree_sd,8382:2,8% increased Elemental Damage,8% 증가 원소 피해,
tree_sd,8397:1,40% increased Spell Damage if one of your Minions has died Recently,40% 증가 주문 피해 if one의 your 소환수 has died Recently,
tree_sd,8406:1,+5 to any Attribute,+5에 any 능력치,
tree_sd,8415:1,Skills gain a Base Life Cost equal to Base Mana Cost,Skills 획득 a 기본 생명력 Cost equal에 기본 마나 Cost,
tree_sd,8415:2,Grants Skill: Life Remnants,Grants Skill: 생명력 Remnants,
tree_sd,8421:1,+5% to Cold Resistance,+5%에 냉기 저항,
tree_sd,8423:1,5% increased Attack Speed with Bows,5% 증가 공격 속도 보유 Bows,
tree_sd,8440:1,30% increased Damage with Hits against Enemies that are on Low Life,30% 증가 피해 보유 명중 against Enemies that are 시 Low 생명력,
tree_sd,8456:1,8% increased Freeze Buildup,8% 증가 동결 누적,
tree_sd,8456:2,8% increased Attack Cold Damage,8% 증가 공격 냉기 피해,
tree_sd,8483:1,35% increased Spell Area Damage,35% 증가 주문 범위 피해,
tree_sd,8483:2,Spell Skills have 10% reduced Area of Effect,주문 Skills have 10% 감소 범위의 효과,
tree_sd,8493:1,+5 to any Attribute,+5에 any 능력치,
tree_sd,8509:1,20% increased Critical Damage Bonus if you haven't dealt a Critical Hit Recently,20% 증가 치명타 피해 보너스 if you haven't dealt a 치명타 명중 Recently,
tree_sd,8510:1,Damaging Ailments deal damage 5% faster,Damaging 상태 이상 deal 피해 5% faster,
tree_sd,8522:1,Meta Skills gain 8% increased Energy,Meta Skills 획득 8% 증가 에너지,
tree_sd,8525:1,Body Armour grants regenerate 3% of maximum Life per second,Body 방어도 grants regenerate 3%의 최대 생명력 per second,
tree_sd,8531:1,50% increased Critical Hit Chance against Enemies that are on Full Life,50% 증가 치명타 확률 against Enemies that are 시 Full 생명력,
tree_sd,8535:1,25% increased Damage with Flails,25% 증가 피해 보유 Flails,
tree_sd,8540:1,10% increased Area of Effect of Curses,10% 증가 범위의 효과의 Curses,
tree_sd,8554:1,25% increased Fire Damage,25% 증가 화염 피해,
tree_sd,8554:2,15% increased Ignite Duration on Enemies,15% 증가 점화 지속시간 시 Enemies,
tree_sd,8560:1,10% increased Melee Damage,10% 증가 근접 피해,
tree_sd,8569:1,+5 to any Attribute,+5에 any 능력치,
tree_sd,8573:1,12% increased Damage with Bows,12% 증가 피해 보유 Bows,
tree_sd,858:1,7% increased Chaos Damage,7% 증가 카오스 피해,
tree_sd,8600:1,+5 to any Attribute,+5에 any 능력치,
tree_sd,8607:1,30% increased Mana Cost Efficiency of Attacks during any Mana Flask Effect,30% 증가 마나 Cost 효율의 공격 during any 마나 플라스크 효과,
tree_sd,8611:1,15% increased Area of Effect of Curses,15% 증가 범위의 효과의 Curses,
tree_sd,8616:1,+5 to any Attribute,+5에 any 능력치,
tree_sd,8631:1,10% increased Critical Hit Chance,10% 증가 치명타 확률,
tree_sd,8644:1,10% increased Trap Damage,10% 증가 덫 피해,
tree_sd,8660:1,Spell Skills have 15% increased Area of Effect,주문 Skills have 15% 증가 범위의 효과,
tree_sd,8693:1,30% increased Armour while Bleeding,30% 증가 방어도 동안 출혈,
tree_sd,8697:1,12% increased Elemental Damage with Attacks,12% 증가 원소 피해 보유 공격,
tree_sd,869:1,12% increased Armour,12% 증가 방어도,
tree_sd,869:2,12% faster start of Energy Shield Recharge,12% faster start의 에너지 보호막 재충전,
tree_sd,8723:1,30% increased Mana Regeneration Rate while Shocked,30% 증가 마나 재생 Rate 동안 Shocked,
tree_sd,8723:2,+500 to Armour while Frozen,+500에 방어도 동안 동결,
tree_sd,8723:3,21% increased Stun Threshold,21% 증가 기절 한계값,
tree_sd,8723:4,21% increased Elemental Ailment Threshold,21% 증가 원소 상태 이상 한계값,
tree_sd,8723:5,30% increased Life Regeneration rate while Ignited,30% 증가 생명력 재생 rate 동안 Ignited,
tree_sd,872:1,8% increased Global Defences while Channelling,8% 증가 Global Defences 동안 집중 유지,
tree_sd,8734:1,15% increased Energy Shield Recharge Rate,15% 증가 에너지 보호막 재충전 Rate,
tree_sd,8737:1,Minions deal 10% increased Damage,소환수 deal 10% 증가 피해,
tree_sd,8782:1,30% increased Spell Damage if you have consumed an Elemental Infusion Recently,30% 증가 주문 피해 if you have consumed an 원소 Infusion Recently,
tree_sd,8789:1,Companions deal 12% increased Damage,Companions deal 12% 증가 피해,
tree_sd,8789:2,Companions have 12% increased maximum Life,Companions have 12% 증가 최대 생명력,
tree_sd,8791:1,Companions gain your Strength,Companions 획득 your Strength,
tree_sd,8791:2,+15 to Strength,+15에 Strength,
tree_sd,8800:1,15% increased Melee Damage with Hits at Close Range,15% 증가 근접 피해 보유 명중 at Close Range,
tree_sd,8810:1,15% increased Skill Effect Duration,15% 증가 Skill 효과 지속시간,
tree_sd,8810:2,12% increased Cooldown Recovery Rate,12% 증가 Cooldown Recovery Rate,
tree_sd,8821:1,12% increased Lightning Damage,12% 증가 번개 피해,
tree_sd,8827:1,Life Leech effects are not removed when Unreserved Life is Filled,생명력 흡수 effects are not removed when Unreserved 생명력 is Filled,
tree_sd,8831:1,20% increased Critical Damage Bonus,20% 증가 치명타 피해 보너스,
tree_sd,8831:2,+10 to Strength,+10에 Strength,
tree_sd,8831:3,20% increased Physical Damage,20% 증가 물리 피해,
tree_sd,8850:1,10% increased Critical Hit Chance while Shapeshifted,10% 증가 치명타 확률 동안 Shapeshifted,
tree_sd,8852:1,15% increased amount of Life Leeched,15% 증가 amount의 생명력 Leeched,
tree_sd,8852:2,Leech Life 5% slower,흡수 생명력 5% slower,
tree_sd,8854:1,3% increased maximum Life,3% 증가 최대 생명력,
tree_sd,8867:1,You have Arcane Surge,You have Arcane Surge,
tree_sd,8875:1,15% increased Electrocute Buildup,15% 증가 Electrocute 누적,
tree_sd,8881:1,+4 to Maximum Rage,+4에 최대 격노,
tree_sd,8881:2,Inherent loss of Rage is 20% slower,Inherent loss의 격노 is 20% slower,
tree_sd,8896:1,100% increased Evasion Rating while Sprinting,100% 증가 회피 Rating 동안 Sprinting,
tree_sd,8904:1,Projectiles have 25% increased Critical Hit Chance against Enemies further than 6m,투사체 have 25% 증가 치명타 확률 against Enemies further than 6m,
tree_sd,8904:2,Projectiles deal 25% increased Damage with Hits against Enemies further than 6m,투사체 deal 25% 증가 피해 보유 명중 against Enemies further than 6m,
tree_sd,8908:1,12% increased Evasion Rating,12% 증가 회피 Rating,
tree_sd,8908:2,12% increased maximum Energy Shield,12% 증가 최대 에너지 보호막,
tree_sd,8916:1,Enemies you Heavy Stun while Shapeshifted are Intimidated for 6 seconds,Enemies you Heavy 기절 동안 Shapeshifted are Intimidated 동안 6 seconds,
tree_sd,8938:1,5% chance to inflict Bleeding on Hit,5% 확률에 inflict 출혈 시 명중,
tree_sd,8957:1,Minions have 20% increased Area of Effect,소환수 have 20% 증가 범위의 효과,
tree_sd,8957:2,Minions have 10% chance to inflict Withered on Hit,소환수 have 10% 확률에 inflict Withered 시 명중,
tree_sd,8957:3,Spells Gain 5% of Damage as extra Chaos Damage,Spells 획득 5%의 피해 as extra 카오스 피해,
tree_sd,8975:1,+5 to any Attribute,+5에 any 능력치,
tree_sd,8982:1,10% increased Freeze Buildup,10% 증가 동결 누적,
tree_sd,8982:2,6% increased Skill Effect Duration,6% 증가 Skill 효과 지속시간,
tree_sd,8983:1,Minions deal 12% increased Damage,소환수 deal 12% 증가 피해,
tree_sd,9009:1,Overgrown Plant Skills Break 50% increased Armour,Overgrown Plant Skills 파괴 50% 증가 방어도,
tree_sd,9018:1,20% increased Presence Area of Effect,20% 증가 Presence 범위의 효과,
tree_sd,9018:2,3% reduced Area of Effect,3% 감소 범위의 효과,
tree_sd,9020:1,25% increased Damage with Hits against Rare and Unique Enemies,25% 증가 피해 보유 명중 against Rare 및 Unique Enemies,
tree_sd,9020:2,20% increased Accuracy Rating against Rare or Unique Enemies,20% 증가 정확도 Rating against Rare or Unique Enemies,
tree_sd,9020:3,20% increased chance to inflict Ailments against Rare or Unique Enemies,20% 증가 확률에 inflict 상태 이상 against Rare or Unique Enemies,
tree_sd,9037:1,3% increased Skill Speed while Shapeshifted,3% 증가 Skill 속도 동안 Shapeshifted,
tree_sd,9046:1,10% increased Critical Hit Chance,10% 증가 치명타 확률,
tree_sd,904:1,8% increased Mana Regeneration Rate,8% 증가 마나 재생 Rate,
tree_sd,904:2,8% increased Critical Hit Chance,8% 증가 치명타 확률,
tree_sd,9050:1,3% increased Attack Speed,3% 증가 공격 속도,
tree_sd,9065:1,Minions deal 10% increased Damage,소환수 deal 10% 증가 피해,
tree_sd,9069:1,Triggered Spells deal 14% increased Spell Damage,Triggered Spells deal 14% 증가 주문 피해,
tree_sd,9085:1,Bleeding you inflict is Aggravated,출혈 you inflict is Aggravated,
tree_sd,9085:2,Base Bleeding Duration is 1 second,기본 출혈 지속시간 is 1 second,
tree_sd,9085:3,50% more Magnitude of Bleeding you inflict,50% more Magnitude의 출혈 you inflict,
tree_sd,9089:1,15% increased Evasion Rating,15% 증가 회피 Rating,
tree_sd,9106:1,Gain 2 Rage when Hit by an Enemy,획득 2 격노 when 명중 by an Enemy,
tree_sd,9112:1,25% increased Elemental Ailment Threshold,25% 증가 원소 상태 이상 한계값,
tree_sd,9141:1,10% increased Elemental Damage,10% 증가 원소 피해,
tree_sd,9151:1,Projectiles have 25% chance for an additional Projectile when Forking,투사체 have 25% 확률 동안 an 추가 투사체 when Forking,
tree_sd,9163:1,18% increased Armour,18% 증가 방어도,
tree_sd,9164:1,10% increased Damage with Two Handed Weapons,10% 증가 피해 보유 Two Handed Weapons,
tree_sd,917:1,12% increased Stun Threshold,12% 증가 기절 한계값,
tree_sd,9185:1,10% increased Critical Hit Chance,10% 증가 치명타 확률,
tree_sd,9187:1,25% increased Warcry Speed,25% 증가 Warcry 속도,
tree_sd,9187:2,20% increased Damage for each different Warcry you've used Recently,20% 증가 피해 동안 each different Warcry you've used Recently,
tree_sd,9199:1,+8% Surpassing chance to fire an additional Projectile,+8% Surpassing 확률에 화염 an 추가 투사체,
tree_sd,9217:1,10% increased Damage with One Handed Weapons,10% 증가 피해 보유 One Handed Weapons,
tree_sd,9226:1,10% of Damage is taken from Mana before Life,10%의 피해 is taken에서 마나 before 생명력,
tree_sd,9226:2,+15 to Intelligence,+15에 지능,
tree_sd,9227:1,75% increased Melee Damage with Spears while Surrounded,75% 증가 근접 피해 보유 Spears 동안 포위,
tree_sd,9227:2,40% increased Projectile Damage with Spears while there are no Enemies within 3m,40% 증가 투사체 피해 보유 Spears 동안 there are no Enemies within 3m,
tree_sd,9240:1,10% increased Damage with Spears,10% 증가 피해 보유 Spears,
tree_sd,9272:1,10% increased Pin duration,10% 증가 Pin 지속시간,
tree_sd,9275:1,2% increased Attack Speed,2% 증가 공격 속도,
tree_sd,9275:2,5% increased Accuracy Rating,5% 증가 정확도 Rating,
tree_sd,9290:1,30% increased Pin Buildup,30% 증가 Pin 누적,
tree_sd,9290:2,Bleeding you inflict on Pinned Enemies is Aggravated,출혈 you inflict 시 Pinned Enemies is Aggravated,
tree_sd,9294:1,Chance to Hit with Attacks can exceed 100%,확률에 명중 보유 공격 can exceed 100%,
tree_sd,9294:2,Gain additional Critical Hit Chance equal to 25% of excess chance to Hit with Attacks,획득 추가 치명타 확률 equal에 25%의 excess 확률에 명중 보유 공격,
tree_sd,9323:1,"+8 maximum Rage for each time you've used a Skill that Requires Glory in the past 6 seconds, up to 5 times","+8 최대 격노 동안 each time you've used a Skill that Requires Glory in the past 6 seconds, up에 5 times",
tree_sd,9324:1,8% increased Ignite Duration on Enemies,8% 증가 점화 지속시간 시 Enemies,
tree_sd,9328:1,50% increased Damage against Immobilised Enemies while Shapeshifted,50% 증가 피해 against Immobilised Enemies 동안 Shapeshifted,
tree_sd,9328:2,25% increased Stun buildup while Shapeshifted,25% 증가 기절 누적 동안 Shapeshifted,
tree_sd,934:1,+4 to Ailment Threshold per Dexterity,+4에 상태 이상 한계값 per Dexterity,
tree_sd,9352:1,6% increased Area of Effect for Attacks,6% 증가 범위의 효과 동안 공격,
tree_sd,9405:1,15% increased Evasion Rating,15% 증가 회피 Rating,
tree_sd,9411:1,25% increased Life Recovery from Flasks used when on Low Life,25% 증가 생명력 Recovery에서 Flasks used when 시 Low 생명력,
tree_sd,9414:1,16% increased Elemental Damage,16% 증가 원소 피해,
tree_sd,9417:1,16% increased Totem Life,16% 증가 토템 생명력,
tree_sd,9421:1,Damage Penetrates 15% Cold Resistance,피해 Penetrates 15% 냉기 저항,
tree_sd,9421:2,+10 to Intelligence,+10에 지능,
tree_sd,9441:1,15% increased Parry Hit Area of Effect,15% 증가 Parry 명중 범위의 효과,
tree_sd,9442:1,16% increased Warcry Speed,16% 증가 Warcry 속도,
tree_sd,9444:1,Quarterstaff Skills that consume Power Charges count as consuming an additional Power Charge,육척봉 Skills that consume 권능 충전 count as consuming an 추가 권능 충전,
tree_sd,9472:1,15% increased Projectile Speed,15% 증가 투사체 속도,
tree_sd,9472:2,12% increased Area of Effect for Attacks,12% 증가 범위의 효과 동안 공격,
tree_sd,9485:1,+5 to any Attribute,+5에 any 능력치,
tree_sd,94:1,15% increased Mana Regeneration Rate,15% 증가 마나 재생 Rate,
tree_sd,94:2,Recover 2% of maximum Mana on Kill,Recover 2%의 최대 마나 시 Kill,
tree_sd,9510:1,3% of Elemental Damage taken Recouped as Energy Shield,3%의 원소 피해 taken Recouped as 에너지 보호막,
tree_sd,9528:1,10% increased Warcry Cooldown Recovery Rate,10% 증가 Warcry Cooldown Recovery Rate,
tree_sd,9532:1,+4 to Strength,+4에 Strength,
tree_sd,9532:2,+4 to Dexterity,+4에 Dexterity,
tree_sd,9554:1,21% increased Chaos Damage,21% 증가 카오스 피해,
tree_sd,9554:2,11% increased Life Cost of Skills,11% 증가 생명력 Cost의 Skills,
tree_sd,9554:3,3% of Skill Mana Costs Converted to Life Costs,3%의 Skill 마나 Costs Converted에 생명력 Costs,
tree_sd,9568:1,16% increased Totem Life,16% 증가 토템 생명력,
tree_sd,9572:1,15% increased Melee Damage if you've dealt a Projectile Attack Hit in the past eight seconds,15% 증가 근접 피해 if you've dealt a 투사체 공격 명중 in the past eight seconds,
tree_sd,9583:1,10% increased amount of Life Leeched,10% 증가 amount의 생명력 Leeched,
tree_sd,9583:2,10% increased Physical Damage,10% 증가 물리 피해,
tree_sd,95:1,Minions deal 10% increased Damage,소환수 deal 10% 증가 피해,
tree_sd,9604:1,Life Leeched from Empowered Attacks is Instant,생명력 Leeched에서 Empowered 공격 is Instant,
tree_sd,9638:1,3% increased Skill Speed,3% 증가 Skill 속도,
tree_sd,9642:1,28% increased maximum Energy Shield,28% 증가 최대 에너지 보호막,
tree_sd,9642:2,Gain additional Ailment Threshold equal to 12% of maximum Energy Shield,획득 추가 상태 이상 한계값 equal에 12%의 최대 에너지 보호막,
tree_sd,9642:3,Gain additional Stun Threshold equal to 12% of maximum Energy Shield,획득 추가 기절 한계값 equal에 12%의 최대 에너지 보호막,
tree_sd,9652:1,15% of Damage taken from Deflected Hits Recouped as Life,15%의 피해 taken에서 Deflected 명중 Recouped as 생명력,
tree_sd,9663:1,+5% to Chaos Resistance,+5%에 카오스 저항,
tree_sd,968:1,6% increased Fire Damage,6% 증가 화염 피해,
tree_sd,968:2,5% increased Area of Effect,5% 증가 범위의 효과,
tree_sd,9703:1,10% increased Poison Duration,10% 증가 독 지속시간,
tree_sd,9710:1,Grants Skill: Bleeding Concoction,Grants Skill: 출혈 혼합물,
tree_sd,9736:1,Gain Ailment Threshold equal to the lowest of Evasion and Armour on your Boots,획득 상태 이상 한계값 equal에 the lowest의 회피 및 방어도 시 your Boots,
tree_sd,9737:1,6% increased Area of Effect for Attacks,6% 증가 범위의 효과 동안 공격,
tree_sd,9745:1,2% increased Movement Speed,2% 증가 이동 속도,
tree_sd,9750:1,10% increased Warcry Cooldown Recovery Rate,10% 증가 Warcry Cooldown Recovery Rate,
tree_sd,9762:1,10% increased Damage with Swords,10% 증가 피해 보유 Swords,
tree_sd,9782:1,15% increased Critical Damage Bonus,15% 증가 치명타 피해 보너스,
tree_sd,9796:1,30% increased Flammability Magnitude,30% 증가 Flammability Magnitude,
tree_sd,9798:1,4% increased Skill Speed,4% 증가 Skill 속도,
tree_sd,97:1,3% increased Attack Speed,3% 증가 공격 속도,
tree_sd,9825:1,15% increased Elemental Ailment Threshold,15% 증가 원소 상태 이상 한계값,
tree_sd,9843:1,3% increased maximum Mana,3% 증가 최대 마나,
tree_sd,9857:1,5% chance to inflict Bleeding on Hit,5% 확률에 inflict 출혈 시 명중,
tree_sd,9896:1,Enemies in your Presence have 75% reduced Life Regeneration rate,Enemies in your Presence have 75% 감소 생명력 재생 rate,
tree_sd,989:1,15% increased Life Recovery from Flasks,15% 증가 생명력 Recovery에서 Flasks,
tree_sd,9908:1,15% increased Cost Efficiency of Attacks,15% 증가 Cost 효율의 공격,
tree_sd,9908:2,18% of Skill Mana Costs Converted to Life Costs,18%의 Skill 마나 Costs Converted에 생명력 Costs,
tree_sd,9918:1,10% increased Attack Area Damage,10% 증가 공격 범위 피해,
tree_sd,9928:1,+1% to Maximum Cold Resistance,+1%에 최대 냉기 저항,
tree_sd,9928:2,+10% to Cold Resistance,+10%에 냉기 저항,
tree_sd,9941:1,8% increased Accuracy Rating with One Handed Melee Weapons,8% 증가 정확도 Rating 보유 One Handed 근접 Weapons,
tree_sd,9941:2,8% increased Accuracy Rating with Two Handed Melee Weapons,8% 증가 정확도 Rating 보유 Two Handed 근접 Weapons,
tree_sd,9968:1,25% reduced Shock duration on you,25% 감소 감전 지속시간 시 you,
tree_sd,9968:2,40% increased Elemental Ailment Threshold,40% 증가 원소 상태 이상 한계값,
tree_sd,9988:1,Can only use a Normal Body Armour,Can only 사용 a Normal Body 방어도,
tree_sd,9988:2,+200 to Armour for each Connected Notable Passive Skill Allocated,+200에 방어도 동안 each Connected Notable Passive Skill Allocated,
tree_sd,9997:1,Body Armour grants 25% of Physical Damage from Hits taken as Fire Damage,Body 방어도 grants 25%의 물리 피해에서 명중 taken as 화염 피해,
